// CO_MOVE_TABLE generated: 39366 entries
// EO_MOVE_TABLE generated: 36864 entries
// UD_MOVE_TABLE generated: 8910 entries
pub const CO_MOVE_TABLE: [[u16; 18]; 2187] = [
    [0, 0, 0, 0, 0, 0, 820, 820, 0, 273, 273, 0, 240, 240, 0, 1946, 1946, 0],
    [1, 1, 1, 20, 6, 12, 91, 811, 81, 271, 31, 28, 241, 241, 1, 1703, 1216, 972],
    [2, 2, 2, 10, 3, 24, 1549, 829, 162, 278, 518, 56, 242, 242, 2, 1460, 486, 1944],
    [3, 3, 3, 2, 24, 10, 823, 823, 3, 243, 30, 270, 231, 213, 81, 1706, 1948, 732],
    [4, 4, 4, 19, 21, 22, 94, 814, 84, 250, 517, 298, 232, 214, 82, 1463, 1218, 1704],
    [5, 5, 5, 9, 18, 7, 1552, 832, 165, 248, 275, 245, 233, 215, 83, 1949, 491, 489],
    [6, 6, 6, 1, 12, 20, 826, 826, 6, 303, 516, 540, 222, 186, 162, 1466, 1950, 1464],
    [7, 7, 7, 18, 9, 5, 97, 817, 87, 301, 274, 487, 223, 187, 163, 1952, 1223, 249],
    [8, 8, 8, 11, 15, 17, 1555, 835, 168, 299, 32, 515, 224, 188, 164, 1709, 493, 1221],
    [9, 9, 9, 7, 5, 18, 819, 739, 729, 285, 525, 63, 159, 237, 27, 1469, 1953, 1467],
    [10, 10, 10, 24, 2, 3, 90, 730, 810, 283, 283, 10, 160, 238, 28, 1955, 1226, 252],
    [11, 11, 11, 17, 8, 15, 1548, 748, 891, 281, 41, 38, 161, 239, 29, 1712, 496, 1224],
    [12, 12, 12, 6, 20, 1, 822, 742, 732, 255, 282, 252, 150, 210, 108, 1958, 1958, 12],
    [13, 13, 13, 26, 26, 13, 93, 733, 813, 253, 40, 280, 151, 211, 109, 1715, 1228, 984],
    [14, 14, 14, 16, 23, 25, 1551, 751, 894, 260, 527, 308, 152, 212, 110, 1472, 498, 1956],
    [15, 15, 15, 8, 17, 11, 825, 745, 735, 306, 39, 522, 141, 183, 189, 1718, 1960, 744],
    [16, 16, 16, 25, 14, 23, 96, 736, 816, 313, 526, 550, 142, 184, 190, 1475, 1230, 1716],
    [17, 17, 17, 15, 11, 8, 1554, 754, 897, 311, 284, 497, 143, 185, 191, 1961, 503, 501],
    [18, 18, 18, 5, 7, 9, 821, 901, 1458, 288, 48, 45, 78, 234, 54, 1721, 1963, 747],
    [19, 19, 19, 22, 4, 21, 92, 892, 1539, 295, 535, 73, 79, 235, 55, 1478, 1233, 1719],
    [20, 20, 20, 12, 1, 6, 1550, 910, 1620, 293, 293, 20, 80, 236, 56, 1964, 506, 504],
    [21, 21, 21, 4, 22, 19, 824, 904, 1461, 267, 534, 315, 69, 207, 135, 1481, 1965, 1479],
    [22, 22, 22, 21, 19, 4, 95, 895, 1542, 265, 292, 262, 70, 208, 136, 1967, 1238, 264],
    [23, 23, 23, 14, 25, 16, 1553, 913, 1623, 263, 50, 290, 71, 209, 137, 1724, 508, 1236],
    [24, 24, 24, 3, 10, 2, 827, 907, 1464, 318, 291, 504, 60, 180, 216, 1970, 1970, 24],
    [25, 25, 25, 23, 16, 14, 98, 898, 1545, 316, 49, 532, 61, 181, 217, 1727, 1240, 996],
    [26, 26, 26, 13, 13, 26, 1556, 916, 1626, 323, 536, 560, 62, 182, 218, 1484, 510, 1968],
    [162, 486, 729, 28, 30, 45, 847, 847, 27, 33, 513, 54, 237, 159, 9, 1487, 1971, 1485],
    [163, 487, 730, 45, 27, 30, 118, 838, 108, 31, 271, 1, 238, 160, 10, 1973, 1244, 270],
    [164, 488, 731, 38, 33, 42, 1576, 856, 189, 29, 29, 29, 239, 161, 11, 1730, 514, 1242],
    [165, 489, 732, 27, 45, 28, 850, 850, 30, 3, 270, 243, 228, 132, 90, 1976, 1976, 30],
    [166, 490, 733, 47, 51, 40, 121, 841, 111, 1, 28, 271, 229, 133, 91, 1733, 1246, 1002],
    [167, 491, 734, 37, 48, 52, 1579, 859, 192, 8, 515, 299, 230, 134, 92, 1490, 516, 1974],
    [168, 492, 735, 29, 42, 38, 853, 853, 33, 54, 27, 513, 219, 105, 171, 1736, 1978, 762],
    [169, 493, 736, 46, 39, 50, 124, 844, 114, 61, 514, 541, 220, 106, 172, 1493, 1248, 1734],
    [170, 494, 737, 36, 36, 35, 1582, 862, 195, 59, 272, 488, 221, 107, 173, 1979, 521, 519],
    [171, 495, 738, 35, 35, 36, 846, 766, 756, 36, 36, 36, 156, 156, 36, 1739, 1981, 765],
    [172, 496, 739, 52, 32, 48, 117, 757, 837, 43, 523, 64, 157, 157, 37, 1496, 1251, 1737],
    [173, 497, 740, 42, 29, 33, 1575, 775, 918, 41, 281, 11, 158, 158, 38, 1982, 524, 522],
    [174, 498, 741, 34, 50, 46, 849, 769, 759, 15, 522, 306, 147, 129, 117, 1499, 1983, 1497],
    [175, 499, 742, 51, 47, 31, 120, 760, 840, 13, 280, 253, 148, 130, 118, 1985, 1256, 282],
    [176, 500, 743, 44, 53, 43, 1578, 778, 921, 11, 38, 281, 149, 131, 119, 1742, 526, 1254],
    [177, 501, 744, 33, 38, 29, 852, 772, 762, 66, 279, 495, 138, 102, 198, 1988, 1988, 42],
    [178, 502, 745, 53, 44, 41, 123, 763, 843, 64, 37, 523, 139, 103, 199, 1745, 1258, 1014],
    [179, 503, 746, 43, 41, 53, 1581, 781, 924, 71, 524, 551, 140, 104, 200, 1502, 528, 1986],
    [180, 504, 747, 30, 28, 27, 848, 928, 1485, 48, 288, 18, 75, 153, 63, 1991, 1991, 45],
    [181, 505, 748, 50, 34, 39, 119, 919, 1566, 46, 46, 46, 76, 154, 64, 1748, 1261, 1017],
    [182, 506, 749, 40, 31, 51, 1577, 937, 1647, 53, 533, 74, 77, 155, 65, 1505, 531, 1989],
    [183, 507, 750, 32, 52, 37, 851, 931, 1488, 18, 45, 288, 66, 126, 144, 1751, 1993, 777],
    [184, 508, 751, 49, 49, 49, 122, 922, 1569, 25, 532, 316, 67, 127, 145, 1508, 1263, 1749],
    [185, 509, 752, 39, 46, 34, 1580, 940, 1650, 23, 290, 263, 68, 128, 146, 1994, 536, 534],
    [186, 510, 753, 31, 40, 47, 854, 934, 1491, 78, 531, 558, 57, 99, 225, 1511, 1995, 1509],
    [187, 511, 754, 48, 37, 32, 125, 925, 1572, 76, 289, 505, 58, 100, 226, 1997, 1268, 294],
    [188, 512, 755, 41, 43, 44, 1583, 943, 1653, 74, 47, 533, 59, 101, 227, 1754, 538, 1266],
    [81, 243, 1458, 56, 60, 63, 874, 874, 54, 513, 33, 27, 234, 78, 18, 1757, 1999, 783],
    [82, 244, 1459, 73, 57, 75, 145, 865, 135, 520, 520, 55, 235, 79, 19, 1514, 1269, 1755],
    [83, 245, 1460, 63, 54, 60, 1603, 883, 216, 518, 278, 2, 236, 80, 20, 2000, 542, 540],
    [84, 246, 1461, 55, 75, 73, 877, 877, 57, 492, 519, 297, 225, 51, 99, 1517, 2001, 1515],
    [85, 247, 1462, 72, 72, 58, 148, 868, 138, 490, 277, 244, 226, 52, 100, 2003, 1274, 300],
    [86, 248, 1463, 65, 78, 70, 1606, 886, 219, 488, 35, 272, 227, 53, 101, 1760, 544, 1272],
    [87, 249, 1464, 54, 63, 56, 880, 880, 60, 543, 276, 486, 216, 24, 180, 2006, 2006, 60],
    [88, 250, 1465, 74, 69, 68, 151, 871, 141, 541, 34, 514, 217, 25, 181, 1763, 1276, 1032],
    [89, 251, 1466, 64, 66, 80, 1609, 889, 222, 548, 521, 542, 218, 26, 182, 1520, 546, 2004],
    [90, 252, 1467, 60, 56, 54, 873, 793, 783, 525, 285, 9, 153, 75, 45, 2009, 2009, 63],
    [91, 253, 1468, 80, 62, 66, 144, 784, 864, 523, 43, 37, 154, 76, 46, 1766, 1279, 1035],
    [92, 254, 1469, 70, 59, 78, 1602, 802, 945, 530, 530, 65, 155, 77, 47, 1523, 549, 2007],
    [93, 255, 1470, 62, 80, 64, 876, 796, 786, 495, 42, 279, 144, 48, 126, 1769, 2011, 795],
    [94, 256, 1471, 79, 77, 76, 147, 787, 867, 502, 529, 307, 145, 49, 127, 1526, 1281, 1767],
    [95, 257, 1472, 69, 74, 61, 1605, 805, 948, 500, 287, 254, 146, 50, 128, 2012, 554, 552],
    [96, 258, 1473, 61, 68, 74, 879, 799, 789, 555, 528, 549, 135, 21, 207, 1529, 2013, 1527],
    [97, 259, 1474, 78, 65, 59, 150, 790, 870, 553, 286, 496, 136, 22, 208, 2015, 1286, 312],
    [98, 260, 1475, 71, 71, 71, 1608, 808, 951, 551, 44, 524, 137, 23, 209, 1772, 556, 1284],
    [99, 261, 1476, 58, 58, 72, 875, 955, 1512, 537, 537, 72, 72, 72, 72, 1532, 2016, 1530],
    [100, 262, 1477, 75, 55, 57, 146, 946, 1593, 535, 295, 19, 73, 73, 73, 2018, 1289, 315],
    [101, 263, 1478, 68, 61, 69, 1604, 964, 1674, 533, 53, 47, 74, 74, 74, 1775, 559, 1287],
    [102, 264, 1479, 57, 73, 55, 878, 958, 1515, 507, 294, 261, 63, 45, 153, 2021, 2021, 75],
    [103, 265, 1480, 77, 79, 67, 149, 949, 1596, 505, 52, 289, 64, 46, 154, 1778, 1291, 1047],
    [104, 266, 1481, 67, 76, 79, 1607, 967, 1677, 512, 539, 317, 65, 47, 155, 1535, 561, 2019],
    [105, 267, 1482, 59, 70, 65, 881, 961, 1518, 558, 51, 531, 54, 18, 234, 1781, 2023, 807],
    [106, 268, 1483, 76, 67, 77, 152, 952, 1599, 565, 538, 559, 55, 19, 235, 1538, 1293, 1779],
    [107, 269, 1484, 66, 64, 62, 1610, 970, 1680, 563, 296, 506, 56, 20, 236, 2024, 566, 564],
    [1458, 54, 243, 83, 87, 90, 811, 91, 1, 351, 111, 108, 213, 231, 3, 1784, 2026, 810],
    [1459, 55, 244, 100, 84, 102, 82, 82, 82, 358, 598, 136, 214, 232, 4, 1541, 1296, 1782],
    [1460, 56, 245, 90, 81, 87, 1540, 100, 163, 356, 356, 83, 215, 233, 5, 2027, 569, 567],
    [1461, 57, 246, 82, 102, 100, 814, 94, 4, 330, 597, 378, 204, 204, 84, 1544, 2028, 1542],
    [1462, 58, 247, 99, 99, 85, 85, 85, 85, 328, 355, 325, 205, 205, 85, 2030, 1301, 327],
    [1463, 59, 248, 92, 105, 97, 1543, 103, 166, 326, 113, 353, 206, 206, 86, 1787, 571, 1299],
    [1464, 60, 249, 81, 90, 83, 817, 97, 7, 381, 354, 567, 195, 177, 165, 2033, 2033, 87],
    [1465, 61, 250, 101, 96, 95, 88, 88, 88, 379, 112, 595, 196, 178, 166, 1790, 1303, 1059],
    [1466, 62, 251, 91, 93, 107, 1546, 106, 169, 386, 599, 623, 197, 179, 167, 1547, 573, 2031],
    [1467, 63, 252, 87, 83, 81, 810, 10, 730, 363, 363, 90, 132, 228, 30, 2036, 2036, 90],
    [1468, 64, 253, 107, 89, 93, 81, 1, 811, 361, 121, 118, 133, 229, 31, 1793, 1306, 1062],
    [1469, 65, 254, 97, 86, 105, 1539, 19, 892, 368, 608, 146, 134, 230, 32, 1550, 576, 2034],
    [1470, 66, 255, 89, 107, 91, 813, 13, 733, 333, 120, 360, 123, 201, 111, 1796, 2038, 822],
    [1471, 67, 256, 106, 104, 103, 84, 4, 814, 340, 607, 388, 124, 202, 112, 1553, 1308, 1794],
    [1472, 68, 257, 96, 101, 88, 1542, 22, 895, 338, 365, 335, 125, 203, 113, 2039, 581, 579],
    [1473, 69, 258, 88, 95, 101, 816, 16, 736, 393, 606, 630, 114, 174, 192, 1556, 2040, 1554],
    [1474, 70, 259, 105, 92, 86, 87, 7, 817, 391, 364, 577, 115, 175, 193, 2042, 1313, 339],
    [1475, 71, 260, 98, 98, 98, 1545, 25, 898, 389, 122, 605, 116, 176, 194, 1799, 583, 1311],
    [1476, 72, 261, 85, 85, 99, 812, 172, 1459, 375, 615, 153, 51, 225, 57, 1559, 2043, 1557],
    [1477, 73, 262, 102, 82, 84, 83, 163, 1540, 373, 373, 100, 52, 226, 58, 2045, 1316, 342],
    [1478, 74, 263, 95, 88, 96, 1541, 181, 1621, 371, 131, 128, 53, 227, 59, 1802, 586, 1314],
    [1479, 75, 264, 84, 100, 82, 815, 175, 1462, 345, 372, 342, 42, 198, 138, 2048, 2048, 102],
    [1480, 76, 265, 104, 106, 94, 86, 166, 1543, 343, 130, 370, 43, 199, 139, 1805, 1318, 1074],
    [1481, 77, 266, 94, 103, 106, 1544, 184, 1624, 350, 617, 398, 44, 200, 140, 1562, 588, 2046],
    [1482, 78, 267, 86, 97, 92, 818, 178, 1465, 396, 129, 612, 33, 171, 219, 1808, 2050, 834],
    [1483, 79, 268, 103, 94, 104, 89, 169, 1546, 403, 616, 640, 34, 172, 220, 1565, 1320, 1806],
    [1484, 80, 269, 93, 91, 89, 1547, 187, 1627, 401, 374, 587, 35, 173, 221, 2051, 593, 591],
    [1620, 540, 972, 108, 108, 108, 838, 118, 28, 111, 351, 81, 210, 150, 12, 2054, 2054, 108],
    [1621, 541, 973, 128, 114, 120, 109, 109, 109, 109, 109, 109, 211, 151, 13, 1811, 1324, 1080],
    [1622, 542, 974, 118, 111, 132, 1567, 127, 190, 116, 596, 137, 212, 152, 14, 1568, 594, 2052],
    [1623, 543, 975, 110, 132, 118, 841, 121, 31, 81, 108, 351, 201, 123, 93, 1814, 2056, 840],
    [1624, 544, 976, 127, 129, 130, 112, 112, 112, 88, 595, 379, 202, 124, 94, 1571, 1326, 1812],
    [1625, 545, 977, 117, 126, 115, 1570, 130, 193, 86, 353, 326, 203, 125, 95, 2057, 599, 597],
    [1626, 546, 978, 109, 120, 128, 844, 124, 34, 141, 594, 621, 192, 96, 174, 1574, 2058, 1572],
    [1627, 547, 979, 126, 117, 113, 115, 115, 115, 139, 352, 568, 193, 97, 175, 2060, 1331, 357],
    [1628, 548, 980, 119, 123, 125, 1573, 133, 196, 137, 110, 596, 194, 98, 176, 1817, 601, 1329],
    [1629, 549, 981, 115, 113, 126, 837, 37, 757, 123, 603, 144, 129, 147, 39, 1577, 2061, 1575],
    [1630, 550, 982, 132, 110, 111, 108, 28, 838, 121, 361, 91, 130, 148, 40, 2063, 1334, 360],
    [1631, 551, 983, 125, 116, 123, 1566, 46, 919, 119, 119, 119, 131, 149, 41, 1820, 604, 1332],
    [1632, 552, 984, 114, 128, 109, 840, 40, 760, 93, 360, 333, 120, 120, 120, 2066, 2066, 120],
    [1633, 553, 985, 134, 134, 121, 111, 31, 841, 91, 118, 361, 121, 121, 121, 1823, 1336, 1092],
    [1634, 554, 986, 124, 131, 133, 1569, 49, 922, 98, 605, 389, 122, 122, 122, 1580, 606, 2064],
    [1635, 555, 987, 116, 125, 119, 843, 43, 763, 144, 117, 603, 111, 93, 201, 1826, 2068, 852],
    [1636, 556, 988, 133, 122, 131, 114, 34, 844, 151, 604, 631, 112, 94, 202, 1583, 1338, 1824],
    [1637, 557, 989, 123, 119, 116, 1572, 52, 925, 149, 362, 578, 113, 95, 203, 2069, 611, 609],
    [1638, 558, 990, 113, 115, 117, 839, 199, 1486, 126, 126, 126, 48, 144, 66, 1829, 2071, 855],
    [1639, 559, 991, 130, 112, 129, 110, 190, 1567, 133, 613, 154, 49, 145, 67, 1586, 1341, 1827],
    [1640, 560, 992, 120, 109, 114, 1568, 208, 1648, 131, 371, 101, 50, 146, 68, 2072, 614, 612],
    [1641, 561, 993, 112, 130, 127, 842, 202, 1489, 105, 612, 396, 39, 117, 147, 1589, 2073, 1587],
    [1642, 562, 994, 129, 127, 112, 113, 193, 1570, 103, 370, 343, 40, 118, 148, 2075, 1346, 372],
    [1643, 563, 995, 122, 133, 124, 1571, 211, 1651, 101, 128, 371, 41, 119, 149, 1832, 616, 1344],
    [1644, 564, 996, 111, 118, 110, 845, 205, 1492, 156, 369, 585, 30, 90, 228, 2078, 2078, 132],
    [1645, 565, 997, 131, 124, 122, 116, 196, 1573, 154, 127, 613, 31, 91, 229, 1835, 1348, 1104],
    [1646, 566, 998, 121, 121, 134, 1574, 214, 1654, 161, 614, 641, 32, 92, 230, 1592, 618, 2076],
    [1539, 297, 1701, 136, 138, 153, 865, 145, 55, 600, 600, 135, 207, 69, 21, 1595, 2079, 1593],
    [1540, 298, 1702, 153, 135, 138, 136, 136, 136, 598, 358, 82, 208, 70, 22, 2081, 1352, 378],
    [1541, 299, 1703, 146, 141, 150, 1594, 154, 217, 596, 116, 110, 209, 71, 23, 1838, 622, 1350],
    [1542, 300, 1704, 135, 153, 136, 868, 148, 58, 570, 357, 324, 198, 42, 102, 2084, 2084, 138],
    [1543, 301, 1705, 155, 159, 148, 139, 139, 139, 568, 115, 352, 199, 43, 103, 1841, 1354, 1110],
    [1544, 302, 1706, 145, 156, 160, 1597, 157, 220, 575, 602, 380, 200, 44, 104, 1598, 624, 2082],
    [1545, 303, 1707, 137, 150, 146, 871, 151, 61, 621, 114, 594, 189, 15, 183, 1844, 2086, 870],
    [1546, 304, 1708, 154, 147, 158, 142, 142, 142, 628, 601, 622, 190, 16, 184, 1601, 1356, 1842],
    [1547, 305, 1709, 144, 144, 143, 1600, 160, 223, 626, 359, 569, 191, 17, 185, 2087, 629, 627],
    [1548, 306, 1710, 143, 143, 144, 864, 64, 784, 603, 123, 117, 126, 66, 48, 1847, 2089, 873],
    [1549, 307, 1711, 160, 140, 156, 135, 55, 865, 610, 610, 145, 127, 67, 49, 1604, 1359, 1845],
    [1550, 308, 1712, 150, 137, 141, 1593, 73, 946, 608, 368, 92, 128, 68, 50, 2090, 632, 630],
    [1551, 309, 1713, 142, 158, 154, 867, 67, 787, 582, 609, 387, 117, 39, 129, 1607, 2091, 1605],
    [1552, 310, 1714, 159, 155, 139, 138, 58, 868, 580, 367, 334, 118, 40, 130, 2093, 1364, 390],
    [1553, 311, 1715, 152, 161, 151, 1596, 76, 949, 578, 125, 362, 119, 41, 131, 1850, 634, 1362],
    [1554, 312, 1716, 141, 146, 137, 870, 70, 790, 633, 366, 576, 108, 12, 210, 2096, 2096, 150],
    [1555, 313, 1717, 161, 152, 149, 141, 61, 871, 631, 124, 604, 109, 13, 211, 1853, 1366, 1122],
    [1556, 314, 1718, 151, 149, 161, 1599, 79, 952, 638, 611, 632, 110, 14, 212, 1610, 636, 2094],
    [1557, 315, 1719, 138, 136, 135, 866, 226, 1513, 615, 375, 99, 45, 63, 75, 2099, 2099, 153],
    [1558, 316, 1720, 158, 142, 147, 137, 217, 1594, 613, 133, 127, 46, 64, 76, 1856, 1369, 1125],
    [1559, 317, 1721, 148, 139, 159, 1595, 235, 1675, 620, 620, 155, 47, 65, 77, 1613, 639, 2097],
    [1560, 318, 1722, 140, 160, 145, 869, 229, 1516, 585, 132, 369, 36, 36, 156, 1859, 2101, 885],
    [1561, 319, 1723, 157, 157, 157, 140, 220, 1597, 592, 619, 397, 37, 37, 157, 1616, 1371, 1857],
    [1562, 320, 1724, 147, 154, 142, 1598, 238, 1678, 590, 377, 344, 38, 38, 158, 2102, 644, 642],
    [1563, 321, 1725, 139, 148, 155, 872, 232, 1519, 645, 618, 639, 27, 9, 237, 1619, 2103, 1617],
    [1564, 322, 1726, 156, 145, 140, 143, 223, 1600, 643, 376, 586, 28, 10, 238, 2105, 1376, 402],
    [1565, 323, 1727, 149, 151, 152, 1601, 241, 1681, 641, 134, 614, 29, 11, 239, 1862, 646, 1374],
    [729, 27, 486, 163, 165, 180, 829, 1549, 2, 438, 678, 216, 186, 222, 6, 1622, 2106, 1620],
    [730, 28, 487, 180, 162, 165, 100, 1540, 83, 436, 436, 163, 187, 223, 7, 2108, 1379, 405],
    [731, 29, 488, 173, 168, 177, 1558, 1558, 164, 434, 194, 191, 188, 224, 8, 1865, 649, 1377],
    [732, 30, 489, 162, 180, 163, 832, 1552, 5, 408, 435, 405, 177, 195, 87, 2111, 2111, 165],
    [733, 31, 490, 182, 186, 175, 103, 1543, 86, 406, 193, 433, 178, 196, 88, 1868, 1381, 1137],
    [734, 32, 491, 172, 183, 187, 1561, 1561, 167, 413, 680, 461, 179, 197, 89, 1625, 651, 2109],
    [735, 33, 492, 164, 177, 173, 835, 1555, 8, 459, 192, 675, 168, 168, 168, 1871, 2113, 897],
    [736, 34, 493, 181, 174, 185, 106, 1546, 89, 466, 679, 703, 169, 169, 169, 1628, 1383, 1869],
    [737, 35, 494, 171, 171, 170, 1564, 1564, 170, 464, 437, 650, 170, 170, 170, 2114, 656, 654],
    [738, 36, 495, 170, 170, 171, 828, 1468, 731, 441, 201, 198, 105, 219, 33, 1874, 2116, 900],
    [739, 37, 496, 187, 167, 183, 99, 1459, 812, 448, 688, 226, 106, 220, 34, 1631, 1386, 1872],
    [740, 38, 497, 177, 164, 168, 1557, 1477, 893, 446, 446, 173, 107, 221, 35, 2117, 659, 657],
    [741, 39, 498, 169, 185, 181, 831, 1471, 734, 420, 687, 468, 96, 192, 114, 1634, 2118, 1632],
    [742, 40, 499, 186, 182, 166, 102, 1462, 815, 418, 445, 415, 97, 193, 115, 2120, 1391, 417],
    [743, 41, 500, 179, 188, 178, 1560, 1480, 896, 416, 203, 443, 98, 194, 116, 1877, 661, 1389],
    [744, 42, 501, 168, 173, 164, 834, 1474, 737, 471, 444, 657, 87, 165, 195, 2123, 2123, 177],
    [745, 43, 502, 188, 179, 176, 105, 1465, 818, 469, 202, 685, 88, 166, 196, 1880, 1393, 1149],
    [746, 44, 503, 178, 176, 188, 1563, 1483, 899, 476, 689, 713, 89, 167, 197, 1637, 663, 2121],
    [747, 45, 504, 165, 163, 162, 830, 1630, 1460, 453, 453, 180, 24, 216, 60, 2126, 2126, 180],
    [748, 46, 505, 185, 169, 174, 101, 1621, 1541, 451, 211, 208, 25, 217, 61, 1883, 1396, 1152],
    [749, 47, 506, 175, 166, 186, 1559, 1639, 1622, 458, 698, 236, 26, 218, 62, 1640, 666, 2124],
    [750, 48, 507, 167, 187, 172, 833, 1633, 1463, 423, 210, 450, 15, 189, 141, 1886, 2128, 912],
    [751, 49, 508, 184, 184, 184, 104, 1624, 1544, 430, 697, 478, 16, 190, 142, 1643, 1398, 1884],
    [752, 50, 509, 174, 181, 169, 1562, 1642, 1625, 428, 455, 425, 17, 191, 143, 2129, 671, 669],
    [753, 51, 510, 166, 175, 182, 836, 1636, 1466, 483, 696, 720, 6, 162, 222, 1646, 2130, 1644],
    [754, 52, 511, 183, 172, 167, 107, 1627, 1547, 481, 454, 667, 7, 163, 223, 2132, 1403, 429],
    [755, 53, 512, 176, 178, 179, 1565, 1645, 1628, 479, 212, 695, 8, 164, 224, 1889, 673, 1401],
    [891, 513, 1215, 191, 195, 198, 856, 1576, 29, 189, 189, 189, 183, 141, 15, 1892, 2134, 918],
    [892, 514, 1216, 208, 192, 210, 127, 1567, 110, 196, 676, 217, 184, 142, 16, 1649, 1404, 1890],
    [893, 515, 1217, 198, 189, 195, 1585, 1585, 191, 194, 434, 164, 185, 143, 17, 2135, 677, 675],
    [894, 516, 1218, 190, 210, 208, 859, 1579, 32, 168, 675, 459, 174, 114, 96, 1652, 2136, 1650],
    [895, 517, 1219, 207, 207, 193, 130, 1570, 113, 166, 433, 406, 175, 115, 97, 2138, 1409, 435],
    [896, 518, 1220, 200, 213, 205, 1588, 1588, 194, 164, 191, 434, 176, 116, 98, 1895, 679, 1407],
    [897, 519, 1221, 189, 198, 191, 862, 1582, 35, 219, 432, 648, 165, 87, 177, 2141, 2141, 195],
    [898, 520, 1222, 209, 204, 203, 133, 1573, 116, 217, 190, 676, 166, 88, 178, 1898, 1411, 1167],
    [899, 521, 1223, 199, 201, 215, 1591, 1591, 197, 224, 677, 704, 167, 89, 179, 1655, 681, 2139],
    [900, 522, 1224, 195, 191, 189, 855, 1495, 758, 201, 441, 171, 102, 138, 42, 2144, 2144, 198],
    [901, 523, 1225, 215, 197, 201, 126, 1486, 839, 199, 199, 199, 103, 139, 43, 1901, 1414, 1170],
    [902, 524, 1226, 205, 194, 213, 1584, 1504, 920, 206, 686, 227, 104, 140, 44, 1658, 684, 2142],
    [903, 525, 1227, 197, 215, 199, 858, 1498, 761, 171, 198, 441, 93, 111, 123, 1904, 2146, 930],
    [904, 526, 1228, 214, 212, 211, 129, 1489, 842, 178, 685, 469, 94, 112, 124, 1661, 1416, 1902],
    [905, 527, 1229, 204, 209, 196, 1587, 1507, 923, 176, 443, 416, 95, 113, 125, 2147, 689, 687],
    [906, 528, 1230, 196, 203, 209, 861, 1501, 764, 231, 684, 711, 84, 84, 204, 1664, 2148, 1662],
    [907, 529, 1231, 213, 200, 194, 132, 1492, 845, 229, 442, 658, 85, 85, 205, 2150, 1421, 447],
    [908, 530, 1232, 206, 206, 206, 1590, 1510, 926, 227, 200, 686, 86, 86, 206, 1907, 691, 1419],
    [909, 531, 1233, 193, 193, 207, 857, 1657, 1487, 213, 693, 234, 21, 135, 69, 1667, 2151, 1665],
    [910, 532, 1234, 210, 190, 192, 128, 1648, 1568, 211, 451, 181, 22, 136, 70, 2153, 1424, 450],
    [911, 533, 1235, 203, 196, 204, 1586, 1666, 1649, 209, 209, 209, 23, 137, 71, 1910, 694, 1422],
    [912, 534, 1236, 192, 208, 190, 860, 1660, 1490, 183, 450, 423, 12, 108, 150, 2156, 2156, 210],
    [913, 535, 1237, 212, 214, 202, 131, 1651, 1571, 181, 208, 451, 13, 109, 151, 1913, 1426, 1182],
    [914, 536, 1238, 202, 211, 214, 1589, 1669, 1652, 188, 695, 479, 14, 110, 152, 1670, 696, 2154],
    [915, 537, 1239, 194, 205, 200, 863, 1663, 1493, 234, 207, 693, 3, 81, 231, 1916, 2158, 942],
    [916, 538, 1240, 211, 202, 212, 134, 1654, 1574, 241, 694, 721, 4, 82, 232, 1673, 1428, 1914],
    [917, 539, 1241, 201, 199, 197, 1592, 1672, 1655, 239, 452, 668, 5, 83, 233, 2159, 701, 699],
    [810, 270, 1944, 216, 216, 216, 883, 1603, 56, 678, 438, 162, 180, 60, 24, 2162, 2162, 216],
    [811, 271, 1945, 236, 222, 228, 154, 1594, 137, 676, 196, 190, 181, 61, 25, 1919, 1432, 1188],
    [812, 272, 1946, 226, 219, 240, 1612, 1612, 218, 683, 683, 218, 182, 62, 26, 1676, 702, 2160],
    [813, 273, 1947, 218, 240, 226, 886, 1606, 59, 648, 195, 432, 171, 33, 105, 1922, 2164, 948],
    [814, 274, 1948, 235, 237, 238, 157, 1597, 140, 655, 682, 460, 172, 34, 106, 1679, 1434, 1920],
    [815, 275, 1949, 225, 234, 223, 1615, 1615, 221, 653, 440, 407, 173, 35, 107, 2165, 707, 705],
    [816, 276, 1950, 217, 228, 236, 889, 1609, 62, 708, 681, 702, 162, 6, 186, 1682, 2166, 1680],
    [817, 277, 1951, 234, 225, 221, 160, 1600, 143, 706, 439, 649, 163, 7, 187, 2168, 1439, 465],
    [818, 278, 1952, 227, 231, 233, 1618, 1618, 224, 704, 197, 677, 164, 8, 188, 1925, 709, 1437],
    [819, 279, 1953, 223, 221, 234, 882, 1522, 785, 690, 690, 225, 99, 57, 51, 1685, 2169, 1683],
    [820, 280, 1954, 240, 218, 219, 153, 1513, 866, 688, 448, 172, 100, 58, 52, 2171, 1442, 468],
    [821, 281, 1955, 233, 224, 231, 1611, 1531, 947, 686, 206, 200, 101, 59, 53, 1928, 712, 1440],
    [822, 282, 1956, 222, 236, 217, 885, 1525, 788, 660, 447, 414, 90, 30, 132, 2174, 2174, 228],
    [823, 283, 1957, 242, 242, 229, 156, 1516, 869, 658, 205, 442, 91, 31, 133, 1931, 1444, 1200],
    [824, 284, 1958, 232, 239, 241, 1614, 1534, 950, 665, 692, 470, 92, 32, 134, 1688, 714, 2172],
    [825, 285, 1959, 224, 233, 227, 888, 1528, 791, 711, 204, 684, 81, 3, 213, 1934, 2176, 960],
    [826, 286, 1960, 241, 230, 239, 159, 1519, 872, 718, 691, 712, 82, 4, 214, 1691, 1446, 1932],
    [827, 287, 1961, 231, 227, 224, 1617, 1537, 953, 716, 449, 659, 83, 5, 215, 2177, 719, 717],
    [828, 288, 1962, 221, 223, 225, 884, 1684, 1514, 693, 213, 207, 18, 54, 78, 1937, 2179, 963],
    [829, 289, 1963, 238, 220, 237, 155, 1675, 1595, 700, 700, 235, 19, 55, 79, 1694, 1449, 1935],
    [830, 290, 1964, 228, 217, 222, 1613, 1693, 1676, 698, 458, 182, 20, 56, 80, 2180, 722, 720],
    [831, 291, 1965, 220, 238, 235, 887, 1687, 1517, 672, 699, 477, 9, 27, 159, 1697, 2181, 1695],
    [832, 292, 1966, 237, 235, 220, 158, 1678, 1598, 670, 457, 424, 10, 28, 160, 2183, 1454, 480],
    [833, 293, 1967, 230, 241, 232, 1616, 1696, 1679, 668, 215, 452, 11, 29, 161, 1940, 724, 1452],
    [834, 294, 1968, 219, 226, 218, 890, 1690, 1520, 723, 456, 666, 0, 0, 240, 2186, 2186, 240],
    [835, 295, 1969, 239, 232, 230, 161, 1681, 1601, 721, 214, 694, 1, 1, 241, 1943, 1456, 1212],
    [836, 296, 1970, 229, 229, 242, 1619, 1699, 1682, 728, 701, 722, 2, 2, 242, 1700, 726, 2184],
    [54, 1458, 81, 245, 249, 252, 1063, 1063, 243, 270, 3, 30, 483, 483, 243, 974, 1945, 730],
    [55, 1459, 82, 262, 246, 264, 334, 1054, 324, 277, 490, 58, 484, 484, 244, 731, 1215, 1702],
    [56, 1460, 83, 252, 243, 249, 1792, 1072, 405, 275, 248, 5, 485, 485, 245, 1217, 488, 487],
    [57, 1461, 84, 244, 264, 262, 1066, 1066, 246, 249, 489, 300, 474, 456, 324, 734, 1947, 1462],
    [58, 1462, 85, 261, 261, 247, 337, 1057, 327, 247, 247, 247, 475, 457, 325, 1220, 1220, 247],
    [59, 1463, 86, 254, 267, 259, 1795, 1075, 408, 245, 5, 275, 476, 458, 326, 977, 490, 1219],
    [60, 1464, 87, 243, 252, 245, 1069, 1069, 249, 300, 246, 489, 465, 429, 405, 1223, 1952, 7],
    [61, 1465, 88, 263, 258, 257, 340, 1060, 330, 298, 4, 517, 466, 430, 406, 980, 1222, 979],
    [62, 1466, 89, 253, 255, 269, 1798, 1078, 411, 305, 491, 545, 467, 431, 407, 737, 492, 1951],
    [63, 1467, 90, 249, 245, 243, 1062, 982, 972, 282, 255, 12, 402, 480, 270, 1226, 1955, 10],
    [64, 1468, 91, 269, 251, 255, 333, 973, 1053, 280, 13, 40, 403, 481, 271, 983, 1225, 982],
    [65, 1469, 92, 259, 248, 267, 1791, 991, 1134, 287, 500, 68, 404, 482, 272, 740, 495, 1954],
    [66, 1470, 93, 251, 269, 253, 1065, 985, 975, 252, 12, 282, 393, 453, 351, 986, 1957, 742],
    [67, 1471, 94, 268, 266, 265, 336, 976, 1056, 259, 499, 310, 394, 454, 352, 743, 1227, 1714],
    [68, 1472, 95, 258, 263, 250, 1794, 994, 1137, 257, 257, 257, 395, 455, 353, 1229, 500, 499],
    [69, 1473, 96, 250, 257, 263, 1068, 988, 978, 312, 498, 552, 384, 426, 432, 746, 1959, 1474],
    [70, 1474, 97, 267, 254, 248, 339, 979, 1059, 310, 256, 499, 385, 427, 433, 1232, 1232, 259],
    [71, 1475, 98, 260, 260, 260, 1797, 997, 1140, 308, 14, 527, 386, 428, 434, 989, 502, 1231],
    [72, 1476, 99, 247, 247, 261, 1064, 1144, 1701, 294, 507, 75, 321, 477, 297, 749, 1962, 1477],
    [73, 1477, 100, 264, 244, 246, 335, 1135, 1782, 292, 265, 22, 322, 478, 298, 1235, 1235, 262],
    [74, 1478, 101, 257, 250, 258, 1793, 1153, 1863, 290, 23, 50, 323, 479, 299, 992, 505, 1234],
    [75, 1479, 102, 246, 262, 244, 1067, 1147, 1704, 264, 264, 264, 312, 450, 378, 1238, 1967, 22],
    [76, 1480, 103, 266, 268, 256, 338, 1138, 1785, 262, 22, 292, 313, 451, 379, 995, 1237, 994],
    [77, 1481, 104, 256, 265, 268, 1796, 1156, 1866, 269, 509, 320, 314, 452, 380, 752, 507, 1966],
    [78, 1482, 105, 248, 259, 254, 1070, 1150, 1707, 315, 21, 534, 303, 423, 459, 998, 1969, 754],
    [79, 1483, 106, 265, 256, 266, 341, 1141, 1788, 322, 508, 562, 304, 424, 460, 755, 1239, 1726],
    [80, 1484, 107, 255, 253, 251, 1799, 1159, 1869, 320, 266, 509, 305, 425, 461, 1241, 512, 511],
    [216, 1944, 810, 270, 270, 270, 1090, 1090, 270, 30, 243, 3, 480, 402, 252, 1244, 1973, 28],
    [217, 1945, 811, 290, 276, 282, 361, 1081, 351, 28, 1, 31, 481, 403, 253, 1001, 1243, 1000],
    [218, 1946, 812, 280, 273, 294, 1819, 1099, 432, 35, 488, 59, 482, 404, 254, 758, 513, 1972],
    [219, 1947, 813, 272, 294, 280, 1093, 1093, 273, 0, 0, 273, 471, 375, 333, 1004, 1975, 760],
    [220, 1948, 814, 289, 291, 292, 364, 1084, 354, 7, 487, 301, 472, 376, 334, 761, 1245, 1732],
    [221, 1949, 815, 279, 288, 277, 1822, 1102, 435, 5, 245, 248, 473, 377, 335, 1247, 518, 517],
    [222, 1950, 816, 271, 282, 290, 1096, 1096, 276, 60, 486, 543, 462, 348, 414, 764, 1977, 1492],
    [223, 1951, 817, 288, 279, 275, 367, 1087, 357, 58, 244, 490, 463, 349, 415, 1250, 1250, 277],
    [224, 1952, 818, 281, 285, 287, 1825, 1105, 438, 56, 2, 518, 464, 350, 416, 1007, 520, 1249],
    [225, 1953, 819, 277, 275, 288, 1089, 1009, 999, 42, 495, 66, 399, 399, 279, 767, 1980, 1495],
    [226, 1954, 820, 294, 272, 273, 360, 1000, 1080, 40, 253, 13, 400, 400, 280, 1253, 1253, 280],
    [227, 1955, 821, 287, 278, 285, 1818, 1018, 1161, 38, 11, 41, 401, 401, 281, 1010, 523, 1252],
    [228, 1956, 822, 276, 290, 271, 1092, 1012, 1002, 12, 252, 255, 390, 372, 360, 1256, 1985, 40],
    [229, 1957, 823, 296, 296, 283, 363, 1003, 1083, 10, 10, 283, 391, 373, 361, 1013, 1255, 1012],
    [230, 1958, 824, 286, 293, 295, 1821, 1021, 1164, 17, 497, 311, 392, 374, 362, 770, 525, 1984],
    [231, 1959, 825, 278, 287, 281, 1095, 1015, 1005, 63, 9, 525, 381, 345, 441, 1016, 1987, 772],
    [232, 1960, 826, 295, 284, 293, 366, 1006, 1086, 70, 496, 553, 382, 346, 442, 773, 1257, 1744],
    [233, 1961, 827, 285, 281, 278, 1824, 1024, 1167, 68, 254, 500, 383, 347, 443, 1259, 530, 529],
    [234, 1962, 828, 275, 277, 279, 1091, 1171, 1728, 45, 18, 48, 318, 396, 306, 1019, 1990, 775],
    [235, 1963, 829, 292, 274, 291, 362, 1162, 1809, 52, 505, 76, 319, 397, 307, 776, 1260, 1747],
    [236, 1964, 830, 282, 271, 276, 1820, 1180, 1890, 50, 263, 23, 320, 398, 308, 1262, 533, 532],
    [237, 1965, 831, 274, 292, 289, 1094, 1174, 1731, 24, 504, 318, 309, 369, 387, 779, 1992, 1507],
    [238, 1966, 832, 291, 289, 274, 365, 1165, 1812, 22, 262, 265, 310, 370, 388, 1265, 1265, 292],
    [239, 1967, 833, 284, 295, 286, 1823, 1183, 1893, 20, 20, 293, 311, 371, 389, 1022, 535, 1264],
    [240, 1968, 834, 273, 280, 272, 1097, 1177, 1734, 75, 261, 507, 300, 342, 468, 1268, 1997, 52],
    [241, 1969, 835, 293, 286, 284, 368, 1168, 1815, 73, 19, 535, 301, 343, 469, 1025, 1267, 1024],
    [242, 1970, 836, 283, 283, 296, 1826, 1186, 1896, 80, 506, 563, 302, 344, 470, 782, 537, 1996],
    [135, 1701, 1539, 298, 300, 315, 1117, 1117, 297, 519, 492, 57, 477, 321, 261, 785, 1998, 1513],
    [136, 1702, 1540, 315, 297, 300, 388, 1108, 378, 517, 250, 4, 478, 322, 262, 1271, 1271, 298],
    [137, 1703, 1541, 308, 303, 312, 1846, 1126, 459, 515, 8, 32, 479, 323, 263, 1028, 541, 1270],
    [138, 1704, 1542, 297, 315, 298, 1120, 1120, 300, 489, 249, 246, 468, 294, 342, 1274, 2003, 58],
    [139, 1705, 1543, 317, 321, 310, 391, 1111, 381, 487, 7, 274, 469, 295, 343, 1031, 1273, 1030],
    [140, 1706, 1544, 307, 318, 322, 1849, 1129, 462, 494, 494, 302, 470, 296, 344, 788, 543, 2002],
    [141, 1707, 1545, 299, 312, 308, 1123, 1123, 303, 540, 6, 516, 459, 267, 423, 1034, 2005, 790],
    [142, 1708, 1546, 316, 309, 320, 394, 1114, 384, 547, 493, 544, 460, 268, 424, 791, 1275, 1762],
    [143, 1709, 1547, 306, 306, 305, 1852, 1132, 465, 545, 251, 491, 461, 269, 425, 1277, 548, 547],
    [144, 1710, 1548, 305, 305, 306, 1116, 1036, 1026, 522, 15, 39, 396, 318, 288, 1037, 2008, 793],
    [145, 1711, 1549, 322, 302, 318, 387, 1027, 1107, 529, 502, 67, 397, 319, 289, 794, 1278, 1765],
    [146, 1712, 1550, 312, 299, 303, 1845, 1045, 1188, 527, 260, 14, 398, 320, 290, 1280, 551, 550],
    [147, 1713, 1551, 304, 320, 316, 1119, 1039, 1029, 501, 501, 309, 387, 291, 369, 797, 2010, 1525],
    [148, 1714, 1552, 321, 317, 301, 390, 1030, 1110, 499, 259, 256, 388, 292, 370, 1283, 1283, 310],
    [149, 1715, 1553, 314, 323, 313, 1848, 1048, 1191, 497, 17, 284, 389, 293, 371, 1040, 553, 1282],
    [150, 1716, 1554, 303, 308, 299, 1122, 1042, 1032, 552, 258, 498, 378, 264, 450, 1286, 2015, 70],
    [151, 1717, 1555, 323, 314, 311, 393, 1033, 1113, 550, 16, 526, 379, 265, 451, 1043, 1285, 1042],
    [152, 1718, 1556, 313, 311, 323, 1851, 1051, 1194, 557, 503, 554, 380, 266, 452, 800, 555, 2014],
    [153, 1719, 1557, 300, 298, 297, 1118, 1198, 1755, 534, 267, 21, 315, 315, 315, 1289, 2018, 73],
    [154, 1720, 1558, 320, 304, 309, 389, 1189, 1836, 532, 25, 49, 316, 316, 316, 1046, 1288, 1045],
    [155, 1721, 1559, 310, 301, 321, 1847, 1207, 1917, 539, 512, 77, 317, 317, 317, 803, 558, 2017],
    [156, 1722, 1560, 302, 322, 307, 1121, 1201, 1758, 504, 24, 291, 306, 288, 396, 1049, 2020, 805],
    [157, 1723, 1561, 319, 319, 319, 392, 1192, 1839, 511, 511, 319, 307, 289, 397, 806, 1290, 1777],
    [158, 1724, 1562, 309, 316, 304, 1850, 1210, 1920, 509, 269, 266, 308, 290, 398, 1292, 563, 562],
    [159, 1725, 1563, 301, 310, 317, 1124, 1204, 1761, 564, 510, 561, 297, 261, 477, 809, 2022, 1537],
    [160, 1726, 1564, 318, 307, 302, 395, 1195, 1842, 562, 268, 508, 298, 262, 478, 1295, 1295, 322],
    [161, 1727, 1565, 311, 313, 314, 1853, 1213, 1923, 560, 26, 536, 299, 263, 479, 1052, 565, 1294],
    [1512, 1512, 324, 325, 327, 342, 1054, 334, 244, 357, 570, 138, 456, 474, 246, 812, 2025, 1540],
    [1513, 1513, 325, 342, 324, 327, 325, 325, 325, 355, 328, 85, 457, 475, 247, 1298, 1298, 325],
    [1514, 1514, 326, 335, 330, 339, 1783, 343, 406, 353, 86, 113, 458, 476, 248, 1055, 568, 1297],
    [1515, 1515, 327, 324, 342, 325, 1057, 337, 247, 327, 327, 327, 447, 447, 327, 1301, 2030, 85],
    [1516, 1516, 328, 344, 348, 337, 328, 328, 328, 325, 85, 355, 448, 448, 328, 1058, 1300, 1057],
    [1517, 1517, 329, 334, 345, 349, 1786, 346, 409, 332, 572, 383, 449, 449, 329, 815, 570, 2029],
    [1518, 1518, 330, 326, 339, 335, 1060, 340, 250, 378, 84, 597, 438, 420, 408, 1061, 2032, 817],
    [1519, 1519, 331, 343, 336, 347, 331, 331, 331, 385, 571, 625, 439, 421, 409, 818, 1302, 1789],
    [1520, 1520, 332, 333, 333, 332, 1789, 349, 412, 383, 329, 572, 440, 422, 410, 1304, 575, 574],
    [1521, 1521, 333, 332, 332, 333, 1053, 253, 973, 360, 93, 120, 375, 471, 273, 1064, 2035, 820],
    [1522, 1522, 334, 349, 329, 345, 324, 244, 1054, 367, 580, 148, 376, 472, 274, 821, 1305, 1792],
    [1523, 1523, 335, 339, 326, 330, 1782, 262, 1135, 365, 338, 95, 377, 473, 275, 1307, 578, 577],
    [1524, 1524, 336, 331, 347, 343, 1056, 256, 976, 339, 579, 390, 366, 444, 354, 824, 2037, 1552],
    [1525, 1525, 337, 348, 344, 328, 327, 247, 1057, 337, 337, 337, 367, 445, 355, 1310, 1310, 337],
    [1526, 1526, 338, 341, 350, 340, 1785, 265, 1138, 335, 95, 365, 368, 446, 356, 1067, 580, 1309],
    [1527, 1527, 339, 330, 335, 326, 1059, 259, 979, 390, 336, 579, 357, 417, 435, 1313, 2042, 97],
    [1528, 1528, 340, 350, 341, 338, 330, 250, 1060, 388, 94, 607, 358, 418, 436, 1070, 1312, 1069],
    [1529, 1529, 341, 340, 338, 350, 1788, 268, 1141, 395, 581, 635, 359, 419, 437, 827, 582, 2041],
    [1530, 1530, 342, 327, 325, 324, 1055, 415, 1702, 372, 345, 102, 294, 468, 300, 1316, 2045, 100],
    [1531, 1531, 343, 347, 331, 336, 326, 406, 1783, 370, 103, 130, 295, 469, 301, 1073, 1315, 1072],
    [1532, 1532, 344, 337, 328, 348, 1784, 424, 1864, 377, 590, 158, 296, 470, 302, 830, 585, 2044],
    [1533, 1533, 345, 329, 349, 334, 1058, 418, 1705, 342, 102, 372, 285, 441, 381, 1076, 2047, 832],
    [1534, 1534, 346, 346, 346, 346, 329, 409, 1786, 349, 589, 400, 286, 442, 382, 833, 1317, 1804],
    [1535, 1535, 347, 336, 343, 331, 1787, 427, 1867, 347, 347, 347, 287, 443, 383, 1319, 590, 589],
    [1536, 1536, 348, 328, 337, 344, 1061, 421, 1708, 402, 588, 642, 276, 414, 462, 836, 2049, 1564],
    [1537, 1537, 349, 345, 334, 329, 332, 412, 1789, 400, 346, 589, 277, 415, 463, 1322, 1322, 349],
    [1538, 1538, 350, 338, 340, 341, 1790, 430, 1870, 398, 104, 617, 278, 416, 464, 1079, 592, 1321],
    [1674, 1998, 1053, 353, 357, 360, 1081, 361, 271, 108, 81, 111, 453, 393, 255, 1082, 2053, 838],
    [1675, 1999, 1054, 370, 354, 372, 352, 352, 352, 115, 568, 139, 454, 394, 256, 839, 1323, 1810],
    [1676, 2000, 1055, 360, 351, 357, 1810, 370, 433, 113, 326, 86, 455, 395, 257, 1325, 596, 595],
    [1677, 2001, 1056, 352, 372, 370, 1084, 364, 274, 87, 567, 381, 444, 366, 336, 842, 2055, 1570],
    [1678, 2002, 1057, 369, 369, 355, 355, 355, 355, 85, 325, 328, 445, 367, 337, 1328, 1328, 355],
    [1679, 2003, 1058, 362, 375, 367, 1813, 373, 436, 83, 83, 356, 446, 368, 338, 1085, 598, 1327],
    [1680, 2004, 1059, 351, 360, 353, 1087, 367, 277, 138, 324, 570, 435, 339, 417, 1331, 2060, 115],
    [1681, 2005, 1060, 371, 366, 365, 358, 358, 358, 136, 82, 598, 436, 340, 418, 1088, 1330, 1087],
    [1682, 2006, 1061, 361, 363, 377, 1816, 376, 439, 143, 569, 626, 437, 341, 419, 845, 600, 2059],
    [1683, 2007, 1062, 357, 353, 351, 1080, 280, 1000, 120, 333, 93, 372, 390, 282, 1334, 2063, 118],
    [1684, 2008, 1063, 377, 359, 363, 351, 271, 1081, 118, 91, 121, 373, 391, 283, 1091, 1333, 1090],
    [1685, 2009, 1064, 367, 356, 375, 1809, 289, 1162, 125, 578, 149, 374, 392, 284, 848, 603, 2062],
    [1686, 2010, 1065, 359, 377, 361, 1083, 283, 1003, 90, 90, 363, 363, 363, 363, 1094, 2065, 850],
    [1687, 2011, 1066, 376, 374, 373, 354, 274, 1084, 97, 577, 391, 364, 364, 364, 851, 1335, 1822],
    [1688, 2012, 1067, 366, 371, 358, 1812, 292, 1165, 95, 335, 338, 365, 365, 365, 1337, 608, 607],
    [1689, 2013, 1068, 358, 365, 371, 1086, 286, 1006, 150, 576, 633, 354, 336, 444, 854, 2067, 1582],
    [1690, 2014, 1069, 375, 362, 356, 357, 277, 1087, 148, 334, 580, 355, 337, 445, 1340, 1340, 367],
    [1691, 2015, 1070, 368, 368, 368, 1815, 295, 1168, 146, 92, 608, 356, 338, 446, 1097, 610, 1339],
    [1692, 2016, 1071, 355, 355, 369, 1082, 442, 1729, 132, 585, 156, 291, 387, 309, 857, 2070, 1585],
    [1693, 2017, 1072, 372, 352, 354, 353, 433, 1810, 130, 343, 103, 292, 388, 310, 1343, 1343, 370],
    [1694, 2018, 1073, 365, 358, 366, 1811, 451, 1891, 128, 101, 131, 293, 389, 311, 1100, 613, 1342],
    [1695, 2019, 1074, 354, 370, 352, 1085, 445, 1732, 102, 342, 345, 282, 360, 390, 1346, 2075, 130],
    [1696, 2020, 1075, 374, 376, 364, 356, 436, 1813, 100, 100, 373, 283, 361, 391, 1103, 1345, 1102],
    [1697, 2021, 1076, 364, 373, 376, 1814, 454, 1894, 107, 587, 401, 284, 362, 392, 860, 615, 2074],
    [1698, 2022, 1077, 356, 367, 362, 1088, 448, 1735, 153, 99, 615, 273, 333, 471, 1106, 2077, 862],
    [1699, 2023, 1078, 373, 364, 374, 359, 439, 1816, 160, 586, 643, 274, 334, 472, 863, 1347, 1834],
    [1700, 2024, 1079, 363, 361, 359, 1817, 457, 1897, 158, 344, 590, 275, 335, 473, 1349, 620, 619],
    [1593, 1755, 1782, 378, 378, 378, 1108, 388, 298, 597, 330, 84, 450, 312, 264, 1352, 2081, 136],
    [1594, 1756, 1783, 398, 384, 390, 379, 379, 379, 595, 88, 112, 451, 313, 265, 1109, 1351, 1108],
    [1595, 1757, 1784, 388, 381, 402, 1837, 397, 460, 602, 575, 140, 452, 314, 266, 866, 621, 2080],
    [1596, 1758, 1785, 380, 402, 388, 1111, 391, 301, 567, 87, 354, 441, 285, 345, 1112, 2083, 868],
    [1597, 1759, 1786, 397, 399, 400, 382, 382, 382, 574, 574, 382, 442, 286, 346, 869, 1353, 1840],
    [1598, 1760, 1787, 387, 396, 385, 1840, 400, 463, 572, 332, 329, 443, 287, 347, 1355, 626, 625],
    [1599, 1761, 1788, 379, 390, 398, 1114, 394, 304, 627, 573, 624, 432, 258, 426, 872, 2085, 1600],
    [1600, 1762, 1789, 396, 387, 383, 385, 385, 385, 625, 331, 571, 433, 259, 427, 1358, 1358, 385],
    [1601, 1763, 1790, 389, 393, 395, 1843, 403, 466, 623, 89, 599, 434, 260, 428, 1115, 628, 1357],
    [1602, 1764, 1791, 385, 383, 396, 1107, 307, 1027, 609, 582, 147, 369, 309, 291, 875, 2088, 1603],
    [1603, 1765, 1792, 402, 380, 381, 378, 298, 1108, 607, 340, 94, 370, 310, 292, 1361, 1361, 388],
    [1604, 1766, 1793, 395, 386, 393, 1836, 316, 1189, 605, 98, 122, 371, 311, 293, 1118, 631, 1360],
    [1605, 1767, 1794, 384, 398, 379, 1110, 310, 1030, 579, 339, 336, 360, 282, 372, 1364, 2093, 148],
    [1606, 1768, 1795, 404, 404, 391, 381, 301, 1111, 577, 97, 364, 361, 283, 373, 1121, 1363, 1120],
    [1607, 1769, 1796, 394, 401, 403, 1839, 319, 1192, 584, 584, 392, 362, 284, 374, 878, 633, 2092],
    [1608, 1770, 1797, 386, 395, 389, 1113, 313, 1033, 630, 96, 606, 351, 255, 453, 1124, 2095, 880],
    [1609, 1771, 1798, 403, 392, 401, 384, 304, 1114, 637, 583, 634, 352, 256, 454, 881, 1365, 1852],
    [1610, 1772, 1799, 393, 389, 386, 1842, 322, 1195, 635, 341, 581, 353, 257, 455, 1367, 638, 637],
    [1611, 1773, 1800, 383, 385, 387, 1109, 469, 1756, 612, 105, 129, 288, 306, 318, 1127, 2098, 883],
    [1612, 1774, 1801, 400, 382, 399, 380, 460, 1837, 619, 592, 157, 289, 307, 319, 884, 1368, 1855],
    [1613, 1775, 1802, 390, 379, 384, 1838, 478, 1918, 617, 350, 104, 290, 308, 320, 1370, 641, 640],
    [1614, 1776, 1803, 382, 400, 397, 1112, 472, 1759, 591, 591, 399, 279, 279, 399, 887, 2100, 1615],
    [1615, 1777, 1804, 399, 397, 382, 383, 463, 1840, 589, 349, 346, 280, 280, 400, 1373, 1373, 400],
    [1616, 1778, 1805, 392, 403, 394, 1841, 481, 1921, 587, 107, 374, 281, 281, 401, 1130, 643, 1372],
    [1617, 1779, 1806, 381, 388, 380, 1115, 475, 1762, 642, 348, 588, 270, 252, 480, 1376, 2105, 160],
    [1618, 1780, 1807, 401, 394, 392, 386, 466, 1843, 640, 106, 616, 271, 253, 481, 1133, 1375, 1132],
    [1619, 1781, 1808, 391, 391, 404, 1844, 484, 1924, 647, 593, 644, 272, 254, 482, 890, 645, 2104],
    [783, 1485, 567, 405, 405, 405, 1072, 1792, 245, 435, 408, 165, 429, 465, 249, 1379, 2108, 163],
    [784, 1486, 568, 425, 411, 417, 343, 1783, 326, 433, 166, 193, 430, 466, 250, 1136, 1378, 1135],
    [785, 1487, 569, 415, 408, 429, 1801, 1801, 407, 440, 653, 221, 431, 467, 251, 893, 648, 2107],
    [786, 1488, 570, 407, 429, 415, 1075, 1795, 248, 405, 165, 435, 420, 438, 330, 1139, 2110, 895],
    [787, 1489, 571, 424, 426, 427, 346, 1786, 329, 412, 652, 463, 421, 439, 331, 896, 1380, 1867],
    [788, 1490, 572, 414, 423, 412, 1804, 1804, 410, 410, 410, 410, 422, 440, 332, 1382, 653, 652],
    [789, 1491, 573, 406, 417, 425, 1078, 1798, 251, 465, 651, 705, 411, 411, 411, 899, 2112, 1627],
    [790, 1492, 574, 423, 414, 410, 349, 1789, 332, 463, 409, 652, 412, 412, 412, 1385, 1385, 412],
    [791, 1493, 575, 416, 420, 422, 1807, 1807, 413, 461, 167, 680, 413, 413, 413, 1142, 655, 1384],
    [792, 1494, 576, 412, 410, 423, 1071, 1711, 974, 447, 660, 228, 348, 462, 276, 902, 2115, 1630],
    [793, 1495, 577, 429, 407, 408, 342, 1702, 1055, 445, 418, 175, 349, 463, 277, 1388, 1388, 415],
    [794, 1496, 578, 422, 413, 420, 1800, 1720, 1136, 443, 176, 203, 350, 464, 278, 1145, 658, 1387],
    [795, 1497, 579, 411, 425, 406, 1074, 1714, 977, 417, 417, 417, 339, 435, 357, 1391, 2120, 175],
    [796, 1498, 580, 431, 431, 418, 345, 1705, 1058, 415, 175, 445, 340, 436, 358, 1148, 1390, 1147],
    [797, 1499, 581, 421, 428, 430, 1803, 1723, 1139, 422, 662, 473, 341, 437, 359, 905, 660, 2119],
    [798, 1500, 582, 413, 422, 416, 1077, 1717, 980, 468, 174, 687, 330, 408, 438, 1151, 2122, 907],
    [799, 1501, 583, 430, 419, 428, 348, 1708, 1061, 475, 661, 715, 331, 409, 439, 908, 1392, 1879],
    [800, 1502, 584, 420, 416, 413, 1806, 1726, 1142, 473, 419, 662, 332, 410, 440, 1394, 665, 664],
    [801, 1503, 585, 410, 412, 414, 1073, 1873, 1703, 450, 183, 210, 267, 459, 303, 1154, 2125, 910],
    [802, 1504, 586, 427, 409, 426, 344, 1864, 1784, 457, 670, 238, 268, 460, 304, 911, 1395, 1882],
    [803, 1505, 587, 417, 406, 411, 1802, 1882, 1865, 455, 428, 185, 269, 461, 305, 1397, 668, 667],
    [804, 1506, 588, 409, 427, 424, 1076, 1876, 1706, 429, 669, 480, 258, 432, 384, 914, 2127, 1642],
    [805, 1507, 589, 426, 424, 409, 347, 1867, 1787, 427, 427, 427, 259, 433, 385, 1400, 1400, 427],
    [806, 1508, 590, 419, 430, 421, 1805, 1885, 1868, 425, 185, 455, 260, 434, 386, 1157, 670, 1399],
    [807, 1509, 591, 408, 415, 407, 1079, 1879, 1709, 480, 426, 669, 249, 405, 465, 1403, 2132, 187],
    [808, 1510, 592, 428, 421, 419, 350, 1870, 1790, 478, 184, 697, 250, 406, 466, 1160, 1402, 1159],
    [809, 1511, 593, 418, 418, 431, 1808, 1888, 1871, 485, 671, 725, 251, 407, 467, 917, 672, 2131],
    [945, 1971, 1296, 433, 435, 450, 1099, 1819, 272, 195, 648, 219, 426, 384, 258, 920, 2133, 1648],
    [946, 1972, 1297, 450, 432, 435, 370, 1810, 353, 193, 406, 166, 427, 385, 259, 1406, 1406, 433],
    [947, 1973, 1298, 443, 438, 447, 1828, 1828, 434, 191, 164, 194, 428, 386, 260, 1163, 676, 1405],
    [948, 1974, 1299, 432, 450, 433, 1102, 1822, 275, 165, 405, 408, 417, 357, 339, 1409, 2138, 193],
    [949, 1975, 1300, 452, 456, 445, 373, 1813, 356, 163, 163, 436, 418, 358, 340, 1166, 1408, 1165],
    [950, 1976, 1301, 442, 453, 457, 1831, 1831, 437, 170, 650, 464, 419, 359, 341, 923, 678, 2137],
    [951, 1977, 1302, 434, 447, 443, 1105, 1825, 278, 216, 162, 678, 408, 330, 420, 1169, 2140, 925],
    [952, 1978, 1303, 451, 444, 455, 376, 1816, 359, 223, 649, 706, 409, 331, 421, 926, 1410, 1897],
    [953, 1979, 1304, 441, 441, 440, 1834, 1834, 440, 221, 407, 653, 410, 332, 422, 1412, 683, 682],
    [954, 1980, 1305, 440, 440, 441, 1098, 1738, 1001, 198, 171, 201, 345, 381, 285, 1172, 2143, 928],
    [955, 1981, 1306, 457, 437, 453, 369, 1729, 1082, 205, 658, 229, 346, 382, 286, 929, 1413, 1900],
    [956, 1982, 1307, 447, 434, 438, 1827, 1747, 1163, 203, 416, 176, 347, 383, 287, 1415, 686, 685],
    [957, 1983, 1308, 439, 455, 451, 1101, 1741, 1004, 177, 657, 471, 336, 354, 366, 932, 2145, 1660],
    [958, 1984, 1309, 456, 452, 436, 372, 1732, 1085, 175, 415, 418, 337, 355, 367, 1418, 1418, 445],
    [959, 1985, 1310, 449, 458, 448, 1830, 1750, 1166, 173, 173, 446, 338, 356, 368, 1175, 688, 1417],
    [960, 1986, 1311, 438, 443, 434, 1104, 1744, 1007, 228, 414, 660, 327, 327, 447, 1421, 2150, 205],
    [961, 1987, 1312, 458, 449, 446, 375, 1735, 1088, 226, 172, 688, 328, 328, 448, 1178, 1420, 1177],
    [962, 1988, 1313, 448, 446, 458, 1833, 1753, 1169, 233, 659, 716, 329, 329, 449, 935, 690, 2149],
    [963, 1989, 1314, 435, 433, 432, 1100, 1900, 1730, 210, 423, 183, 264, 378, 312, 1424, 2153, 208],
    [964, 1990, 1315, 455, 439, 444, 371, 1891, 1811, 208, 181, 211, 265, 379, 313, 1181, 1423, 1180],
    [965, 1991, 1316, 445, 436, 456, 1829, 1909, 1892, 215, 668, 239, 266, 380, 314, 938, 693, 2152],
    [966, 1992, 1317, 437, 457, 442, 1103, 1903, 1733, 180, 180, 453, 255, 351, 393, 1184, 2155, 940],
    [967, 1993, 1318, 454, 454, 454, 374, 1894, 1814, 187, 667, 481, 256, 352, 394, 941, 1425, 1912],
    [968, 1994, 1319, 444, 451, 439, 1832, 1912, 1895, 185, 425, 428, 257, 353, 395, 1427, 698, 697],
    [969, 1995, 1320, 436, 445, 452, 1106, 1906, 1736, 240, 666, 723, 246, 324, 474, 944, 2157, 1672],
    [970, 1996, 1321, 453, 442, 437, 377, 1897, 1817, 238, 424, 670, 247, 325, 475, 1430, 1430, 457],
    [971, 1997, 1322, 446, 448, 449, 1835, 1915, 1898, 236, 182, 698, 248, 326, 476, 1187, 700, 1429],
    [864, 1728, 2025, 461, 465, 468, 1126, 1846, 299, 675, 168, 192, 423, 303, 267, 1190, 2161, 946],
    [865, 1729, 2026, 478, 462, 480, 397, 1837, 380, 682, 655, 220, 424, 304, 268, 947, 1431, 1918],
    [866, 1730, 2027, 468, 459, 465, 1855, 1855, 461, 680, 413, 167, 425, 305, 269, 1433, 704, 703],
    [867, 1731, 2028, 460, 480, 478, 1129, 1849, 302, 654, 654, 462, 414, 276, 348, 950, 2163, 1678],
    [868, 1732, 2029, 477, 477, 463, 400, 1840, 383, 652, 412, 409, 415, 277, 349, 1436, 1436, 463],
    [869, 1733, 2030, 470, 483, 475, 1858, 1858, 464, 650, 170, 437, 416, 278, 350, 1193, 706, 1435],
    [870, 1734, 2031, 459, 468, 461, 1132, 1852, 305, 705, 411, 651, 405, 249, 429, 1439, 2168, 223],
    [871, 1735, 2032, 479, 474, 473, 403, 1843, 386, 703, 169, 679, 406, 250, 430, 1196, 1438, 1195],
    [872, 1736, 2033, 469, 471, 485, 1861, 1861, 467, 710, 656, 707, 407, 251, 431, 953, 708, 2167],
    [873, 1737, 2034, 465, 461, 459, 1125, 1765, 1028, 687, 420, 174, 342, 300, 294, 1442, 2171, 226],
    [874, 1738, 2035, 485, 467, 471, 396, 1756, 1109, 685, 178, 202, 343, 301, 295, 1199, 1441, 1198],
    [875, 1739, 2036, 475, 464, 483, 1854, 1774, 1190, 692, 665, 230, 344, 302, 296, 956, 711, 2170],
    [876, 1740, 2037, 467, 485, 469, 1128, 1768, 1031, 657, 177, 444, 333, 273, 375, 1202, 2173, 958],
    [877, 1741, 2038, 484, 482, 481, 399, 1759, 1112, 664, 664, 472, 334, 274, 376, 959, 1443, 1930],
    [878, 1742, 2039, 474, 479, 466, 1857, 1777, 1193, 662, 422, 419, 335, 275, 377, 1445, 716, 715],
    [879, 1743, 2040, 466, 473, 479, 1131, 1771, 1034, 717, 663, 714, 324, 246, 456, 962, 2175, 1690],
    [880, 1744, 2041, 483, 470, 464, 402, 1762, 1115, 715, 421, 661, 325, 247, 457, 1448, 1448, 475],
    [881, 1745, 2042, 476, 476, 476, 1860, 1780, 1196, 713, 179, 689, 326, 248, 458, 1205, 718, 1447],
    [882, 1746, 2043, 463, 463, 477, 1127, 1927, 1757, 699, 672, 237, 261, 297, 321, 965, 2178, 1693],
    [883, 1747, 2044, 480, 460, 462, 398, 1918, 1838, 697, 430, 184, 262, 298, 322, 1451, 1451, 478],
    [884, 1748, 2045, 473, 466, 474, 1856, 1936, 1919, 695, 188, 212, 263, 299, 323, 1208, 721, 1450],
    [885, 1749, 2046, 462, 478, 460, 1130, 1930, 1760, 669, 429, 426, 252, 270, 402, 1454, 2183, 238],
    [886, 1750, 2047, 482, 484, 472, 401, 1921, 1841, 667, 187, 454, 253, 271, 403, 1211, 1453, 1210],
    [887, 1751, 2048, 472, 481, 484, 1859, 1939, 1922, 674, 674, 482, 254, 272, 404, 968, 723, 2182],
    [888, 1752, 2049, 464, 475, 470, 1133, 1933, 1763, 720, 186, 696, 243, 243, 483, 1214, 2185, 970],
    [889, 1753, 2050, 481, 472, 482, 404, 1924, 1844, 727, 673, 724, 244, 244, 484, 971, 1455, 1942],
    [890, 1754, 2051, 471, 469, 467, 1862, 1942, 1925, 725, 431, 671, 245, 245, 485, 1457, 728, 727],
    [27, 729, 162, 487, 489, 504, 1306, 1306, 486, 276, 543, 60, 726, 726, 486, 2, 1944, 1460],
    [28, 730, 163, 504, 486, 489, 577, 1297, 567, 274, 301, 7, 727, 727, 487, 488, 1217, 245],
    [29, 731, 164, 497, 492, 501, 2035, 1315, 648, 272, 59, 35, 728, 728, 488, 245, 487, 1217],
    [30, 732, 165, 486, 504, 487, 1309, 1309, 489, 246, 300, 249, 717, 699, 567, 491, 1949, 5],
    [31, 733, 166, 506, 510, 499, 580, 1300, 570, 244, 58, 277, 718, 700, 568, 248, 1219, 977],
    [32, 734, 167, 496, 507, 511, 2038, 1318, 651, 251, 545, 305, 719, 701, 569, 5, 489, 1949],
    [33, 735, 168, 488, 501, 497, 1312, 1312, 492, 297, 57, 519, 708, 672, 648, 251, 1951, 737],
    [34, 736, 169, 505, 498, 509, 583, 1303, 573, 304, 544, 547, 709, 673, 649, 8, 1221, 1709],
    [35, 737, 170, 495, 495, 494, 2041, 1321, 654, 302, 302, 494, 710, 674, 650, 494, 494, 494],
    [36, 738, 171, 494, 494, 495, 1305, 1225, 1215, 279, 66, 42, 645, 723, 513, 254, 1954, 740],
    [37, 739, 172, 511, 491, 507, 576, 1216, 1296, 286, 553, 70, 646, 724, 514, 11, 1224, 1712],
    [38, 740, 173, 501, 488, 492, 2034, 1234, 1377, 284, 311, 17, 647, 725, 515, 497, 497, 497],
    [39, 741, 174, 493, 509, 505, 1308, 1228, 1218, 258, 552, 312, 636, 696, 594, 14, 1956, 1472],
    [40, 742, 175, 510, 506, 490, 579, 1219, 1299, 256, 310, 259, 637, 697, 595, 500, 1229, 257],
    [41, 743, 176, 503, 512, 502, 2037, 1237, 1380, 254, 68, 287, 638, 698, 596, 257, 499, 1229],
    [42, 744, 177, 492, 497, 488, 1311, 1231, 1221, 309, 309, 501, 627, 669, 675, 503, 1961, 17],
    [43, 745, 178, 512, 503, 500, 582, 1222, 1302, 307, 67, 529, 628, 670, 676, 260, 1231, 989],
    [44, 746, 179, 502, 500, 512, 2040, 1240, 1383, 314, 554, 557, 629, 671, 677, 17, 501, 1961],
    [45, 747, 180, 489, 487, 486, 1307, 1387, 1944, 291, 318, 24, 564, 720, 540, 506, 1964, 20],
    [46, 748, 181, 509, 493, 498, 578, 1378, 2025, 289, 76, 52, 565, 721, 541, 263, 1234, 992],
    [47, 749, 182, 499, 490, 510, 2036, 1396, 2106, 296, 563, 80, 566, 722, 542, 20, 504, 1964],
    [48, 750, 183, 491, 511, 496, 1310, 1390, 1947, 261, 75, 294, 555, 693, 621, 266, 1966, 752],
    [49, 751, 184, 508, 508, 508, 581, 1381, 2028, 268, 562, 322, 556, 694, 622, 23, 1236, 1724],
    [50, 752, 185, 498, 505, 493, 2039, 1399, 2109, 266, 320, 269, 557, 695, 623, 509, 509, 509],
    [51, 753, 186, 490, 499, 506, 1313, 1393, 1950, 321, 561, 564, 546, 666, 702, 26, 1968, 1484],
    [52, 754, 187, 507, 496, 491, 584, 1384, 2031, 319, 319, 511, 547, 667, 703, 512, 1241, 269],
    [53, 755, 188, 500, 502, 503, 2042, 1402, 2112, 317, 77, 539, 548, 668, 704, 269, 511, 1241],
    [189, 1215, 891, 515, 519, 522, 1333, 1333, 513, 27, 54, 33, 723, 645, 495, 272, 1972, 758],
    [190, 1216, 892, 532, 516, 534, 604, 1324, 594, 34, 541, 61, 724, 646, 496, 29, 1242, 1730],
    [191, 1217, 893, 522, 513, 519, 2062, 1342, 675, 32, 299, 8, 725, 647, 497, 515, 515, 515],
    [192, 1218, 894, 514, 534, 532, 1336, 1336, 516, 6, 540, 303, 714, 618, 576, 32, 1974, 1490],
    [193, 1219, 895, 531, 531, 517, 607, 1327, 597, 4, 298, 250, 715, 619, 577, 518, 1247, 275],
    [194, 1220, 896, 524, 537, 529, 2065, 1345, 678, 2, 56, 278, 716, 620, 578, 275, 517, 1247],
    [195, 1221, 897, 513, 522, 515, 1339, 1339, 519, 57, 297, 492, 705, 591, 657, 521, 1979, 35],
    [196, 1222, 898, 533, 528, 527, 610, 1330, 600, 55, 55, 520, 706, 592, 658, 278, 1249, 1007],
    [197, 1223, 899, 523, 525, 539, 2068, 1348, 681, 62, 542, 548, 707, 593, 659, 35, 519, 1979],
    [198, 1224, 900, 519, 515, 513, 1332, 1252, 1242, 39, 306, 15, 642, 642, 522, 524, 1982, 38],
    [199, 1225, 901, 539, 521, 525, 603, 1243, 1323, 37, 64, 43, 643, 643, 523, 281, 1252, 1010],
    [200, 1226, 902, 529, 518, 537, 2061, 1261, 1404, 44, 551, 71, 644, 644, 524, 38, 522, 1982],
    [201, 1227, 903, 521, 539, 523, 1335, 1255, 1245, 9, 63, 285, 633, 615, 603, 284, 1984, 770],
    [202, 1228, 904, 538, 536, 535, 606, 1246, 1326, 16, 550, 313, 634, 616, 604, 41, 1254, 1742],
    [203, 1229, 905, 528, 533, 520, 2064, 1264, 1407, 14, 308, 260, 635, 617, 605, 527, 527, 527],
    [204, 1230, 906, 520, 527, 533, 1338, 1258, 1248, 69, 549, 555, 624, 588, 684, 44, 1986, 1502],
    [205, 1231, 907, 537, 524, 518, 609, 1249, 1329, 67, 307, 502, 625, 589, 685, 530, 1259, 287],
    [206, 1232, 908, 530, 530, 530, 2067, 1267, 1410, 65, 65, 530, 626, 590, 686, 287, 529, 1259],
    [207, 1233, 909, 517, 517, 531, 1334, 1414, 1971, 51, 558, 78, 561, 639, 549, 47, 1989, 1505],
    [208, 1234, 910, 534, 514, 516, 605, 1405, 2052, 49, 316, 25, 562, 640, 550, 533, 1262, 290],
    [209, 1235, 911, 527, 520, 528, 2063, 1423, 2133, 47, 74, 53, 563, 641, 551, 290, 532, 1262],
    [210, 1236, 912, 516, 532, 514, 1337, 1417, 1974, 21, 315, 267, 552, 612, 630, 536, 1994, 50],
    [211, 1237, 913, 536, 538, 526, 608, 1408, 2055, 19, 73, 295, 553, 613, 631, 293, 1264, 1022],
    [212, 1238, 914, 526, 535, 538, 2066, 1426, 2136, 26, 560, 323, 554, 614, 632, 50, 534, 1994],
    [213, 1239, 915, 518, 529, 524, 1340, 1420, 1977, 72, 72, 537, 543, 585, 711, 296, 1996, 782],
    [214, 1240, 916, 535, 526, 536, 611, 1411, 2058, 79, 559, 565, 544, 586, 712, 53, 1266, 1754],
    [215, 1241, 917, 525, 523, 521, 2069, 1429, 2139, 77, 317, 512, 545, 587, 713, 539, 539, 539],
    [108, 972, 1620, 540, 540, 540, 1360, 1360, 540, 516, 303, 6, 720, 564, 504, 542, 2000, 56],
    [109, 973, 1621, 560, 546, 552, 631, 1351, 621, 514, 61, 34, 721, 565, 505, 299, 1270, 1028],
    [110, 974, 1622, 550, 543, 564, 2089, 1369, 702, 521, 548, 62, 722, 566, 506, 56, 540, 2000],
    [111, 975, 1623, 542, 564, 550, 1363, 1363, 543, 486, 60, 276, 711, 537, 585, 302, 2002, 788],
    [112, 976, 1624, 559, 561, 562, 634, 1354, 624, 493, 547, 304, 712, 538, 586, 59, 1272, 1760],
    [113, 977, 1625, 549, 558, 547, 2092, 1372, 705, 491, 305, 251, 713, 539, 587, 545, 545, 545],
    [114, 978, 1626, 541, 552, 560, 1366, 1366, 546, 546, 546, 546, 702, 510, 666, 62, 2004, 1520],
    [115, 979, 1627, 558, 549, 545, 637, 1357, 627, 544, 304, 493, 703, 511, 667, 548, 1277, 305],
    [116, 980, 1628, 551, 555, 557, 2095, 1375, 708, 542, 62, 521, 704, 512, 668, 305, 547, 1277],
    [117, 981, 1629, 547, 545, 558, 1359, 1279, 1269, 528, 555, 69, 639, 561, 531, 65, 2007, 1523],
    [118, 982, 1630, 564, 542, 543, 630, 1270, 1350, 526, 313, 16, 640, 562, 532, 551, 1280, 308],
    [119, 983, 1631, 557, 548, 555, 2088, 1288, 1431, 524, 71, 44, 641, 563, 533, 308, 550, 1280],
    [120, 984, 1632, 546, 560, 541, 1362, 1282, 1272, 498, 312, 258, 630, 534, 612, 554, 2012, 68],
    [121, 985, 1633, 566, 566, 553, 633, 1273, 1353, 496, 70, 286, 631, 535, 613, 311, 1282, 1040],
    [122, 986, 1634, 556, 563, 565, 2091, 1291, 1434, 503, 557, 314, 632, 536, 614, 68, 552, 2012],
    [123, 987, 1635, 548, 557, 551, 1365, 1285, 1275, 549, 69, 528, 621, 507, 693, 314, 2014, 800],
    [124, 988, 1636, 565, 554, 563, 636, 1276, 1356, 556, 556, 556, 622, 508, 694, 71, 1284, 1772],
    [125, 989, 1637, 555, 551, 548, 2094, 1294, 1437, 554, 314, 503, 623, 509, 695, 557, 557, 557],
    [126, 990, 1638, 545, 547, 549, 1361, 1441, 1998, 531, 78, 51, 558, 558, 558, 317, 2017, 803],
    [127, 991, 1639, 562, 544, 561, 632, 1432, 2079, 538, 565, 79, 559, 559, 559, 74, 1287, 1775],
    [128, 992, 1640, 552, 541, 546, 2090, 1450, 2160, 536, 323, 26, 560, 560, 560, 560, 560, 560],
    [129, 993, 1641, 544, 562, 559, 1364, 1444, 2001, 510, 564, 321, 549, 531, 639, 77, 2019, 1535],
    [130, 994, 1642, 561, 559, 544, 635, 1435, 2082, 508, 322, 268, 550, 532, 640, 563, 1292, 320],
    [131, 995, 1643, 554, 565, 556, 2093, 1453, 2163, 506, 80, 296, 551, 533, 641, 320, 562, 1292],
    [132, 996, 1644, 543, 550, 542, 1367, 1447, 2004, 561, 321, 510, 540, 504, 720, 566, 2024, 80],
    [133, 997, 1645, 563, 556, 554, 638, 1438, 2085, 559, 79, 538, 541, 505, 721, 323, 1294, 1052],
    [134, 998, 1646, 553, 553, 566, 2096, 1456, 2166, 566, 566, 566, 542, 506, 722, 80, 564, 2024],
    [1485, 783, 405, 567, 567, 567, 1297, 577, 487, 354, 381, 87, 699, 717, 489, 569, 2027, 83],
    [1486, 784, 406, 587, 573, 579, 568, 568, 568, 352, 139, 115, 700, 718, 490, 326, 1297, 1055],
    [1487, 785, 407, 577, 570, 591, 2026, 586, 649, 359, 626, 143, 701, 719, 491, 83, 567, 2027],
    [1488, 786, 408, 569, 591, 577, 1300, 580, 490, 324, 138, 357, 690, 690, 570, 329, 2029, 815],
    [1489, 787, 409, 586, 588, 589, 571, 571, 571, 331, 625, 385, 691, 691, 571, 86, 1299, 1787],
    [1490, 788, 410, 576, 585, 574, 2029, 589, 652, 329, 383, 332, 692, 692, 572, 572, 572, 572],
    [1491, 789, 411, 568, 579, 587, 1303, 583, 493, 384, 624, 627, 681, 663, 651, 89, 2031, 1547],
    [1492, 790, 412, 585, 576, 572, 574, 574, 574, 382, 382, 574, 682, 664, 652, 575, 1304, 332],
    [1493, 791, 413, 578, 582, 584, 2032, 592, 655, 380, 140, 602, 683, 665, 653, 332, 574, 1304],
    [1494, 792, 414, 574, 572, 585, 1296, 496, 1216, 366, 633, 150, 618, 714, 516, 92, 2034, 1550],
    [1495, 793, 415, 591, 569, 570, 567, 487, 1297, 364, 391, 97, 619, 715, 517, 578, 1307, 335],
    [1496, 794, 416, 584, 575, 582, 2025, 505, 1378, 362, 149, 125, 620, 716, 518, 335, 577, 1307],
    [1497, 795, 417, 573, 587, 568, 1299, 499, 1219, 336, 390, 339, 609, 687, 597, 581, 2039, 95],
    [1498, 796, 418, 593, 593, 580, 570, 490, 1300, 334, 148, 367, 610, 688, 598, 338, 1309, 1067],
    [1499, 797, 419, 583, 590, 592, 2028, 508, 1381, 341, 635, 395, 611, 689, 599, 95, 579, 2039],
    [1500, 798, 420, 575, 584, 578, 1302, 502, 1222, 387, 147, 609, 600, 660, 678, 341, 2041, 827],
    [1501, 799, 421, 592, 581, 590, 573, 493, 1303, 394, 634, 637, 601, 661, 679, 98, 1311, 1799],
    [1502, 800, 422, 582, 578, 575, 2031, 511, 1384, 392, 392, 584, 602, 662, 680, 584, 584, 584],
    [1503, 801, 423, 572, 574, 576, 1298, 658, 1945, 369, 156, 132, 537, 711, 543, 344, 2044, 830],
    [1504, 802, 424, 589, 571, 588, 569, 649, 2026, 376, 643, 160, 538, 712, 544, 101, 1314, 1802],
    [1505, 803, 425, 579, 568, 573, 2027, 667, 2107, 374, 401, 107, 539, 713, 545, 587, 587, 587],
    [1506, 804, 426, 571, 589, 586, 1301, 661, 1948, 348, 642, 402, 528, 684, 624, 104, 2046, 1562],
    [1507, 805, 427, 588, 586, 571, 572, 652, 2029, 346, 400, 349, 529, 685, 625, 590, 1319, 347],
    [1508, 806, 428, 581, 592, 583, 2030, 670, 2110, 344, 158, 377, 530, 686, 626, 347, 589, 1319],
    [1509, 807, 429, 570, 577, 569, 1304, 664, 1951, 399, 399, 591, 519, 657, 705, 593, 2051, 107],
    [1510, 808, 430, 590, 583, 581, 575, 655, 2032, 397, 157, 619, 520, 658, 706, 350, 1321, 1079],
    [1511, 809, 431, 580, 580, 593, 2033, 673, 2113, 404, 644, 647, 521, 659, 707, 107, 591, 2051],
    [1647, 1269, 1134, 595, 597, 612, 1324, 604, 514, 114, 621, 141, 696, 636, 498, 110, 2052, 1568],
    [1648, 1270, 1135, 612, 594, 597, 595, 595, 595, 112, 379, 88, 697, 637, 499, 596, 1325, 353],
    [1649, 1271, 1136, 605, 600, 609, 2053, 613, 676, 110, 137, 116, 698, 638, 500, 353, 595, 1325],
    [1650, 1272, 1137, 594, 612, 595, 1327, 607, 517, 84, 378, 330, 687, 609, 579, 599, 2057, 113],
    [1651, 1273, 1138, 614, 618, 607, 598, 598, 598, 82, 136, 358, 688, 610, 580, 356, 1327, 1085],
    [1652, 1274, 1139, 604, 615, 619, 2056, 616, 679, 89, 623, 386, 689, 611, 581, 113, 597, 2057],
    [1653, 1275, 1140, 596, 609, 605, 1330, 610, 520, 135, 135, 600, 678, 582, 660, 359, 2059, 845],
    [1654, 1276, 1141, 613, 606, 617, 601, 601, 601, 142, 622, 628, 679, 583, 661, 116, 1329, 1817],
    [1655, 1277, 1142, 603, 603, 602, 2059, 619, 682, 140, 380, 575, 680, 584, 662, 602, 602, 602],
    [1656, 1278, 1143, 602, 602, 603, 1323, 523, 1243, 117, 144, 123, 615, 633, 525, 362, 2062, 848],
    [1657, 1279, 1144, 619, 599, 615, 594, 514, 1324, 124, 631, 151, 616, 634, 526, 119, 1332, 1820],
    [1658, 1280, 1145, 609, 596, 600, 2052, 532, 1405, 122, 389, 98, 617, 635, 527, 605, 605, 605],
    [1659, 1281, 1146, 601, 617, 613, 1326, 526, 1246, 96, 630, 393, 606, 606, 606, 122, 2064, 1580],
    [1660, 1282, 1147, 618, 614, 598, 597, 517, 1327, 94, 388, 340, 607, 607, 607, 608, 1337, 365],
    [1661, 1283, 1148, 611, 620, 610, 2055, 535, 1408, 92, 146, 368, 608, 608, 608, 365, 607, 1337],
    [1662, 1284, 1149, 600, 605, 596, 1329, 529, 1249, 147, 387, 582, 597, 579, 687, 611, 2069, 125],
    [1663, 1285, 1150, 620, 611, 608, 600, 520, 1330, 145, 145, 610, 598, 580, 688, 368, 1339, 1097],
    [1664, 1286, 1151, 610, 608, 620, 2058, 538, 1411, 152, 632, 638, 599, 581, 689, 125, 609, 2069],
    [1665, 1287, 1152, 597, 595, 594, 1325, 685, 1972, 129, 396, 105, 534, 630, 552, 614, 2072, 128],
    [1666, 1288, 1153, 617, 601, 606, 596, 676, 2053, 127, 154, 133, 535, 631, 553, 371, 1342, 1100],
    [1667, 1289, 1154, 607, 598, 618, 2054, 694, 2134, 134, 641, 161, 536, 632, 554, 128, 612, 2072],
    [1668, 1290, 1155, 599, 619, 604, 1328, 688, 1975, 99, 153, 375, 525, 603, 633, 374, 2074, 860],
    [1669, 1291, 1156, 616, 616, 616, 599, 679, 2056, 106, 640, 403, 526, 604, 634, 131, 1344, 1832],
    [1670, 1292, 1157, 606, 613, 601, 2057, 697, 2137, 104, 398, 350, 527, 605, 635, 617, 617, 617],
    [1671, 1293, 1158, 598, 607, 614, 1331, 691, 1978, 159, 639, 645, 516, 576, 714, 134, 2076, 1592],
    [1672, 1294, 1159, 615, 604, 599, 602, 682, 2059, 157, 397, 592, 517, 577, 715, 620, 1349, 377],
    [1673, 1295, 1160, 608, 610, 611, 2060, 700, 2140, 155, 155, 620, 518, 578, 716, 377, 619, 1349],
    [1566, 1026, 1863, 623, 627, 630, 1351, 631, 541, 594, 141, 114, 693, 555, 507, 380, 2080, 866],
    [1567, 1027, 1864, 640, 624, 642, 622, 622, 622, 601, 628, 142, 694, 556, 508, 137, 1350, 1838],
    [1568, 1028, 1865, 630, 621, 627, 2080, 640, 703, 599, 386, 89, 695, 557, 509, 623, 623, 623],
    [1569, 1029, 1866, 622, 642, 640, 1354, 634, 544, 573, 627, 384, 684, 528, 588, 140, 2082, 1598],
    [1570, 1030, 1867, 639, 639, 625, 625, 625, 625, 571, 385, 331, 685, 529, 589, 626, 1355, 383],
    [1571, 1031, 1868, 632, 645, 637, 2083, 643, 706, 569, 143, 359, 686, 530, 590, 383, 625, 1355],
    [1572, 1032, 1869, 621, 630, 623, 1357, 637, 547, 624, 384, 573, 675, 501, 669, 629, 2087, 143],
    [1573, 1033, 1870, 641, 636, 635, 628, 628, 628, 622, 142, 601, 676, 502, 670, 386, 1357, 1115],
    [1574, 1034, 1871, 631, 633, 647, 2086, 646, 709, 629, 629, 629, 677, 503, 671, 143, 627, 2087],
    [1575, 1035, 1872, 627, 623, 621, 1350, 550, 1270, 606, 393, 96, 612, 552, 534, 632, 2090, 146],
    [1576, 1036, 1873, 647, 629, 633, 621, 541, 1351, 604, 151, 124, 613, 553, 535, 389, 1360, 1118],
    [1577, 1037, 1874, 637, 626, 645, 2079, 559, 1432, 611, 638, 152, 614, 554, 536, 146, 630, 2090],
    [1578, 1038, 1875, 629, 647, 631, 1353, 553, 1273, 576, 150, 366, 603, 525, 615, 392, 2092, 878],
    [1579, 1039, 1876, 646, 644, 643, 624, 544, 1354, 583, 637, 394, 604, 526, 616, 149, 1362, 1850],
    [1580, 1040, 1877, 636, 641, 628, 2082, 562, 1435, 581, 395, 341, 605, 527, 617, 635, 635, 635],
    [1581, 1041, 1878, 628, 635, 641, 1356, 556, 1276, 636, 636, 636, 594, 498, 696, 152, 2094, 1610],
    [1582, 1042, 1879, 645, 632, 626, 627, 547, 1357, 634, 394, 583, 595, 499, 697, 638, 1367, 395],
    [1583, 1043, 1880, 638, 638, 638, 2085, 565, 1438, 632, 152, 611, 596, 500, 698, 395, 637, 1367],
    [1584, 1044, 1881, 625, 625, 639, 1352, 712, 1999, 618, 645, 159, 531, 549, 561, 155, 2097, 1613],
    [1585, 1045, 1882, 642, 622, 624, 623, 703, 2080, 616, 403, 106, 532, 550, 562, 641, 1370, 398],
    [1586, 1046, 1883, 635, 628, 636, 2081, 721, 2161, 614, 161, 134, 533, 551, 563, 398, 640, 1370],
    [1587, 1047, 1884, 624, 640, 622, 1355, 715, 2002, 588, 402, 348, 522, 522, 642, 644, 2102, 158],
    [1588, 1048, 1885, 644, 646, 634, 626, 706, 2083, 586, 160, 376, 523, 523, 643, 401, 1372, 1130],
    [1589, 1049, 1886, 634, 643, 646, 2084, 724, 2164, 593, 647, 404, 524, 524, 644, 158, 642, 2102],
    [1590, 1050, 1887, 626, 637, 632, 1358, 718, 2005, 639, 159, 618, 513, 495, 723, 404, 2104, 890],
    [1591, 1051, 1888, 643, 634, 644, 629, 709, 2086, 646, 646, 646, 514, 496, 724, 161, 1374, 1862],
    [1592, 1052, 1889, 633, 631, 629, 2087, 727, 2167, 644, 404, 593, 515, 497, 725, 647, 647, 647],
    [756, 756, 648, 650, 654, 657, 1315, 2035, 488, 432, 219, 195, 672, 708, 492, 407, 2107, 893],
    [757, 757, 649, 667, 651, 669, 586, 2026, 569, 439, 706, 223, 673, 709, 493, 164, 1377, 1865],
    [758, 758, 650, 657, 648, 654, 2044, 2044, 650, 437, 464, 170, 674, 710, 494, 650, 650, 650],
    [759, 759, 651, 649, 669, 667, 1318, 2038, 491, 411, 705, 465, 663, 681, 573, 167, 2109, 1625],
    [760, 760, 652, 666, 666, 652, 589, 2029, 572, 409, 463, 412, 664, 682, 574, 653, 1382, 410],
    [761, 761, 653, 659, 672, 664, 2047, 2047, 653, 407, 221, 440, 665, 683, 575, 410, 652, 1382],
    [762, 762, 654, 648, 657, 650, 1321, 2041, 494, 462, 462, 654, 654, 654, 654, 656, 2114, 170],
    [763, 763, 655, 668, 663, 662, 592, 2032, 575, 460, 220, 682, 655, 655, 655, 413, 1384, 1142],
    [764, 764, 656, 658, 660, 674, 2050, 2050, 656, 467, 707, 710, 656, 656, 656, 170, 654, 2114],
    [765, 765, 657, 654, 650, 648, 1314, 1954, 1217, 444, 471, 177, 591, 705, 519, 659, 2117, 173],
    [766, 766, 658, 674, 656, 660, 585, 1945, 1298, 442, 229, 205, 592, 706, 520, 416, 1387, 1145],
    [767, 767, 659, 664, 653, 672, 2043, 1963, 1379, 449, 716, 233, 593, 707, 521, 173, 657, 2117],
    [768, 768, 660, 656, 674, 658, 1317, 1957, 1220, 414, 228, 447, 582, 678, 600, 419, 2119, 905],
    [769, 769, 661, 673, 671, 670, 588, 1948, 1301, 421, 715, 475, 583, 679, 601, 176, 1389, 1877],
    [770, 770, 662, 663, 668, 655, 2046, 1966, 1382, 419, 473, 422, 584, 680, 602, 662, 662, 662],
    [771, 771, 663, 655, 662, 668, 1320, 1960, 1223, 474, 714, 717, 573, 651, 681, 179, 2121, 1637],
    [772, 772, 664, 672, 659, 653, 591, 1951, 1304, 472, 472, 664, 574, 652, 682, 665, 1394, 422],
    [773, 773, 665, 665, 665, 665, 2049, 1969, 1385, 470, 230, 692, 575, 653, 683, 422, 664, 1394],
    [774, 774, 666, 652, 652, 666, 1316, 2116, 1946, 456, 723, 240, 510, 702, 546, 182, 2124, 1640],
    [775, 775, 667, 669, 649, 651, 587, 2107, 2027, 454, 481, 187, 511, 703, 547, 668, 1397, 425],
    [776, 776, 668, 662, 655, 663, 2045, 2125, 2108, 452, 239, 215, 512, 704, 548, 425, 667, 1397],
    [777, 777, 669, 651, 667, 649, 1319, 2119, 1949, 426, 480, 429, 501, 675, 627, 671, 2129, 185],
    [778, 778, 670, 671, 673, 661, 590, 2110, 2030, 424, 238, 457, 502, 676, 628, 428, 1399, 1157],
    [779, 779, 671, 661, 670, 673, 2048, 2128, 2111, 431, 725, 485, 503, 677, 629, 185, 669, 2129],
    [780, 780, 672, 653, 664, 659, 1322, 2122, 1952, 477, 237, 699, 492, 648, 708, 431, 2131, 917],
    [781, 781, 673, 670, 661, 671, 593, 2113, 2033, 484, 724, 727, 493, 649, 709, 188, 1401, 1889],
    [782, 782, 674, 660, 658, 656, 2051, 2131, 2114, 482, 482, 674, 494, 650, 710, 674, 674, 674],
    [918, 1242, 1377, 675, 675, 675, 1342, 2062, 515, 192, 459, 168, 669, 627, 501, 677, 2135, 191],
    [919, 1243, 1378, 695, 681, 687, 613, 2053, 596, 190, 217, 196, 670, 628, 502, 434, 1405, 1163],
    [920, 1244, 1379, 685, 678, 699, 2071, 2071, 677, 197, 704, 224, 671, 629, 503, 191, 675, 2135],
    [921, 1245, 1380, 677, 699, 685, 1345, 2065, 518, 162, 216, 438, 660, 600, 582, 437, 2137, 923],
    [922, 1246, 1381, 694, 696, 697, 616, 2056, 599, 169, 703, 466, 661, 601, 583, 194, 1407, 1895],
    [923, 1247, 1382, 684, 693, 682, 2074, 2074, 680, 167, 461, 413, 662, 602, 584, 680, 680, 680],
    [924, 1248, 1383, 676, 687, 695, 1348, 2068, 521, 222, 702, 708, 651, 573, 663, 197, 2139, 1655],
    [925, 1249, 1384, 693, 684, 680, 619, 2059, 602, 220, 460, 655, 652, 574, 664, 683, 1412, 440],
    [926, 1250, 1385, 686, 690, 692, 2077, 2077, 683, 218, 218, 683, 653, 575, 665, 440, 682, 1412],
    [927, 1251, 1386, 682, 680, 693, 1341, 1981, 1244, 204, 711, 231, 588, 624, 528, 200, 2142, 1658],
    [928, 1252, 1387, 699, 677, 678, 612, 1972, 1325, 202, 469, 178, 589, 625, 529, 686, 1415, 443],
    [929, 1253, 1388, 692, 683, 690, 2070, 1990, 1406, 200, 227, 206, 590, 626, 530, 443, 685, 1415],
    [930, 1254, 1389, 681, 695, 676, 1344, 1984, 1247, 174, 468, 420, 579, 597, 609, 689, 2147, 203],
    [931, 1255, 1390, 701, 701, 688, 615, 1975, 1328, 172, 226, 448, 580, 598, 610, 446, 1417, 1175],
    [932, 1256, 1391, 691, 698, 700, 2073, 1993, 1409, 179, 713, 476, 581, 599, 611, 203, 687, 2147],
    [933, 1257, 1392, 683, 692, 686, 1347, 1987, 1250, 225, 225, 690, 570, 570, 690, 449, 2149, 935],
    [934, 1258, 1393, 700, 689, 698, 618, 1978, 1331, 232, 712, 718, 571, 571, 691, 206, 1419, 1907],
    [935, 1259, 1394, 690, 686, 683, 2076, 1996, 1412, 230, 470, 665, 572, 572, 692, 692, 692, 692],
    [936, 1260, 1395, 680, 682, 684, 1343, 2143, 1973, 207, 234, 213, 507, 621, 555, 452, 2152, 938],
    [937, 1261, 1396, 697, 679, 696, 614, 2134, 2054, 214, 721, 241, 508, 622, 556, 209, 1422, 1910],
    [938, 1262, 1397, 687, 676, 681, 2072, 2152, 2135, 212, 479, 188, 509, 623, 557, 695, 695, 695],
    [939, 1263, 1398, 679, 697, 694, 1346, 2146, 1976, 186, 720, 483, 498, 594, 636, 212, 2154, 1670],
    [940, 1264, 1399, 696, 694, 679, 617, 2137, 2057, 184, 478, 430, 499, 595, 637, 698, 1427, 455],
    [941, 1265, 1400, 689, 700, 691, 2075, 2155, 2138, 182, 236, 458, 500, 596, 638, 455, 697, 1427],
    [942, 1266, 1401, 678, 685, 677, 1349, 2149, 1979, 237, 477, 672, 489, 567, 717, 701, 2159, 215],
    [943, 1267, 1402, 698, 691, 689, 620, 2140, 2060, 235, 235, 700, 490, 568, 718, 458, 1429, 1187],
    [944, 1268, 1403, 688, 688, 701, 2078, 2158, 2141, 242, 722, 728, 491, 569, 719, 215, 699, 2159],
    [837, 999, 2106, 703, 705, 720, 1369, 2089, 542, 681, 708, 222, 666, 546, 510, 218, 2160, 1676],
    [838, 1000, 2107, 720, 702, 705, 640, 2080, 623, 679, 466, 169, 667, 547, 511, 704, 1433, 461],
    [839, 1001, 2108, 713, 708, 717, 2098, 2098, 704, 677, 224, 197, 668, 548, 512, 461, 703, 1433],
    [840, 1002, 2109, 702, 720, 703, 1372, 2092, 545, 651, 465, 411, 657, 519, 591, 707, 2165, 221],
    [841, 1003, 2110, 722, 726, 715, 643, 2083, 626, 649, 223, 439, 658, 520, 592, 464, 1435, 1193],
    [842, 1004, 2111, 712, 723, 727, 2101, 2101, 707, 656, 710, 467, 659, 521, 593, 221, 705, 2165],
    [843, 1005, 2112, 704, 717, 713, 1375, 2095, 548, 702, 222, 681, 648, 492, 672, 467, 2167, 953],
    [844, 1006, 2113, 721, 714, 725, 646, 2086, 629, 709, 709, 709, 649, 493, 673, 224, 1437, 1925],
    [845, 1007, 2114, 711, 711, 710, 2104, 2104, 710, 707, 467, 656, 650, 494, 674, 710, 710, 710],
    [846, 1008, 2115, 710, 710, 711, 1368, 2008, 1271, 684, 231, 204, 585, 543, 537, 470, 2170, 956],
    [847, 1009, 2116, 727, 707, 723, 639, 1999, 1352, 691, 718, 232, 586, 544, 538, 227, 1440, 1928],
    [848, 1010, 2117, 717, 704, 708, 2097, 2017, 1433, 689, 476, 179, 587, 545, 539, 713, 713, 713],
    [849, 1011, 2118, 709, 725, 721, 1371, 2011, 1274, 663, 717, 474, 576, 516, 618, 230, 2172, 1688],
    [850, 1012, 2119, 726, 722, 706, 642, 2002, 1355, 661, 475, 421, 577, 517, 619, 716, 1445, 473],
    [851, 1013, 2120, 719, 728, 718, 2100, 2020, 1436, 659, 233, 449, 578, 518, 620, 473, 715, 1445],
    [852, 1014, 2121, 708, 713, 704, 1374, 2014, 1277, 714, 474, 663, 567, 489, 699, 719, 2177, 233],
    [853, 1015, 2122, 728, 719, 716, 645, 2005, 1358, 712, 232, 691, 568, 490, 700, 476, 1447, 1205],
    [854, 1016, 2123, 718, 716, 728, 2103, 2023, 1439, 719, 719, 719, 569, 491, 701, 233, 717, 2177],
    [855, 1017, 2124, 705, 703, 702, 1370, 2170, 2000, 696, 483, 186, 504, 540, 564, 722, 2180, 236],
    [856, 1018, 2125, 725, 709, 714, 641, 2161, 2081, 694, 241, 214, 505, 541, 565, 479, 1450, 1208],
    [857, 1019, 2126, 715, 706, 726, 2099, 2179, 2162, 701, 728, 242, 506, 542, 566, 236, 720, 2180],
    [858, 1020, 2127, 707, 727, 712, 1373, 2173, 2003, 666, 240, 456, 495, 513, 645, 482, 2182, 968],
    [859, 1021, 2128, 724, 724, 724, 644, 2164, 2084, 673, 727, 484, 496, 514, 646, 239, 1452, 1940],
    [860, 1022, 2129, 714, 721, 709, 2102, 2182, 2165, 671, 485, 431, 497, 515, 647, 725, 725, 725],
    [861, 1023, 2130, 706, 715, 722, 1376, 2176, 2006, 726, 726, 726, 486, 486, 726, 242, 2184, 1700],
    [862, 1024, 2131, 723, 712, 707, 647, 2167, 2087, 724, 484, 673, 487, 487, 727, 728, 1457, 485],
    [863, 1025, 2132, 716, 718, 719, 2105, 2185, 2168, 722, 242, 701, 488, 488, 728, 485, 727, 1457],
    [486, 162, 27, 730, 732, 747, 739, 819, 9, 1005, 1245, 783, 969, 969, 729, 1459, 1701, 1458],
    [487, 163, 28, 747, 729, 732, 10, 810, 90, 1003, 1003, 730, 970, 970, 730, 1945, 974, 243],
    [488, 164, 29, 740, 735, 744, 1468, 828, 171, 1001, 761, 758, 971, 971, 731, 1702, 244, 1215],
    [489, 165, 30, 729, 747, 730, 742, 822, 12, 975, 1002, 972, 960, 942, 810, 1948, 1706, 3],
    [490, 166, 31, 749, 753, 742, 13, 813, 93, 973, 760, 1000, 961, 943, 811, 1705, 976, 975],
    [491, 167, 32, 739, 750, 754, 1471, 831, 174, 980, 1247, 1028, 962, 944, 812, 1462, 246, 1947],
    [492, 168, 33, 731, 744, 740, 745, 825, 15, 1026, 759, 1242, 951, 915, 891, 1708, 1708, 735],
    [493, 169, 34, 748, 741, 752, 16, 816, 96, 1033, 1246, 1270, 952, 916, 892, 1465, 978, 1707],
    [494, 170, 35, 738, 738, 737, 1474, 834, 177, 1031, 1004, 1217, 953, 917, 893, 1951, 251, 492],
    [495, 171, 36, 737, 737, 738, 738, 738, 738, 1008, 768, 765, 888, 966, 756, 1711, 1711, 738],
    [496, 172, 37, 754, 734, 750, 9, 729, 819, 1015, 1255, 793, 889, 967, 757, 1468, 981, 1710],
    [497, 173, 38, 744, 731, 735, 1467, 747, 900, 1013, 1013, 740, 890, 968, 758, 1954, 254, 495],
    [498, 174, 39, 736, 752, 748, 741, 741, 741, 987, 1254, 1035, 879, 939, 837, 1471, 1713, 1470],
    [499, 175, 40, 753, 749, 733, 12, 732, 822, 985, 1012, 982, 880, 940, 838, 1957, 986, 255],
    [500, 176, 41, 746, 755, 745, 1470, 750, 903, 983, 770, 1010, 881, 941, 839, 1714, 256, 1227],
    [501, 177, 42, 735, 740, 731, 744, 744, 744, 1038, 1011, 1224, 870, 912, 918, 1960, 1718, 15],
    [502, 178, 43, 755, 746, 743, 15, 735, 825, 1036, 769, 1252, 871, 913, 919, 1717, 988, 987],
    [503, 179, 44, 745, 743, 755, 1473, 753, 906, 1043, 1256, 1280, 872, 914, 920, 1474, 258, 1959],
    [504, 180, 45, 732, 730, 729, 740, 900, 1467, 1020, 1020, 747, 807, 963, 783, 1963, 1721, 18],
    [505, 181, 46, 752, 736, 741, 11, 891, 1548, 1018, 778, 775, 808, 964, 784, 1720, 991, 990],
    [506, 182, 47, 742, 733, 753, 1469, 909, 1629, 1025, 1265, 803, 809, 965, 785, 1477, 261, 1962],
    [507, 183, 48, 734, 754, 739, 743, 903, 1470, 990, 777, 1017, 798, 936, 864, 1723, 1723, 750],
    [508, 184, 49, 751, 751, 751, 14, 894, 1551, 997, 1264, 1045, 799, 937, 865, 1480, 993, 1722],
    [509, 185, 50, 741, 748, 736, 1472, 912, 1632, 995, 1022, 992, 800, 938, 866, 1966, 266, 507],
    [510, 186, 51, 733, 742, 749, 746, 906, 1473, 1050, 1263, 1287, 789, 909, 945, 1483, 1725, 1482],
    [511, 187, 52, 750, 739, 734, 17, 897, 1554, 1048, 1021, 1234, 790, 910, 946, 1969, 998, 267],
    [512, 188, 53, 743, 745, 746, 1475, 915, 1635, 1046, 779, 1262, 791, 911, 947, 1726, 268, 1239],
    [648, 648, 756, 758, 762, 765, 766, 846, 36, 756, 756, 756, 966, 888, 738, 1729, 1729, 756],
    [649, 649, 757, 775, 759, 777, 37, 837, 117, 763, 1243, 784, 967, 889, 739, 1486, 999, 1728],
    [650, 650, 758, 765, 756, 762, 1495, 855, 198, 761, 1001, 731, 968, 890, 740, 1972, 272, 513],
    [651, 651, 759, 757, 777, 775, 769, 849, 39, 735, 1242, 1026, 957, 861, 819, 1489, 1731, 1488],
    [652, 652, 760, 774, 774, 760, 40, 840, 120, 733, 1000, 973, 958, 862, 820, 1975, 1004, 273],
    [653, 653, 761, 767, 780, 772, 1498, 858, 201, 731, 758, 1001, 959, 863, 821, 1732, 274, 1245],
    [654, 654, 762, 756, 765, 758, 772, 852, 42, 786, 999, 1215, 948, 834, 900, 1978, 1736, 33],
    [655, 655, 763, 776, 771, 770, 43, 843, 123, 784, 757, 1243, 949, 835, 901, 1735, 1006, 1005],
    [656, 656, 764, 766, 768, 782, 1501, 861, 204, 791, 1244, 1271, 950, 836, 902, 1492, 276, 1977],
    [657, 657, 765, 762, 758, 756, 765, 765, 765, 768, 1008, 738, 885, 885, 765, 1981, 1739, 36],
    [658, 658, 766, 782, 764, 768, 36, 756, 846, 766, 766, 766, 886, 886, 766, 1738, 1009, 1008],
    [659, 659, 767, 772, 761, 780, 1494, 774, 927, 773, 1253, 794, 887, 887, 767, 1495, 279, 1980],
    [660, 660, 768, 764, 782, 766, 768, 768, 768, 738, 765, 1008, 876, 858, 846, 1741, 1741, 768],
    [661, 661, 769, 781, 779, 778, 39, 759, 849, 745, 1252, 1036, 877, 859, 847, 1498, 1011, 1740],
    [662, 662, 770, 771, 776, 763, 1497, 777, 930, 743, 1010, 983, 878, 860, 848, 1984, 284, 525],
    [663, 663, 771, 763, 770, 776, 771, 771, 771, 798, 1251, 1278, 867, 831, 927, 1501, 1743, 1500],
    [664, 664, 772, 780, 767, 761, 42, 762, 852, 796, 1009, 1225, 868, 832, 928, 1987, 1016, 285],
    [665, 665, 773, 773, 773, 773, 1500, 780, 933, 794, 767, 1253, 869, 833, 929, 1744, 286, 1257],
    [666, 666, 774, 760, 760, 774, 767, 927, 1494, 780, 1260, 801, 804, 882, 792, 1504, 1746, 1503],
    [667, 667, 775, 777, 757, 759, 38, 918, 1575, 778, 1018, 748, 805, 883, 793, 1990, 1019, 288],
    [668, 668, 776, 770, 763, 771, 1496, 936, 1656, 776, 776, 776, 806, 884, 794, 1747, 289, 1260],
    [669, 669, 777, 759, 775, 757, 770, 930, 1497, 750, 1017, 990, 795, 855, 873, 1993, 1751, 48],
    [670, 670, 778, 779, 781, 769, 41, 921, 1578, 748, 775, 1018, 796, 856, 874, 1750, 1021, 1020],
    [671, 671, 779, 769, 778, 781, 1499, 939, 1659, 755, 1262, 1046, 797, 857, 875, 1507, 291, 1992],
    [672, 672, 780, 761, 772, 767, 773, 933, 1500, 801, 774, 1260, 786, 828, 954, 1753, 1753, 780],
    [673, 673, 781, 778, 769, 779, 44, 924, 1581, 808, 1261, 1288, 787, 829, 955, 1510, 1023, 1752],
    [674, 674, 782, 768, 766, 764, 1502, 942, 1662, 806, 1019, 1235, 788, 830, 956, 1996, 296, 537],
    [567, 405, 1485, 783, 783, 783, 793, 873, 63, 1245, 1005, 729, 963, 807, 747, 1999, 1757, 54],
    [568, 406, 1486, 803, 789, 795, 64, 864, 144, 1243, 763, 757, 964, 808, 748, 1756, 1027, 1026],
    [569, 407, 1487, 793, 786, 807, 1522, 882, 225, 1250, 1250, 785, 965, 809, 749, 1513, 297, 1998],
    [570, 408, 1488, 785, 807, 793, 796, 876, 66, 1215, 762, 999, 954, 780, 828, 1759, 1759, 786],
    [571, 409, 1489, 802, 804, 805, 67, 867, 147, 1222, 1249, 1027, 955, 781, 829, 1516, 1029, 1758],
    [572, 410, 1490, 792, 801, 790, 1525, 885, 228, 1220, 1007, 974, 956, 782, 830, 2002, 302, 543],
    [573, 411, 1491, 784, 795, 803, 799, 879, 69, 1275, 1248, 1269, 945, 753, 909, 1519, 1761, 1518],
    [574, 412, 1492, 801, 792, 788, 70, 870, 150, 1273, 1006, 1216, 946, 754, 910, 2005, 1034, 303],
    [575, 413, 1493, 794, 798, 800, 1528, 888, 231, 1271, 764, 1244, 947, 755, 911, 1762, 304, 1275],
    [576, 414, 1494, 790, 788, 801, 792, 792, 792, 1257, 1257, 792, 882, 804, 774, 1522, 1764, 1521],
    [577, 415, 1495, 807, 785, 786, 63, 783, 873, 1255, 1015, 739, 883, 805, 775, 2008, 1037, 306],
    [578, 416, 1496, 800, 791, 798, 1521, 801, 954, 1253, 773, 767, 884, 806, 776, 1765, 307, 1278],
    [579, 417, 1497, 789, 803, 784, 795, 795, 795, 1227, 1014, 981, 873, 777, 855, 2011, 1769, 66],
    [580, 418, 1498, 809, 809, 796, 66, 786, 876, 1225, 772, 1009, 874, 778, 856, 1768, 1039, 1038],
    [581, 419, 1499, 799, 806, 808, 1524, 804, 957, 1232, 1259, 1037, 875, 779, 857, 1525, 309, 2010],
    [582, 420, 1500, 791, 800, 794, 798, 798, 798, 1278, 771, 1251, 864, 750, 936, 1771, 1771, 798],
    [583, 421, 1501, 808, 797, 806, 69, 789, 879, 1285, 1258, 1279, 865, 751, 937, 1528, 1041, 1770],
    [584, 422, 1502, 798, 794, 791, 1527, 807, 960, 1283, 1016, 1226, 866, 752, 938, 2014, 314, 555],
    [585, 423, 1503, 788, 790, 792, 794, 954, 1521, 1260, 780, 774, 801, 801, 801, 1774, 1774, 801],
    [586, 424, 1504, 805, 787, 804, 65, 945, 1602, 1267, 1267, 802, 802, 802, 802, 1531, 1044, 1773],
    [587, 425, 1505, 795, 784, 789, 1523, 963, 1683, 1265, 1025, 749, 803, 803, 803, 2017, 317, 558],
    [588, 426, 1506, 787, 805, 802, 797, 957, 1524, 1239, 1266, 1044, 792, 774, 882, 1534, 1776, 1533],
    [589, 427, 1507, 804, 802, 787, 68, 948, 1605, 1237, 1024, 991, 793, 775, 883, 2020, 1049, 318],
    [590, 428, 1508, 797, 808, 799, 1526, 966, 1686, 1235, 782, 1019, 794, 776, 884, 1777, 319, 1290],
    [591, 429, 1509, 786, 793, 785, 800, 960, 1527, 1290, 1023, 1233, 783, 747, 963, 2023, 1781, 78],
    [592, 430, 1510, 806, 799, 797, 71, 951, 1608, 1288, 781, 1261, 784, 748, 964, 1780, 1051, 1050],
    [593, 431, 1511, 796, 796, 809, 1529, 969, 1689, 1295, 1268, 1289, 785, 749, 965, 1537, 321, 2022],
    [1944, 216, 270, 810, 810, 810, 730, 90, 10, 1083, 1083, 810, 942, 960, 732, 2026, 1784, 81],
    [1945, 217, 271, 830, 816, 822, 1, 81, 91, 1081, 841, 838, 943, 961, 733, 1783, 1054, 1053],
    [1946, 218, 272, 820, 813, 834, 1459, 99, 172, 1088, 1328, 866, 944, 962, 734, 1540, 324, 2025],
    [1947, 219, 273, 812, 834, 820, 733, 93, 13, 1053, 840, 1080, 933, 933, 813, 1786, 1786, 813],
    [1948, 220, 274, 829, 831, 832, 4, 84, 94, 1060, 1327, 1108, 934, 934, 814, 1543, 1056, 1785],
    [1949, 221, 275, 819, 828, 817, 1462, 102, 175, 1058, 1085, 1055, 935, 935, 815, 2029, 329, 570],
    [1950, 222, 276, 811, 822, 830, 736, 96, 16, 1113, 1326, 1350, 924, 906, 894, 1546, 1788, 1545],
    [1951, 223, 277, 828, 819, 815, 7, 87, 97, 1111, 1084, 1297, 925, 907, 895, 2032, 1061, 330],
    [1952, 224, 278, 821, 825, 827, 1465, 105, 178, 1109, 842, 1325, 926, 908, 896, 1789, 331, 1302],
    [1953, 225, 279, 817, 815, 828, 729, 9, 739, 1095, 1335, 873, 861, 957, 759, 1549, 1791, 1548],
    [1954, 226, 280, 834, 812, 813, 0, 0, 820, 1093, 1093, 820, 862, 958, 760, 2035, 1064, 333],
    [1955, 227, 281, 827, 818, 825, 1458, 18, 901, 1091, 851, 848, 863, 959, 761, 1792, 334, 1305],
    [1956, 228, 282, 816, 830, 811, 732, 12, 742, 1065, 1092, 1062, 852, 930, 840, 2038, 1796, 93],
    [1957, 229, 283, 836, 836, 823, 3, 3, 823, 1063, 850, 1090, 853, 931, 841, 1795, 1066, 1065],
    [1958, 230, 284, 826, 833, 835, 1461, 21, 904, 1070, 1337, 1118, 854, 932, 842, 1552, 336, 2037],
    [1959, 231, 285, 818, 827, 821, 735, 15, 745, 1116, 849, 1332, 843, 903, 921, 1798, 1798, 825],
    [1960, 232, 286, 835, 824, 833, 6, 6, 826, 1123, 1336, 1360, 844, 904, 922, 1555, 1068, 1797],
    [1961, 233, 287, 825, 821, 818, 1464, 24, 907, 1121, 1094, 1307, 845, 905, 923, 2041, 341, 582],
    [1962, 234, 288, 815, 817, 819, 731, 171, 1468, 1098, 858, 855, 780, 954, 786, 1801, 1801, 828],
    [1963, 235, 289, 832, 814, 831, 2, 162, 1549, 1105, 1345, 883, 781, 955, 787, 1558, 1071, 1800],
    [1964, 236, 290, 822, 811, 816, 1460, 180, 1630, 1103, 1103, 830, 782, 956, 788, 2044, 344, 585],
    [1965, 237, 291, 814, 832, 829, 734, 174, 1471, 1077, 1344, 1125, 771, 927, 867, 1561, 1803, 1560],
    [1966, 238, 292, 831, 829, 814, 5, 165, 1552, 1075, 1102, 1072, 772, 928, 868, 2047, 1076, 345],
    [1967, 239, 293, 824, 835, 826, 1463, 183, 1633, 1073, 860, 1100, 773, 929, 869, 1804, 346, 1317],
    [1968, 240, 294, 813, 820, 812, 737, 177, 1474, 1128, 1101, 1314, 762, 900, 948, 2050, 1808, 105],
    [1969, 241, 295, 833, 826, 824, 8, 168, 1555, 1126, 859, 1342, 763, 901, 949, 1807, 1078, 1077],
    [1970, 242, 296, 823, 823, 836, 1466, 186, 1636, 1133, 1346, 1370, 764, 902, 950, 1564, 348, 2049],
    [2106, 702, 999, 838, 840, 855, 757, 117, 37, 843, 1323, 864, 939, 879, 741, 1567, 1809, 1566],
    [2107, 703, 1000, 855, 837, 840, 28, 108, 118, 841, 1081, 811, 940, 880, 742, 2053, 1082, 351],
    [2108, 704, 1001, 848, 843, 852, 1486, 126, 199, 839, 839, 839, 941, 881, 743, 1810, 352, 1323],
    [2109, 705, 1002, 837, 855, 838, 760, 120, 40, 813, 1080, 1053, 930, 852, 822, 2056, 1814, 111],
    [2110, 706, 1003, 857, 861, 850, 31, 111, 121, 811, 838, 1081, 931, 853, 823, 1813, 1084, 1083],
    [2111, 707, 1004, 847, 858, 862, 1489, 129, 202, 818, 1325, 1109, 932, 854, 824, 1570, 354, 2055],
    [2112, 708, 1005, 839, 852, 848, 763, 123, 43, 864, 837, 1323, 921, 825, 903, 1816, 1816, 843],
    [2113, 709, 1006, 856, 849, 860, 34, 114, 124, 871, 1324, 1351, 922, 826, 904, 1573, 1086, 1815],
    [2114, 710, 1007, 846, 846, 845, 1492, 132, 205, 869, 1082, 1298, 923, 827, 905, 2059, 359, 600],
    [2115, 711, 1008, 845, 845, 846, 756, 36, 766, 846, 846, 846, 858, 876, 768, 1819, 1819, 846],
    [2116, 712, 1009, 862, 842, 858, 27, 27, 847, 853, 1333, 874, 859, 877, 769, 1576, 1089, 1818],
    [2117, 713, 1010, 852, 839, 843, 1485, 45, 928, 851, 1091, 821, 860, 878, 770, 2062, 362, 603],
    [2118, 714, 1011, 844, 860, 856, 759, 39, 769, 825, 1332, 1116, 849, 849, 849, 1579, 1821, 1578],
    [2119, 715, 1012, 861, 857, 841, 30, 30, 850, 823, 1090, 1063, 850, 850, 850, 2065, 1094, 363],
    [2120, 716, 1013, 854, 863, 853, 1488, 48, 931, 821, 848, 1091, 851, 851, 851, 1822, 364, 1335],
    [2121, 717, 1014, 843, 848, 839, 762, 42, 772, 876, 1089, 1305, 840, 822, 930, 2068, 1826, 123],
    [2122, 718, 1015, 863, 854, 851, 33, 33, 853, 874, 847, 1333, 841, 823, 931, 1825, 1096, 1095],
    [2123, 719, 1016, 853, 851, 863, 1491, 51, 934, 881, 1334, 1361, 842, 824, 932, 1582, 366, 2067],
    [2124, 720, 1017, 840, 838, 837, 758, 198, 1495, 858, 1098, 828, 777, 873, 795, 2071, 1829, 126],
    [2125, 721, 1018, 860, 844, 849, 29, 189, 1576, 856, 856, 856, 778, 874, 796, 1828, 1099, 1098],
    [2126, 722, 1019, 850, 841, 861, 1487, 207, 1657, 863, 1343, 884, 779, 875, 797, 1585, 369, 2070],
    [2127, 723, 1020, 842, 862, 847, 761, 201, 1498, 828, 855, 1098, 768, 846, 876, 1831, 1831, 858],
    [2128, 724, 1021, 859, 859, 859, 32, 192, 1579, 835, 1342, 1126, 769, 847, 877, 1588, 1101, 1830],
    [2129, 725, 1022, 849, 856, 844, 1490, 210, 1660, 833, 1100, 1073, 770, 848, 878, 2074, 374, 615],
    [2130, 726, 1023, 841, 850, 857, 764, 204, 1501, 888, 1341, 1368, 759, 819, 957, 1591, 1833, 1590],
    [2131, 727, 1024, 858, 847, 842, 35, 195, 1582, 886, 1099, 1315, 760, 820, 958, 2077, 1106, 375],
    [2132, 728, 1025, 851, 853, 854, 1493, 213, 1663, 884, 857, 1343, 761, 821, 959, 1834, 376, 1347],
    [2025, 459, 1728, 866, 870, 873, 784, 144, 64, 1323, 843, 837, 936, 798, 750, 1837, 1837, 864],
    [2026, 460, 1729, 883, 867, 885, 55, 135, 145, 1330, 1330, 865, 937, 799, 751, 1594, 1107, 1836],
    [2027, 461, 1730, 873, 864, 870, 1513, 153, 226, 1328, 1088, 812, 938, 800, 752, 2080, 380, 621],
    [2028, 462, 1731, 865, 885, 883, 787, 147, 67, 1302, 1329, 1107, 927, 771, 831, 1597, 1839, 1596],
    [2029, 463, 1732, 882, 882, 868, 58, 138, 148, 1300, 1087, 1054, 928, 772, 832, 2083, 1112, 381],
    [2030, 464, 1733, 875, 888, 880, 1516, 156, 229, 1298, 845, 1082, 929, 773, 833, 1840, 382, 1353],
    [2031, 465, 1734, 864, 873, 866, 790, 150, 70, 1353, 1086, 1296, 918, 744, 912, 2086, 1844, 141],
    [2032, 466, 1735, 884, 879, 878, 61, 141, 151, 1351, 844, 1324, 919, 745, 913, 1843, 1114, 1113],
    [2033, 467, 1736, 874, 876, 890, 1519, 159, 232, 1358, 1331, 1352, 920, 746, 914, 1600, 384, 2085],
    [2034, 468, 1737, 870, 866, 864, 783, 63, 793, 1335, 1095, 819, 855, 795, 777, 2089, 1847, 144],
    [2035, 469, 1738, 890, 872, 876, 54, 54, 874, 1333, 853, 847, 856, 796, 778, 1846, 1117, 1116],
    [2036, 470, 1739, 880, 869, 888, 1512, 72, 955, 1340, 1340, 875, 857, 797, 779, 1603, 387, 2088],
    [2037, 471, 1740, 872, 890, 874, 786, 66, 796, 1305, 852, 1089, 846, 768, 858, 1849, 1849, 876],
    [2038, 472, 1741, 889, 887, 886, 57, 57, 877, 1312, 1339, 1117, 847, 769, 859, 1606, 1119, 1848],
    [2039, 473, 1742, 879, 884, 871, 1515, 75, 958, 1310, 1097, 1064, 848, 770, 860, 2092, 392, 633],
    [2040, 474, 1743, 871, 878, 884, 789, 69, 799, 1365, 1338, 1359, 837, 741, 939, 1609, 1851, 1608],
    [2041, 475, 1744, 888, 875, 869, 60, 60, 880, 1363, 1096, 1306, 838, 742, 940, 2095, 1124, 393],
    [2042, 476, 1745, 881, 881, 881, 1518, 78, 961, 1361, 854, 1334, 839, 743, 941, 1852, 394, 1365],
    [2043, 477, 1746, 868, 868, 882, 785, 225, 1522, 1347, 1347, 882, 774, 792, 804, 1612, 1854, 1611],
    [2044, 478, 1747, 885, 865, 867, 56, 216, 1603, 1345, 1105, 829, 775, 793, 805, 2098, 1127, 396],
    [2045, 479, 1748, 878, 871, 879, 1514, 234, 1684, 1343, 863, 857, 776, 794, 806, 1855, 397, 1368],
    [2046, 480, 1749, 867, 883, 865, 788, 228, 1525, 1317, 1104, 1071, 765, 765, 885, 2101, 1859, 156],
    [2047, 481, 1750, 887, 889, 877, 59, 219, 1606, 1315, 862, 1099, 766, 766, 886, 1858, 1129, 1128],
    [2048, 482, 1751, 877, 886, 889, 1517, 237, 1687, 1322, 1349, 1127, 767, 767, 887, 1615, 399, 2100],
    [2049, 483, 1752, 869, 880, 875, 791, 231, 1528, 1368, 861, 1341, 756, 738, 966, 1861, 1861, 888],
    [2050, 484, 1753, 886, 877, 887, 62, 222, 1609, 1375, 1348, 1369, 757, 739, 967, 1618, 1131, 1860],
    [2051, 485, 1754, 876, 874, 872, 1520, 240, 1690, 1373, 1106, 1316, 758, 740, 968, 2104, 404, 645],
    [1215, 189, 513, 893, 897, 900, 748, 1548, 11, 1161, 921, 918, 915, 951, 735, 1864, 1864, 891],
    [1216, 190, 514, 910, 894, 912, 19, 1539, 92, 1168, 1408, 946, 916, 952, 736, 1621, 1134, 1863],
    [1217, 191, 515, 900, 891, 897, 1477, 1557, 173, 1166, 1166, 893, 917, 953, 737, 2107, 407, 648],
    [1218, 192, 516, 892, 912, 910, 751, 1551, 14, 1140, 1407, 1188, 906, 924, 816, 1624, 1866, 1623],
    [1219, 193, 517, 909, 909, 895, 22, 1542, 95, 1138, 1165, 1135, 907, 925, 817, 2110, 1139, 408],
    [1220, 194, 518, 902, 915, 907, 1480, 1560, 176, 1136, 923, 1163, 908, 926, 818, 1867, 409, 1380],
    [1221, 195, 519, 891, 900, 893, 754, 1554, 17, 1191, 1164, 1377, 897, 897, 897, 2113, 1871, 168],
    [1222, 196, 520, 911, 906, 905, 25, 1545, 98, 1189, 922, 1405, 898, 898, 898, 1870, 1141, 1140],
    [1223, 197, 521, 901, 903, 917, 1483, 1563, 179, 1196, 1409, 1433, 899, 899, 899, 1627, 411, 2112],
    [1224, 198, 522, 897, 893, 891, 747, 1467, 740, 1173, 1173, 900, 834, 948, 762, 2116, 1874, 171],
    [1225, 199, 523, 917, 899, 903, 18, 1458, 821, 1171, 931, 928, 835, 949, 763, 1873, 1144, 1143],
    [1226, 200, 524, 907, 896, 915, 1476, 1476, 902, 1178, 1418, 956, 836, 950, 764, 1630, 414, 2115],
    [1227, 201, 525, 899, 917, 901, 750, 1470, 743, 1143, 930, 1170, 825, 921, 843, 1876, 1876, 903],
    [1228, 202, 526, 916, 914, 913, 21, 1461, 824, 1150, 1417, 1198, 826, 922, 844, 1633, 1146, 1875],
    [1229, 203, 527, 906, 911, 898, 1479, 1479, 905, 1148, 1175, 1145, 827, 923, 845, 2119, 419, 660],
    [1230, 204, 528, 898, 905, 911, 753, 1473, 746, 1203, 1416, 1440, 816, 894, 924, 1636, 1878, 1635],
    [1231, 205, 529, 915, 902, 896, 24, 1464, 827, 1201, 1174, 1387, 817, 895, 925, 2122, 1151, 420],
    [1232, 206, 530, 908, 908, 908, 1482, 1482, 908, 1199, 932, 1415, 818, 896, 926, 1879, 421, 1392],
    [1233, 207, 531, 895, 895, 909, 749, 1629, 1469, 1185, 1425, 963, 753, 945, 789, 1639, 1881, 1638],
    [1234, 208, 532, 912, 892, 894, 20, 1620, 1550, 1183, 1183, 910, 754, 946, 790, 2125, 1154, 423],
    [1235, 209, 533, 905, 898, 906, 1478, 1638, 1631, 1181, 941, 938, 755, 947, 791, 1882, 424, 1395],
    [1236, 210, 534, 894, 910, 892, 752, 1632, 1472, 1155, 1182, 1152, 744, 918, 870, 2128, 1886, 183],
    [1237, 211, 535, 914, 916, 904, 23, 1623, 1553, 1153, 940, 1180, 745, 919, 871, 1885, 1156, 1155],
    [1238, 212, 536, 904, 913, 916, 1481, 1641, 1634, 1160, 1427, 1208, 746, 920, 872, 1642, 426, 2127],
    [1239, 213, 537, 896, 907, 902, 755, 1635, 1475, 1206, 939, 1422, 735, 891, 951, 1888, 1888, 915],
    [1240, 214, 538, 913, 904, 914, 26, 1626, 1556, 1213, 1426, 1450, 736, 892, 952, 1645, 1158, 1887],
    [1241, 215, 539, 903, 901, 899, 1484, 1644, 1637, 1211, 1184, 1397, 737, 893, 953, 2131, 431, 672],
    [1377, 675, 1242, 918, 918, 918, 775, 1575, 38, 921, 1161, 891, 912, 870, 744, 2134, 1892, 189],
    [1378, 676, 1243, 938, 924, 930, 46, 1566, 119, 919, 919, 919, 913, 871, 745, 1891, 1162, 1161],
    [1379, 677, 1244, 928, 921, 942, 1504, 1584, 200, 926, 1406, 947, 914, 872, 746, 1648, 432, 2133],
    [1380, 678, 1245, 920, 942, 928, 778, 1578, 41, 891, 918, 1161, 903, 843, 825, 1894, 1894, 921],
    [1381, 679, 1246, 937, 939, 940, 49, 1569, 122, 898, 1405, 1189, 904, 844, 826, 1651, 1164, 1893],
    [1382, 680, 1247, 927, 936, 925, 1507, 1587, 203, 896, 1163, 1136, 905, 845, 827, 2137, 437, 678],
    [1383, 681, 1248, 919, 930, 938, 781, 1581, 44, 951, 1404, 1431, 894, 816, 906, 1654, 1896, 1653],
    [1384, 682, 1249, 936, 927, 923, 52, 1572, 125, 949, 1162, 1378, 895, 817, 907, 2140, 1169, 438],
    [1385, 683, 1250, 929, 933, 935, 1510, 1590, 206, 947, 920, 1406, 896, 818, 908, 1897, 439, 1410],
    [1386, 684, 1251, 925, 923, 936, 774, 1494, 767, 933, 1413, 954, 831, 867, 771, 1657, 1899, 1656],
    [1387, 685, 1252, 942, 920, 921, 45, 1485, 848, 931, 1171, 901, 832, 868, 772, 2143, 1172, 441],
    [1388, 686, 1253, 935, 926, 933, 1503, 1503, 929, 929, 929, 929, 833, 869, 773, 1900, 442, 1413],
    [1389, 687, 1254, 924, 938, 919, 777, 1497, 770, 903, 1170, 1143, 822, 840, 852, 2146, 1904, 201],
    [1390, 688, 1255, 944, 944, 931, 48, 1488, 851, 901, 928, 1171, 823, 841, 853, 1903, 1174, 1173],
    [1391, 689, 1256, 934, 941, 943, 1506, 1506, 932, 908, 1415, 1199, 824, 842, 854, 1660, 444, 2145],
    [1392, 690, 1257, 926, 935, 929, 780, 1500, 773, 954, 927, 1413, 813, 813, 933, 1906, 1906, 933],
    [1393, 691, 1258, 943, 932, 941, 51, 1491, 854, 961, 1414, 1441, 814, 814, 934, 1663, 1176, 1905],
    [1394, 692, 1259, 933, 929, 926, 1509, 1509, 935, 959, 1172, 1388, 815, 815, 935, 2149, 449, 690],
    [1395, 693, 1260, 923, 925, 927, 776, 1656, 1496, 936, 936, 936, 750, 864, 798, 1909, 1909, 936],
    [1396, 694, 1261, 940, 922, 939, 47, 1647, 1577, 943, 1423, 964, 751, 865, 799, 1666, 1179, 1908],
    [1397, 695, 1262, 930, 919, 924, 1505, 1665, 1658, 941, 1181, 911, 752, 866, 800, 2152, 452, 693],
    [1398, 696, 1263, 922, 940, 937, 779, 1659, 1499, 915, 1422, 1206, 741, 837, 879, 1669, 1911, 1668],
    [1399, 697, 1264, 939, 937, 922, 50, 1650, 1580, 913, 1180, 1153, 742, 838, 880, 2155, 1184, 453],
    [1400, 698, 1265, 932, 943, 934, 1508, 1668, 1661, 911, 938, 1181, 743, 839, 881, 1912, 454, 1425],
    [1401, 699, 1266, 921, 928, 920, 782, 1662, 1502, 966, 1179, 1395, 732, 810, 960, 2158, 1916, 213],
    [1402, 700, 1267, 941, 934, 932, 53, 1653, 1583, 964, 937, 1423, 733, 811, 961, 1915, 1186, 1185],
    [1403, 701, 1268, 931, 931, 944, 1511, 1671, 1664, 971, 1424, 1451, 734, 812, 962, 1672, 456, 2157],
    [1296, 432, 1971, 946, 948, 963, 802, 1602, 65, 1410, 1410, 945, 909, 789, 753, 1675, 1917, 1674],
    [1297, 433, 1972, 963, 945, 948, 73, 1593, 146, 1408, 1168, 892, 910, 790, 754, 2161, 1190, 459],
    [1298, 434, 1973, 956, 951, 960, 1531, 1611, 227, 1406, 926, 920, 911, 791, 755, 1918, 460, 1431],
    [1299, 435, 1974, 945, 963, 946, 805, 1605, 68, 1380, 1167, 1134, 900, 762, 834, 2164, 1922, 219],
    [1300, 436, 1975, 965, 969, 958, 76, 1596, 149, 1378, 925, 1162, 901, 763, 835, 1921, 1192, 1191],
    [1301, 437, 1976, 955, 966, 970, 1534, 1614, 230, 1385, 1412, 1190, 902, 764, 836, 1678, 462, 2163],
    [1302, 438, 1977, 947, 960, 956, 808, 1608, 71, 1431, 924, 1404, 891, 735, 915, 1924, 1924, 951],
    [1303, 439, 1978, 964, 957, 968, 79, 1599, 152, 1438, 1411, 1432, 892, 736, 916, 1681, 1194, 1923],
    [1304, 440, 1979, 954, 954, 953, 1537, 1617, 233, 1436, 1169, 1379, 893, 737, 917, 2167, 467, 708],
    [1305, 441, 1980, 953, 953, 954, 801, 1521, 794, 1413, 933, 927, 828, 786, 780, 1927, 1927, 954],
    [1306, 442, 1981, 970, 950, 966, 72, 1512, 875, 1420, 1420, 955, 829, 787, 781, 1684, 1197, 1926],
    [1307, 443, 1982, 960, 947, 951, 1530, 1530, 956, 1418, 1178, 902, 830, 788, 782, 2170, 470, 711],
    [1308, 444, 1983, 952, 968, 964, 804, 1524, 797, 1392, 1419, 1197, 819, 759, 861, 1687, 1929, 1686],
    [1309, 445, 1984, 969, 965, 949, 75, 1515, 878, 1390, 1177, 1144, 820, 760, 862, 2173, 1202, 471],
    [1310, 446, 1985, 962, 971, 961, 1533, 1533, 959, 1388, 935, 1172, 821, 761, 863, 1930, 472, 1443],
    [1311, 447, 1986, 951, 956, 947, 807, 1527, 800, 1443, 1176, 1386, 810, 732, 942, 2176, 1934, 231],
    [1312, 448, 1987, 971, 962, 959, 78, 1518, 881, 1441, 934, 1414, 811, 733, 943, 1933, 1204, 1203],
    [1313, 449, 1988, 961, 959, 971, 1536, 1536, 962, 1448, 1421, 1442, 812, 734, 944, 1690, 474, 2175],
    [1314, 450, 1989, 948, 946, 945, 803, 1683, 1523, 1425, 1185, 909, 747, 783, 807, 2179, 1937, 234],
    [1315, 451, 1990, 968, 952, 957, 74, 1674, 1604, 1423, 943, 937, 748, 784, 808, 1936, 1207, 1206],
    [1316, 452, 1991, 958, 949, 969, 1532, 1692, 1685, 1430, 1430, 965, 749, 785, 809, 1693, 477, 2178],
    [1317, 453, 1992, 950, 970, 955, 806, 1686, 1526, 1395, 942, 1179, 738, 756, 888, 1939, 1939, 966],
    [1318, 454, 1993, 967, 967, 967, 77, 1677, 1607, 1402, 1429, 1207, 739, 757, 889, 1696, 1209, 1938],
    [1319, 455, 1994, 957, 964, 952, 1535, 1695, 1688, 1400, 1187, 1154, 740, 758, 890, 2182, 482, 723],
    [1320, 456, 1995, 949, 958, 965, 809, 1689, 1529, 1455, 1428, 1449, 729, 729, 969, 1699, 1941, 1698],
    [1321, 457, 1996, 966, 955, 950, 80, 1680, 1610, 1453, 1186, 1396, 730, 730, 970, 2185, 1214, 483],
    [1322, 458, 1997, 959, 961, 962, 1538, 1698, 1691, 1451, 944, 1424, 731, 731, 971, 1942, 484, 1455],
    [540, 1620, 108, 972, 972, 972, 982, 1062, 252, 1002, 975, 732, 1212, 1212, 972, 1216, 1703, 1],
    [541, 1621, 109, 992, 978, 984, 253, 1053, 333, 1000, 733, 760, 1213, 1213, 973, 973, 973, 973],
    [542, 1622, 110, 982, 975, 996, 1711, 1071, 414, 1007, 1220, 788, 1214, 1214, 974, 730, 243, 1945],
    [543, 1623, 111, 974, 996, 982, 985, 1065, 255, 972, 732, 1002, 1203, 1185, 1053, 976, 1705, 733],
    [544, 1624, 112, 991, 993, 994, 256, 1056, 336, 979, 1219, 1030, 1204, 1186, 1054, 733, 975, 1705],
    [545, 1625, 113, 981, 990, 979, 1714, 1074, 417, 977, 977, 977, 1205, 1187, 1055, 1219, 248, 490],
    [546, 1626, 114, 973, 984, 992, 988, 1068, 258, 1032, 1218, 1272, 1194, 1158, 1134, 736, 1707, 1465],
    [547, 1627, 115, 990, 981, 977, 259, 1059, 339, 1030, 976, 1219, 1195, 1159, 1135, 1222, 980, 250],
    [548, 1628, 116, 983, 987, 989, 1717, 1077, 420, 1028, 734, 1247, 1196, 1160, 1136, 979, 250, 1222],
    [549, 1629, 117, 979, 977, 990, 981, 981, 981, 1014, 1227, 795, 1131, 1209, 999, 739, 1710, 1468],
    [550, 1630, 118, 996, 974, 975, 252, 972, 1062, 1012, 985, 742, 1132, 1210, 1000, 1225, 983, 253],
    [551, 1631, 119, 989, 980, 987, 1710, 990, 1143, 1010, 743, 770, 1133, 1211, 1001, 982, 253, 1225],
    [552, 1632, 120, 978, 992, 973, 984, 984, 984, 984, 984, 984, 1122, 1182, 1080, 1228, 1715, 13],
    [553, 1633, 121, 998, 998, 985, 255, 975, 1065, 982, 742, 1012, 1123, 1183, 1081, 985, 985, 985],
    [554, 1634, 122, 988, 995, 997, 1713, 993, 1146, 989, 1229, 1040, 1124, 1184, 1082, 742, 255, 1957],
    [555, 1635, 123, 980, 989, 983, 987, 987, 987, 1035, 741, 1254, 1113, 1155, 1161, 988, 1717, 745],
    [556, 1636, 124, 997, 986, 995, 258, 978, 1068, 1042, 1228, 1282, 1114, 1156, 1162, 745, 987, 1717],
    [557, 1637, 125, 987, 983, 980, 1716, 996, 1149, 1040, 986, 1229, 1115, 1157, 1163, 1231, 260, 502],
    [558, 1638, 126, 977, 979, 981, 983, 1143, 1710, 1017, 750, 777, 1050, 1206, 1026, 991, 1720, 748],
    [559, 1639, 127, 994, 976, 993, 254, 1134, 1791, 1024, 1237, 805, 1051, 1207, 1027, 748, 990, 1720],
    [560, 1640, 128, 984, 973, 978, 1712, 1152, 1872, 1022, 995, 752, 1052, 1208, 1028, 1234, 263, 505],
    [561, 1641, 129, 976, 994, 991, 986, 1146, 1713, 996, 1236, 1047, 1041, 1179, 1107, 751, 1722, 1480],
    [562, 1642, 130, 993, 991, 976, 257, 1137, 1794, 994, 994, 994, 1042, 1180, 1108, 1237, 995, 265],
    [563, 1643, 131, 986, 997, 988, 1715, 1155, 1875, 992, 752, 1022, 1043, 1181, 1109, 994, 265, 1237],
    [564, 1644, 132, 975, 982, 974, 989, 1149, 1716, 1047, 993, 1236, 1032, 1152, 1188, 1240, 1727, 25],
    [565, 1645, 133, 995, 988, 986, 260, 1140, 1797, 1045, 751, 1264, 1033, 1153, 1189, 997, 997, 997],
    [566, 1646, 134, 985, 985, 998, 1718, 1158, 1878, 1052, 1238, 1292, 1034, 1154, 1190, 754, 267, 1969],
    [702, 2106, 837, 1000, 1002, 1017, 1009, 1089, 279, 762, 1215, 786, 1209, 1131, 981, 757, 1728, 1486],
    [703, 2107, 838, 1017, 999, 1002, 280, 1080, 360, 760, 973, 733, 1210, 1132, 982, 1243, 1001, 271],
    [704, 2108, 839, 1010, 1005, 1014, 1738, 1098, 441, 758, 731, 761, 1211, 1133, 983, 1000, 271, 1243],
    [705, 2109, 840, 999, 1017, 1000, 1012, 1092, 282, 732, 972, 975, 1200, 1104, 1062, 1246, 1733, 31],
    [706, 2110, 841, 1019, 1023, 1012, 283, 1083, 363, 730, 730, 1003, 1201, 1105, 1063, 1003, 1003, 1003],
    [707, 2111, 842, 1009, 1020, 1024, 1741, 1101, 444, 737, 1217, 1031, 1202, 1106, 1064, 760, 273, 1975],
    [708, 2112, 843, 1001, 1014, 1010, 1015, 1095, 285, 783, 729, 1245, 1191, 1077, 1143, 1006, 1735, 763],
    [709, 2113, 844, 1018, 1011, 1022, 286, 1086, 366, 790, 1216, 1273, 1192, 1078, 1144, 763, 1005, 1735],
    [710, 2114, 845, 1008, 1008, 1007, 1744, 1104, 447, 788, 974, 1220, 1193, 1079, 1145, 1249, 278, 520],
    [711, 2115, 846, 1007, 1007, 1008, 1008, 1008, 1008, 765, 738, 768, 1128, 1128, 1008, 1009, 1738, 766],
    [712, 2116, 847, 1024, 1004, 1020, 279, 999, 1089, 772, 1225, 796, 1129, 1129, 1009, 766, 1008, 1738],
    [713, 2117, 848, 1014, 1001, 1005, 1737, 1017, 1170, 770, 983, 743, 1130, 1130, 1010, 1252, 281, 523],
    [714, 2118, 849, 1006, 1022, 1018, 1011, 1011, 1011, 744, 1224, 1038, 1119, 1101, 1089, 769, 1740, 1498],
    [715, 2119, 850, 1023, 1019, 1003, 282, 1002, 1092, 742, 982, 985, 1120, 1102, 1090, 1255, 1013, 283],
    [716, 2120, 851, 1016, 1025, 1015, 1740, 1020, 1173, 740, 740, 1013, 1121, 1103, 1091, 1012, 283, 1255],
    [717, 2121, 852, 1005, 1010, 1001, 1014, 1014, 1014, 795, 981, 1227, 1110, 1074, 1170, 1258, 1745, 43],
    [718, 2122, 853, 1025, 1016, 1013, 285, 1005, 1095, 793, 739, 1255, 1111, 1075, 1171, 1015, 1015, 1015],
    [719, 2123, 854, 1015, 1013, 1025, 1743, 1023, 1176, 800, 1226, 1283, 1112, 1076, 1172, 772, 285, 1987],
    [720, 2124, 855, 1002, 1000, 999, 1010, 1170, 1737, 777, 990, 750, 1047, 1125, 1035, 1261, 1748, 46],
    [721, 2125, 856, 1022, 1006, 1011, 281, 1161, 1818, 775, 748, 778, 1048, 1126, 1036, 1018, 1018, 1018],
    [722, 2126, 857, 1012, 1003, 1023, 1739, 1179, 1899, 782, 1235, 806, 1049, 1127, 1037, 775, 288, 1990],
    [723, 2127, 858, 1004, 1024, 1009, 1013, 1173, 1740, 747, 747, 1020, 1038, 1098, 1116, 1021, 1750, 778],
    [724, 2128, 859, 1021, 1021, 1021, 284, 1164, 1821, 754, 1234, 1048, 1039, 1099, 1117, 778, 1020, 1750],
    [725, 2129, 860, 1011, 1018, 1006, 1742, 1182, 1902, 752, 992, 995, 1040, 1100, 1118, 1264, 293, 535],
    [726, 2130, 861, 1003, 1012, 1019, 1016, 1176, 1743, 807, 1233, 1290, 1029, 1071, 1197, 781, 1752, 1510],
    [727, 2131, 862, 1020, 1009, 1004, 287, 1167, 1824, 805, 991, 1237, 1030, 1072, 1198, 1267, 1025, 295],
    [728, 2132, 863, 1013, 1015, 1016, 1745, 1185, 1905, 803, 749, 1265, 1031, 1073, 1199, 1024, 295, 1267],
    [621, 1863, 1566, 1028, 1032, 1035, 1036, 1116, 306, 1242, 735, 759, 1206, 1050, 990, 1027, 1756, 784],
    [622, 1864, 1567, 1045, 1029, 1047, 307, 1107, 387, 1249, 1222, 787, 1207, 1051, 991, 784, 1026, 1756],
    [623, 1865, 1568, 1035, 1026, 1032, 1765, 1125, 468, 1247, 980, 734, 1208, 1052, 992, 1270, 299, 541],
    [624, 1866, 1569, 1027, 1047, 1045, 1039, 1119, 309, 1221, 1221, 1029, 1197, 1023, 1071, 787, 1758, 1516],
    [625, 1867, 1570, 1044, 1044, 1030, 310, 1110, 390, 1219, 979, 976, 1198, 1024, 1072, 1273, 1031, 301],
    [626, 1868, 1571, 1037, 1050, 1042, 1768, 1128, 471, 1217, 737, 1004, 1199, 1025, 1073, 1030, 301, 1273],
    [627, 1869, 1572, 1026, 1035, 1028, 1042, 1122, 312, 1272, 978, 1218, 1188, 996, 1152, 1276, 1763, 61],
    [628, 1870, 1573, 1046, 1041, 1040, 313, 1113, 393, 1270, 736, 1246, 1189, 997, 1153, 1033, 1033, 1033],
    [629, 1871, 1574, 1036, 1038, 1052, 1771, 1131, 474, 1277, 1223, 1274, 1190, 998, 1154, 790, 303, 2005],
    [630, 1872, 1575, 1032, 1028, 1026, 1035, 1035, 1035, 1254, 987, 741, 1125, 1047, 1017, 1279, 1766, 64],
    [631, 1873, 1576, 1052, 1034, 1038, 306, 1026, 1116, 1252, 745, 769, 1126, 1048, 1018, 1036, 1036, 1036],
    [632, 1874, 1577, 1042, 1031, 1050, 1764, 1044, 1197, 1259, 1232, 797, 1127, 1049, 1019, 793, 306, 2008],
    [633, 1875, 1578, 1034, 1052, 1036, 1038, 1038, 1038, 1224, 744, 1011, 1116, 1020, 1098, 1039, 1768, 796],
    [634, 1876, 1579, 1051, 1049, 1048, 309, 1029, 1119, 1231, 1231, 1039, 1117, 1021, 1099, 796, 1038, 1768],
    [635, 1877, 1580, 1041, 1046, 1033, 1767, 1047, 1200, 1229, 989, 986, 1118, 1022, 1100, 1282, 311, 553],
    [636, 1878, 1581, 1033, 1040, 1046, 1041, 1041, 1041, 1284, 1230, 1281, 1107, 993, 1179, 799, 1770, 1528],
    [637, 1879, 1582, 1050, 1037, 1031, 312, 1032, 1122, 1282, 988, 1228, 1108, 994, 1180, 1285, 1043, 313],
    [638, 1880, 1583, 1043, 1043, 1043, 1770, 1050, 1203, 1280, 746, 1256, 1109, 995, 1181, 1042, 313, 1285],
    [639, 1881, 1584, 1030, 1030, 1044, 1037, 1197, 1764, 1266, 1239, 804, 1044, 1044, 1044, 802, 1773, 1531],
    [640, 1882, 1585, 1047, 1027, 1029, 308, 1188, 1845, 1264, 997, 751, 1045, 1045, 1045, 1288, 1046, 316],
    [641, 1883, 1586, 1040, 1033, 1041, 1766, 1206, 1926, 1262, 755, 779, 1046, 1046, 1046, 1045, 316, 1288],
    [642, 1884, 1587, 1029, 1045, 1027, 1040, 1200, 1767, 1236, 996, 993, 1035, 1017, 1125, 1291, 1778, 76],
    [643, 1885, 1588, 1049, 1051, 1039, 311, 1191, 1848, 1234, 754, 1021, 1036, 1018, 1126, 1048, 1048, 1048],
    [644, 1886, 1589, 1039, 1048, 1051, 1769, 1209, 1929, 1241, 1241, 1049, 1037, 1019, 1127, 805, 318, 2020],
    [645, 1887, 1590, 1031, 1042, 1037, 1043, 1203, 1770, 1287, 753, 1263, 1026, 990, 1206, 1051, 1780, 808],
    [646, 1888, 1591, 1048, 1039, 1049, 314, 1194, 1851, 1294, 1240, 1291, 1027, 991, 1207, 808, 1050, 1780],
    [647, 1889, 1592, 1038, 1036, 1034, 1772, 1212, 1932, 1292, 998, 1238, 1028, 992, 1208, 1294, 323, 565],
    [1998, 1674, 351, 1055, 1059, 1062, 973, 333, 253, 1080, 813, 840, 1185, 1203, 975, 1054, 1783, 811],
    [1999, 1675, 352, 1072, 1056, 1074, 244, 324, 334, 1087, 1300, 868, 1186, 1204, 976, 811, 1053, 1783],
    [2000, 1676, 353, 1062, 1053, 1059, 1702, 342, 415, 1085, 1058, 815, 1187, 1205, 977, 1297, 326, 568],
    [2001, 1677, 354, 1054, 1074, 1072, 976, 336, 256, 1059, 1299, 1110, 1176, 1176, 1056, 814, 1785, 1543],
    [2002, 1678, 355, 1071, 1071, 1057, 247, 327, 337, 1057, 1057, 1057, 1177, 1177, 1057, 1300, 1058, 328],
    [2003, 1679, 356, 1064, 1077, 1069, 1705, 345, 418, 1055, 815, 1085, 1178, 1178, 1058, 1057, 328, 1300],
    [2004, 1680, 357, 1053, 1062, 1055, 979, 339, 259, 1110, 1056, 1299, 1167, 1149, 1137, 1303, 1790, 88],
    [2005, 1681, 358, 1073, 1068, 1067, 250, 330, 340, 1108, 814, 1327, 1168, 1150, 1138, 1060, 1060, 1060],
    [2006, 1682, 359, 1063, 1065, 1079, 1708, 348, 421, 1115, 1301, 1355, 1169, 1151, 1139, 817, 330, 2032],
    [2007, 1683, 360, 1059, 1055, 1053, 972, 252, 982, 1092, 1065, 822, 1104, 1200, 1002, 1306, 1793, 91],
    [2008, 1684, 361, 1079, 1061, 1065, 243, 243, 1063, 1090, 823, 850, 1105, 1201, 1003, 1063, 1063, 1063],
    [2009, 1685, 362, 1069, 1058, 1077, 1701, 261, 1144, 1097, 1310, 878, 1106, 1202, 1004, 820, 333, 2035],
    [2010, 1686, 363, 1061, 1079, 1063, 975, 255, 985, 1062, 822, 1092, 1095, 1173, 1083, 1066, 1795, 823],
    [2011, 1687, 364, 1078, 1076, 1075, 246, 246, 1066, 1069, 1309, 1120, 1096, 1174, 1084, 823, 1065, 1795],
    [2012, 1688, 365, 1068, 1073, 1060, 1704, 264, 1147, 1067, 1067, 1067, 1097, 1175, 1085, 1309, 338, 580],
    [2013, 1689, 366, 1060, 1067, 1073, 978, 258, 988, 1122, 1308, 1362, 1086, 1146, 1164, 826, 1797, 1555],
    [2014, 1690, 367, 1077, 1064, 1058, 249, 249, 1069, 1120, 1066, 1309, 1087, 1147, 1165, 1312, 1070, 340],
    [2015, 1691, 368, 1070, 1070, 1070, 1707, 267, 1150, 1118, 824, 1337, 1088, 1148, 1166, 1069, 340, 1312],
    [2016, 1692, 369, 1057, 1057, 1071, 974, 414, 1711, 1104, 1317, 885, 1023, 1197, 1029, 829, 1800, 1558],
    [2017, 1693, 370, 1074, 1054, 1056, 245, 405, 1792, 1102, 1075, 832, 1024, 1198, 1030, 1315, 1073, 343],
    [2018, 1694, 371, 1067, 1060, 1068, 1703, 423, 1873, 1100, 833, 860, 1025, 1199, 1031, 1072, 343, 1315],
    [2019, 1695, 372, 1056, 1072, 1054, 977, 417, 1714, 1074, 1074, 1074, 1014, 1170, 1110, 1318, 1805, 103],
    [2020, 1696, 373, 1076, 1078, 1066, 248, 408, 1795, 1072, 832, 1102, 1015, 1171, 1111, 1075, 1075, 1075],
    [2021, 1697, 374, 1066, 1075, 1078, 1706, 426, 1876, 1079, 1319, 1130, 1016, 1172, 1112, 832, 345, 2047],
    [2022, 1698, 375, 1058, 1069, 1064, 980, 420, 1717, 1125, 831, 1344, 1005, 1143, 1191, 1078, 1807, 835],
    [2023, 1699, 376, 1075, 1066, 1076, 251, 411, 1798, 1132, 1318, 1372, 1006, 1144, 1192, 835, 1077, 1807],
    [2024, 1700, 377, 1065, 1063, 1061, 1709, 429, 1879, 1130, 1076, 1319, 1007, 1145, 1193, 1321, 350, 592],
    [2160, 2160, 1080, 1080, 1080, 1080, 1000, 360, 280, 840, 1053, 813, 1182, 1122, 984, 1324, 1811, 109],
    [2161, 2161, 1081, 1100, 1086, 1092, 271, 351, 361, 838, 811, 841, 1183, 1123, 985, 1081, 1081, 1081],
    [2162, 2162, 1082, 1090, 1083, 1104, 1729, 369, 442, 845, 1298, 869, 1184, 1124, 986, 838, 351, 2053],
    [2163, 2163, 1083, 1082, 1104, 1090, 1003, 363, 283, 810, 810, 1083, 1173, 1095, 1065, 1084, 1813, 841],
    [2164, 2164, 1084, 1099, 1101, 1102, 274, 354, 364, 817, 1297, 1111, 1174, 1096, 1066, 841, 1083, 1813],
    [2165, 2165, 1085, 1089, 1098, 1087, 1732, 372, 445, 815, 1055, 1058, 1175, 1097, 1067, 1327, 356, 598],
    [2166, 2166, 1086, 1081, 1092, 1100, 1006, 366, 286, 870, 1296, 1353, 1164, 1068, 1146, 844, 1815, 1573],
    [2167, 2167, 1087, 1098, 1089, 1085, 277, 357, 367, 868, 1054, 1300, 1165, 1069, 1147, 1330, 1088, 358],
    [2168, 2168, 1088, 1091, 1095, 1097, 1735, 375, 448, 866, 812, 1328, 1166, 1070, 1148, 1087, 358, 1330],
    [2169, 2169, 1089, 1087, 1085, 1098, 999, 279, 1009, 852, 1305, 876, 1101, 1119, 1011, 847, 1818, 1576],
    [2170, 2170, 1090, 1104, 1082, 1083, 270, 270, 1090, 850, 1063, 823, 1102, 1120, 1012, 1333, 1091, 361],
    [2171, 2171, 1091, 1097, 1088, 1095, 1728, 288, 1171, 848, 821, 851, 1103, 1121, 1013, 1090, 361, 1333],
    [2172, 2172, 1092, 1086, 1100, 1081, 1002, 282, 1012, 822, 1062, 1065, 1092, 1092, 1092, 1336, 1823, 121],
    [2173, 2173, 1093, 1106, 1106, 1093, 273, 273, 1093, 820, 820, 1093, 1093, 1093, 1093, 1093, 1093, 1093],
    [2174, 2174, 1094, 1096, 1103, 1105, 1731, 291, 1174, 827, 1307, 1121, 1094, 1094, 1094, 850, 363, 2065],
    [2175, 2175, 1095, 1088, 1097, 1091, 1005, 285, 1015, 873, 819, 1335, 1083, 1065, 1173, 1096, 1825, 853],
    [2176, 2176, 1096, 1105, 1094, 1103, 276, 276, 1096, 880, 1306, 1363, 1084, 1066, 1174, 853, 1095, 1825],
    [2177, 2177, 1097, 1095, 1091, 1088, 1734, 294, 1177, 878, 1064, 1310, 1085, 1067, 1175, 1339, 368, 610],
    [2178, 2178, 1098, 1085, 1087, 1089, 1001, 441, 1738, 855, 828, 858, 1020, 1116, 1038, 1099, 1828, 856],
    [2179, 2179, 1099, 1102, 1084, 1101, 272, 432, 1819, 862, 1315, 886, 1021, 1117, 1039, 856, 1098, 1828],
    [2180, 2180, 1100, 1092, 1081, 1086, 1730, 450, 1900, 860, 1073, 833, 1022, 1118, 1040, 1342, 371, 613],
    [2181, 2181, 1101, 1084, 1102, 1099, 1004, 444, 1741, 834, 1314, 1128, 1011, 1089, 1119, 859, 1830, 1588],
    [2182, 2182, 1102, 1101, 1099, 1084, 275, 435, 1822, 832, 1072, 1075, 1012, 1090, 1120, 1345, 1103, 373],
    [2183, 2183, 1103, 1094, 1105, 1096, 1733, 453, 1903, 830, 830, 1103, 1013, 1091, 1121, 1102, 373, 1345],
    [2184, 2184, 1104, 1083, 1090, 1082, 1007, 447, 1744, 885, 1071, 1317, 1002, 1062, 1200, 1348, 1835, 133],
    [2185, 2185, 1105, 1103, 1096, 1094, 278, 438, 1825, 883, 829, 1345, 1003, 1063, 1201, 1105, 1105, 1105],
    [2186, 2186, 1106, 1093, 1093, 1106, 1736, 456, 1906, 890, 1316, 1373, 1004, 1064, 1202, 862, 375, 2077],
    [2079, 1917, 1809, 1108, 1110, 1125, 1027, 387, 307, 1329, 1302, 867, 1179, 1041, 993, 865, 1836, 1594],
    [2080, 1918, 1810, 1125, 1107, 1110, 298, 378, 388, 1327, 1060, 814, 1180, 1042, 994, 1351, 1109, 379],
    [2081, 1919, 1811, 1118, 1113, 1122, 1756, 396, 469, 1325, 818, 842, 1181, 1043, 995, 1108, 379, 1351],
    [2082, 1920, 1812, 1107, 1125, 1108, 1030, 390, 310, 1299, 1059, 1056, 1170, 1014, 1074, 1354, 1841, 139],
    [2083, 1921, 1813, 1127, 1131, 1120, 301, 381, 391, 1297, 817, 1084, 1171, 1015, 1075, 1111, 1111, 1111],
    [2084, 1922, 1814, 1117, 1128, 1132, 1759, 399, 472, 1304, 1304, 1112, 1172, 1016, 1076, 868, 381, 2083],
    [2085, 1923, 1815, 1109, 1122, 1118, 1033, 393, 313, 1350, 816, 1326, 1161, 987, 1155, 1114, 1843, 871],
    [2086, 1924, 1816, 1126, 1119, 1130, 304, 384, 394, 1357, 1303, 1354, 1162, 988, 1156, 871, 1113, 1843],
    [2087, 1925, 1817, 1116, 1116, 1115, 1762, 402, 475, 1355, 1061, 1301, 1163, 989, 1157, 1357, 386, 628],
    [2088, 1926, 1818, 1115, 1115, 1116, 1026, 306, 1036, 1332, 825, 849, 1098, 1038, 1020, 1117, 1846, 874],
    [2089, 1927, 1819, 1132, 1112, 1128, 297, 297, 1117, 1339, 1312, 877, 1099, 1039, 1021, 874, 1116, 1846],
    [2090, 1928, 1820, 1122, 1109, 1113, 1755, 315, 1198, 1337, 1070, 824, 1100, 1040, 1022, 1360, 389, 631],
    [2091, 1929, 1821, 1114, 1130, 1126, 1029, 309, 1039, 1311, 1311, 1119, 1089, 1011, 1101, 877, 1848, 1606],
    [2092, 1930, 1822, 1131, 1127, 1111, 300, 300, 1120, 1309, 1069, 1066, 1090, 1012, 1102, 1363, 1121, 391],
    [2093, 1931, 1823, 1124, 1133, 1123, 1758, 318, 1201, 1307, 827, 1094, 1091, 1013, 1103, 1120, 391, 1363],
    [2094, 1932, 1824, 1113, 1118, 1109, 1032, 312, 1042, 1362, 1068, 1308, 1080, 984, 1182, 1366, 1853, 151],
    [2095, 1933, 1825, 1133, 1124, 1121, 303, 303, 1123, 1360, 826, 1336, 1081, 985, 1183, 1123, 1123, 1123],
    [2096, 1934, 1826, 1123, 1121, 1133, 1761, 321, 1204, 1367, 1313, 1364, 1082, 986, 1184, 880, 393, 2095],
    [2097, 1935, 1827, 1110, 1108, 1107, 1028, 468, 1765, 1344, 1077, 831, 1017, 1035, 1047, 1369, 1856, 154],
    [2098, 1936, 1828, 1130, 1114, 1119, 299, 459, 1846, 1342, 835, 859, 1018, 1036, 1048, 1126, 1126, 1126],
    [2099, 1937, 1829, 1120, 1111, 1131, 1757, 477, 1927, 1349, 1322, 887, 1019, 1037, 1049, 883, 396, 2098],
    [2100, 1938, 1830, 1112, 1132, 1117, 1031, 471, 1768, 1314, 834, 1101, 1008, 1008, 1128, 1129, 1858, 886],
    [2101, 1939, 1831, 1129, 1129, 1129, 302, 462, 1849, 1321, 1321, 1129, 1009, 1009, 1129, 886, 1128, 1858],
    [2102, 1940, 1832, 1119, 1126, 1114, 1760, 480, 1930, 1319, 1079, 1076, 1010, 1010, 1130, 1372, 401, 643],
    [2103, 1941, 1833, 1111, 1120, 1127, 1034, 474, 1771, 1374, 1320, 1371, 999, 981, 1209, 889, 1860, 1618],
    [2104, 1942, 1834, 1128, 1117, 1112, 305, 465, 1852, 1372, 1078, 1318, 1000, 982, 1210, 1375, 1133, 403],
    [2105, 1943, 1835, 1121, 1123, 1124, 1763, 483, 1933, 1370, 836, 1346, 1001, 983, 1211, 1132, 403, 1375],
    [1269, 1647, 594, 1135, 1137, 1152, 991, 1791, 254, 1167, 1380, 948, 1158, 1194, 978, 892, 1863, 1621],
    [1270, 1648, 595, 1152, 1134, 1137, 262, 1782, 335, 1165, 1138, 895, 1159, 1195, 979, 1378, 1136, 406],
    [1271, 1649, 596, 1145, 1140, 1149, 1720, 1800, 416, 1163, 896, 923, 1160, 1196, 980, 1135, 406, 1378],
    [1272, 1650, 597, 1134, 1152, 1135, 994, 1794, 257, 1137, 1137, 1137, 1149, 1167, 1059, 1381, 1868, 166],
    [1273, 1651, 598, 1154, 1158, 1147, 265, 1785, 338, 1135, 895, 1165, 1150, 1168, 1060, 1138, 1138, 1138],
    [1274, 1652, 599, 1144, 1155, 1159, 1723, 1803, 419, 1142, 1382, 1193, 1151, 1169, 1061, 895, 408, 2110],
    [1275, 1653, 600, 1136, 1149, 1145, 997, 1797, 260, 1188, 894, 1407, 1140, 1140, 1140, 1141, 1870, 898],
    [1276, 1654, 601, 1153, 1146, 1157, 268, 1788, 341, 1195, 1381, 1435, 1141, 1141, 1141, 898, 1140, 1870],
    [1277, 1655, 602, 1143, 1143, 1142, 1726, 1806, 422, 1193, 1139, 1382, 1142, 1142, 1142, 1384, 413, 655],
    [1278, 1656, 603, 1142, 1142, 1143, 990, 1710, 983, 1170, 903, 930, 1077, 1191, 1005, 1144, 1873, 901],
    [1279, 1657, 604, 1159, 1139, 1155, 261, 1701, 1064, 1177, 1390, 958, 1078, 1192, 1006, 901, 1143, 1873],
    [1280, 1658, 605, 1149, 1136, 1140, 1719, 1719, 1145, 1175, 1148, 905, 1079, 1193, 1007, 1387, 416, 658],
    [1281, 1659, 606, 1141, 1157, 1153, 993, 1713, 986, 1149, 1389, 1200, 1068, 1164, 1086, 904, 1875, 1633],
    [1282, 1660, 607, 1158, 1154, 1138, 264, 1704, 1067, 1147, 1147, 1147, 1069, 1165, 1087, 1390, 1148, 418],
    [1283, 1661, 608, 1151, 1160, 1150, 1722, 1722, 1148, 1145, 905, 1175, 1070, 1166, 1088, 1147, 418, 1390],
    [1284, 1662, 609, 1140, 1145, 1136, 996, 1716, 989, 1200, 1146, 1389, 1059, 1137, 1167, 1393, 1880, 178],
    [1285, 1663, 610, 1160, 1151, 1148, 267, 1707, 1070, 1198, 904, 1417, 1060, 1138, 1168, 1150, 1150, 1150],
    [1286, 1664, 611, 1150, 1148, 1160, 1725, 1725, 1151, 1205, 1391, 1445, 1061, 1139, 1169, 907, 420, 2122],
    [1287, 1665, 612, 1137, 1135, 1134, 992, 1872, 1712, 1182, 1155, 912, 996, 1188, 1032, 1396, 1883, 181],
    [1288, 1666, 613, 1157, 1141, 1146, 263, 1863, 1793, 1180, 913, 940, 997, 1189, 1033, 1153, 1153, 1153],
    [1289, 1667, 614, 1147, 1138, 1158, 1721, 1881, 1874, 1187, 1400, 968, 998, 1190, 1034, 910, 423, 2125],
    [1290, 1668, 615, 1139, 1159, 1144, 995, 1875, 1715, 1152, 912, 1182, 987, 1161, 1113, 1156, 1885, 913],
    [1291, 1669, 616, 1156, 1156, 1156, 266, 1866, 1796, 1159, 1399, 1210, 988, 1162, 1114, 913, 1155, 1885],
    [1292, 1670, 617, 1146, 1153, 1141, 1724, 1884, 1877, 1157, 1157, 1157, 989, 1163, 1115, 1399, 428, 670],
    [1293, 1671, 618, 1138, 1147, 1154, 998, 1878, 1718, 1212, 1398, 1452, 978, 1134, 1194, 916, 1887, 1645],
    [1294, 1672, 619, 1155, 1144, 1139, 269, 1869, 1799, 1210, 1156, 1399, 979, 1135, 1195, 1402, 1160, 430],
    [1295, 1673, 620, 1148, 1150, 1151, 1727, 1887, 1880, 1208, 914, 1427, 980, 1136, 1196, 1159, 430, 1402],
    [1431, 2133, 1323, 1163, 1167, 1170, 1018, 1818, 281, 918, 891, 921, 1155, 1113, 987, 1162, 1891, 919],
    [1432, 2134, 1324, 1180, 1164, 1182, 289, 1809, 362, 925, 1378, 949, 1156, 1114, 988, 919, 1161, 1891],
    [1433, 2135, 1325, 1170, 1161, 1167, 1747, 1827, 443, 923, 1136, 896, 1157, 1115, 989, 1405, 434, 676],
    [1434, 2136, 1326, 1162, 1182, 1180, 1021, 1821, 284, 897, 1377, 1191, 1146, 1086, 1068, 922, 1893, 1651],
    [1435, 2137, 1327, 1179, 1179, 1165, 292, 1812, 365, 895, 1135, 1138, 1147, 1087, 1069, 1408, 1166, 436],
    [1436, 2138, 1328, 1172, 1185, 1177, 1750, 1830, 446, 893, 893, 1166, 1148, 1088, 1070, 1165, 436, 1408],
    [1437, 2139, 1329, 1161, 1170, 1163, 1024, 1824, 287, 948, 1134, 1380, 1137, 1059, 1149, 1411, 1898, 196],
    [1438, 2140, 1330, 1181, 1176, 1175, 295, 1815, 368, 946, 892, 1408, 1138, 1060, 1150, 1168, 1168, 1168],
    [1439, 2141, 1331, 1171, 1173, 1187, 1753, 1833, 449, 953, 1379, 1436, 1139, 1061, 1151, 925, 438, 2140],
    [1440, 2142, 1332, 1167, 1163, 1161, 1017, 1737, 1010, 930, 1143, 903, 1074, 1110, 1014, 1414, 1901, 199],
    [1441, 2143, 1333, 1187, 1169, 1173, 288, 1728, 1091, 928, 901, 931, 1075, 1111, 1015, 1171, 1171, 1171],
    [1442, 2144, 1334, 1177, 1166, 1185, 1746, 1746, 1172, 935, 1388, 959, 1076, 1112, 1016, 928, 441, 2143],
    [1443, 2145, 1335, 1169, 1187, 1171, 1020, 1740, 1013, 900, 900, 1173, 1065, 1083, 1095, 1174, 1903, 931],
    [1444, 2146, 1336, 1186, 1184, 1183, 291, 1731, 1094, 907, 1387, 1201, 1066, 1084, 1096, 931, 1173, 1903],
    [1445, 2147, 1337, 1176, 1181, 1168, 1749, 1749, 1175, 905, 1145, 1148, 1067, 1085, 1097, 1417, 446, 688],
    [1446, 2148, 1338, 1168, 1175, 1181, 1023, 1743, 1016, 960, 1386, 1443, 1056, 1056, 1176, 934, 1905, 1663],
    [1447, 2149, 1339, 1185, 1172, 1166, 294, 1734, 1097, 958, 1144, 1390, 1057, 1057, 1177, 1420, 1178, 448],
    [1448, 2150, 1340, 1178, 1178, 1178, 1752, 1752, 1178, 956, 902, 1418, 1058, 1058, 1178, 1177, 448, 1420],
    [1449, 2151, 1341, 1165, 1165, 1179, 1019, 1899, 1739, 942, 1395, 966, 993, 1107, 1041, 937, 1908, 1666],
    [1450, 2152, 1342, 1182, 1162, 1164, 290, 1890, 1820, 940, 1153, 913, 994, 1108, 1042, 1423, 1181, 451],
    [1451, 2153, 1343, 1175, 1168, 1176, 1748, 1908, 1901, 938, 911, 941, 995, 1109, 1043, 1180, 451, 1423],
    [1452, 2154, 1344, 1164, 1180, 1162, 1022, 1902, 1742, 912, 1152, 1155, 984, 1080, 1122, 1426, 1913, 211],
    [1453, 2155, 1345, 1184, 1186, 1174, 293, 1893, 1823, 910, 910, 1183, 985, 1081, 1123, 1183, 1183, 1183],
    [1454, 2156, 1346, 1174, 1183, 1186, 1751, 1911, 1904, 917, 1397, 1211, 986, 1082, 1124, 940, 453, 2155],
    [1455, 2157, 1347, 1166, 1177, 1172, 1025, 1905, 1745, 963, 909, 1425, 975, 1053, 1203, 1186, 1915, 943],
    [1456, 2158, 1348, 1183, 1174, 1184, 296, 1896, 1826, 970, 1396, 1453, 976, 1054, 1204, 943, 1185, 1915],
    [1457, 2159, 1349, 1173, 1171, 1169, 1754, 1914, 1907, 968, 1154, 1400, 977, 1055, 1205, 1429, 458, 700],
    [1350, 1890, 2052, 1188, 1188, 1188, 1045, 1845, 308, 1407, 1140, 894, 1152, 1032, 996, 1432, 1919, 217],
    [1351, 1891, 2053, 1208, 1194, 1200, 316, 1836, 389, 1405, 898, 922, 1153, 1033, 997, 1189, 1189, 1189],
    [1352, 1892, 2054, 1198, 1191, 1212, 1774, 1854, 470, 1412, 1385, 950, 1154, 1034, 998, 946, 459, 2161],
    [1353, 1893, 2055, 1190, 1212, 1198, 1048, 1848, 311, 1377, 897, 1164, 1143, 1005, 1077, 1192, 1921, 949],
    [1354, 1894, 2056, 1207, 1209, 1210, 319, 1839, 392, 1384, 1384, 1192, 1144, 1006, 1078, 949, 1191, 1921],
    [1355, 1895, 2057, 1197, 1206, 1195, 1777, 1857, 473, 1382, 1142, 1139, 1145, 1007, 1079, 1435, 464, 706],
    [1356, 1896, 2058, 1189, 1200, 1208, 1051, 1851, 314, 1437, 1383, 1434, 1134, 978, 1158, 952, 1923, 1681],
    [1357, 1897, 2059, 1206, 1197, 1193, 322, 1842, 395, 1435, 1141, 1381, 1135, 979, 1159, 1438, 1196, 466],
    [1358, 1898, 2060, 1199, 1203, 1205, 1780, 1860, 476, 1433, 899, 1409, 1136, 980, 1160, 1195, 466, 1438],
    [1359, 1899, 2061, 1195, 1193, 1206, 1044, 1764, 1037, 1419, 1392, 957, 1071, 1029, 1023, 955, 1926, 1684],
    [1360, 1900, 2062, 1212, 1190, 1191, 315, 1755, 1118, 1417, 1150, 904, 1072, 1030, 1024, 1441, 1199, 469],
    [1361, 1901, 2063, 1205, 1196, 1203, 1773, 1773, 1199, 1415, 908, 932, 1073, 1031, 1025, 1198, 469, 1441],
    [1362, 1902, 2064, 1194, 1208, 1189, 1047, 1767, 1040, 1389, 1149, 1146, 1062, 1002, 1104, 1444, 1931, 229],
    [1363, 1903, 2065, 1214, 1214, 1201, 318, 1758, 1121, 1387, 907, 1174, 1063, 1003, 1105, 1201, 1201, 1201],
    [1364, 1904, 2066, 1204, 1211, 1213, 1776, 1776, 1202, 1394, 1394, 1202, 1064, 1004, 1106, 958, 471, 2173],
    [1365, 1905, 2067, 1196, 1205, 1199, 1050, 1770, 1043, 1440, 906, 1416, 1053, 975, 1185, 1204, 1933, 961],
    [1366, 1906, 2068, 1213, 1202, 1211, 321, 1761, 1124, 1447, 1393, 1444, 1054, 976, 1186, 961, 1203, 1933],
    [1367, 1907, 2069, 1203, 1199, 1196, 1779, 1779, 1205, 1445, 1151, 1391, 1055, 977, 1187, 1447, 476, 718],
    [1368, 1908, 2070, 1193, 1195, 1197, 1046, 1926, 1766, 1422, 915, 939, 990, 1026, 1050, 1207, 1936, 964],
    [1369, 1909, 2071, 1210, 1192, 1209, 317, 1917, 1847, 1429, 1402, 967, 991, 1027, 1051, 964, 1206, 1936],
    [1370, 1910, 2072, 1200, 1189, 1194, 1775, 1935, 1928, 1427, 1160, 914, 992, 1028, 1052, 1450, 479, 721],
    [1371, 1911, 2073, 1192, 1210, 1207, 1049, 1929, 1769, 1401, 1401, 1209, 981, 999, 1131, 967, 1938, 1696],
    [1372, 1912, 2074, 1209, 1207, 1192, 320, 1920, 1850, 1399, 1159, 1156, 982, 1000, 1132, 1453, 1211, 481],
    [1373, 1913, 2075, 1202, 1213, 1204, 1778, 1938, 1931, 1397, 917, 1184, 983, 1001, 1133, 1210, 481, 1453],
    [1374, 1914, 2076, 1191, 1198, 1190, 1052, 1932, 1772, 1452, 1158, 1398, 972, 972, 1212, 1456, 1943, 241],
    [1375, 1915, 2077, 1211, 1204, 1202, 323, 1923, 1853, 1450, 916, 1426, 973, 973, 1213, 1213, 1213, 1213],
    [1376, 1916, 2078, 1201, 1201, 1214, 1781, 1941, 1934, 1457, 1403, 1454, 974, 974, 1214, 970, 483, 2185],
    [513, 891, 189, 1217, 1221, 1224, 1225, 1305, 495, 999, 786, 762, 1455, 1455, 1215, 244, 1702, 731],
    [514, 892, 190, 1234, 1218, 1236, 496, 1296, 576, 1006, 1273, 790, 1456, 1456, 1216, 1, 972, 1703],
    [515, 893, 191, 1224, 1215, 1221, 1954, 1314, 657, 1004, 1031, 737, 1457, 1457, 1217, 487, 245, 488],
    [516, 894, 192, 1216, 1236, 1234, 1228, 1308, 498, 978, 1272, 1032, 1446, 1428, 1296, 4, 1704, 1463],
    [517, 895, 193, 1233, 1233, 1219, 499, 1299, 579, 976, 1030, 979, 1447, 1429, 1297, 490, 977, 248],
    [518, 896, 194, 1226, 1239, 1231, 1957, 1317, 660, 974, 788, 1007, 1448, 1430, 1298, 247, 247, 1220],
    [519, 897, 195, 1215, 1224, 1217, 1231, 1311, 501, 1029, 1029, 1221, 1437, 1401, 1377, 493, 1709, 8],
    [520, 898, 196, 1235, 1230, 1229, 502, 1302, 582, 1027, 787, 1249, 1438, 1402, 1378, 250, 979, 980],
    [521, 899, 197, 1225, 1227, 1241, 1960, 1320, 663, 1034, 1274, 1277, 1439, 1403, 1379, 7, 249, 1952],
    [522, 900, 198, 1221, 1217, 1215, 1224, 1224, 1224, 1011, 1038, 744, 1374, 1452, 1242, 496, 1712, 11],
    [523, 901, 199, 1241, 1223, 1227, 495, 1215, 1305, 1009, 796, 772, 1375, 1453, 1243, 253, 982, 983],
    [524, 902, 200, 1231, 1220, 1239, 1953, 1233, 1386, 1016, 1283, 800, 1376, 1454, 1244, 10, 252, 1955],
    [525, 903, 201, 1223, 1241, 1225, 1227, 1227, 1227, 981, 795, 1014, 1365, 1425, 1323, 256, 1714, 743],
    [526, 904, 202, 1240, 1238, 1237, 498, 1218, 1308, 988, 1282, 1042, 1366, 1426, 1324, 13, 984, 1715],
    [527, 905, 203, 1230, 1235, 1222, 1956, 1236, 1389, 986, 1040, 989, 1367, 1427, 1325, 499, 257, 500],
    [528, 906, 204, 1222, 1229, 1235, 1230, 1230, 1230, 1041, 1281, 1284, 1356, 1398, 1404, 16, 1716, 1475],
    [529, 907, 205, 1239, 1226, 1220, 501, 1221, 1311, 1039, 1039, 1231, 1357, 1399, 1405, 502, 989, 260],
    [530, 908, 206, 1232, 1232, 1232, 1959, 1239, 1392, 1037, 797, 1259, 1358, 1400, 1406, 259, 259, 1232],
    [531, 909, 207, 1219, 1219, 1233, 1226, 1386, 1953, 1023, 1290, 807, 1293, 1449, 1269, 19, 1719, 1478],
    [532, 910, 208, 1236, 1216, 1218, 497, 1377, 2034, 1021, 1048, 754, 1294, 1450, 1270, 505, 992, 263],
    [533, 911, 209, 1229, 1222, 1230, 1955, 1395, 2115, 1019, 806, 782, 1295, 1451, 1271, 262, 262, 1235],
    [534, 912, 210, 1218, 1234, 1216, 1229, 1389, 1956, 993, 1047, 996, 1284, 1422, 1350, 508, 1724, 23],
    [535, 913, 211, 1238, 1240, 1228, 500, 1380, 2037, 991, 805, 1024, 1285, 1423, 1351, 265, 994, 995],
    [536, 914, 212, 1228, 1237, 1240, 1958, 1398, 2118, 998, 1292, 1052, 1286, 1424, 1352, 22, 264, 1967],
    [537, 915, 213, 1220, 1231, 1226, 1232, 1392, 1959, 1044, 804, 1266, 1275, 1395, 1431, 268, 1726, 755],
    [538, 916, 214, 1237, 1228, 1238, 503, 1383, 2040, 1051, 1291, 1294, 1276, 1396, 1432, 25, 996, 1727],
    [539, 917, 215, 1227, 1225, 1223, 1961, 1401, 2121, 1049, 1049, 1241, 1277, 1397, 1433, 511, 269, 512],
    [675, 1377, 918, 1242, 1242, 1242, 1252, 1332, 522, 759, 1026, 735, 1452, 1374, 1224, 514, 1730, 29],
    [676, 1378, 919, 1262, 1248, 1254, 523, 1323, 603, 757, 784, 763, 1453, 1375, 1225, 271, 1000, 1001],
    [677, 1379, 920, 1252, 1245, 1266, 1981, 1341, 684, 764, 1271, 791, 1454, 1376, 1226, 28, 270, 1973],
    [678, 1380, 921, 1244, 1266, 1252, 1255, 1335, 525, 729, 783, 1005, 1443, 1347, 1305, 274, 1732, 761],
    [679, 1381, 922, 1261, 1263, 1264, 526, 1326, 606, 736, 1270, 1033, 1444, 1348, 1306, 31, 1002, 1733],
    [680, 1382, 923, 1251, 1260, 1249, 1984, 1344, 687, 734, 1028, 980, 1445, 1349, 1307, 517, 275, 518],
    [681, 1383, 924, 1243, 1254, 1262, 1258, 1338, 528, 789, 1269, 1275, 1434, 1320, 1386, 34, 1734, 1493],
    [682, 1384, 925, 1260, 1251, 1247, 529, 1329, 609, 787, 1027, 1222, 1435, 1321, 1387, 520, 1007, 278],
    [683, 1385, 926, 1253, 1257, 1259, 1987, 1347, 690, 785, 785, 1250, 1436, 1322, 1388, 277, 277, 1250],
    [684, 1386, 927, 1249, 1247, 1260, 1251, 1251, 1251, 771, 1278, 798, 1371, 1371, 1251, 37, 1737, 1496],
    [685, 1387, 928, 1266, 1244, 1245, 522, 1242, 1332, 769, 1036, 745, 1372, 1372, 1252, 523, 1010, 281],
    [686, 1388, 929, 1259, 1250, 1257, 1980, 1260, 1413, 767, 794, 773, 1373, 1373, 1253, 280, 280, 1253],
    [687, 1389, 930, 1248, 1262, 1243, 1254, 1254, 1254, 741, 1035, 987, 1362, 1344, 1332, 526, 1742, 41],
    [688, 1390, 931, 1268, 1268, 1255, 525, 1245, 1335, 739, 793, 1015, 1363, 1345, 1333, 283, 1012, 1013],
    [689, 1391, 932, 1258, 1265, 1267, 1983, 1263, 1416, 746, 1280, 1043, 1364, 1346, 1334, 40, 282, 1985],
    [690, 1392, 933, 1250, 1259, 1253, 1257, 1257, 1257, 792, 792, 1257, 1353, 1317, 1413, 286, 1744, 773],
    [691, 1393, 934, 1267, 1256, 1265, 528, 1248, 1338, 799, 1279, 1285, 1354, 1318, 1414, 43, 1014, 1745],
    [692, 1394, 935, 1257, 1253, 1250, 1986, 1266, 1419, 797, 1037, 1232, 1355, 1319, 1415, 529, 287, 530],
    [693, 1395, 936, 1247, 1249, 1251, 1253, 1413, 1980, 774, 801, 780, 1290, 1368, 1278, 289, 1747, 776],
    [694, 1396, 937, 1264, 1246, 1263, 524, 1404, 2061, 781, 1288, 808, 1291, 1369, 1279, 46, 1017, 1748],
    [695, 1397, 938, 1254, 1243, 1248, 1982, 1422, 2142, 779, 1046, 755, 1292, 1370, 1280, 532, 290, 533],
    [696, 1398, 939, 1246, 1264, 1261, 1256, 1416, 1983, 753, 1287, 1050, 1281, 1341, 1359, 49, 1749, 1508],
    [697, 1399, 940, 1263, 1261, 1246, 527, 1407, 2064, 751, 1045, 997, 1282, 1342, 1360, 535, 1022, 293],
    [698, 1400, 941, 1256, 1267, 1258, 1985, 1425, 2145, 749, 803, 1025, 1283, 1343, 1361, 292, 292, 1265],
    [699, 1401, 942, 1245, 1252, 1244, 1259, 1419, 1986, 804, 1044, 1239, 1272, 1314, 1440, 538, 1754, 53],
    [700, 1402, 943, 1265, 1258, 1256, 530, 1410, 2067, 802, 802, 1267, 1273, 1315, 1441, 295, 1024, 1025],
    [701, 1403, 944, 1255, 1255, 1268, 1988, 1428, 2148, 809, 1289, 1295, 1274, 1316, 1442, 52, 294, 1997],
    [594, 1134, 1647, 1270, 1272, 1287, 1279, 1359, 549, 1248, 1275, 789, 1449, 1293, 1233, 55, 1755, 1514],
    [595, 1135, 1648, 1287, 1269, 1272, 550, 1350, 630, 1246, 1033, 736, 1450, 1294, 1234, 541, 1028, 299],
    [596, 1136, 1649, 1280, 1275, 1284, 2008, 1368, 711, 1244, 791, 764, 1451, 1295, 1235, 298, 298, 1271],
    [597, 1137, 1650, 1269, 1287, 1270, 1282, 1362, 552, 1218, 1032, 978, 1440, 1266, 1314, 544, 1760, 59],
    [598, 1138, 1651, 1289, 1293, 1282, 553, 1353, 633, 1216, 790, 1006, 1441, 1267, 1315, 301, 1030, 1031],
    [599, 1139, 1652, 1279, 1290, 1294, 2011, 1371, 714, 1223, 1277, 1034, 1442, 1268, 1316, 58, 300, 2003],
    [600, 1140, 1653, 1271, 1284, 1280, 1285, 1365, 555, 1269, 789, 1248, 1431, 1239, 1395, 304, 1762, 791],
    [601, 1141, 1654, 1288, 1281, 1292, 556, 1356, 636, 1276, 1276, 1276, 1432, 1240, 1396, 61, 1032, 1763],
    [602, 1142, 1655, 1278, 1278, 1277, 2014, 1374, 717, 1274, 1034, 1223, 1433, 1241, 1397, 547, 305, 548],
    [603, 1143, 1656, 1277, 1277, 1278, 1278, 1278, 1278, 1251, 798, 771, 1368, 1290, 1260, 307, 1765, 794],
    [604, 1144, 1657, 1294, 1274, 1290, 549, 1269, 1359, 1258, 1285, 799, 1369, 1291, 1261, 64, 1035, 1766],
    [605, 1145, 1658, 1284, 1271, 1275, 2007, 1287, 1440, 1256, 1043, 746, 1370, 1292, 1262, 550, 308, 551],
    [606, 1146, 1659, 1276, 1292, 1288, 1281, 1281, 1281, 1230, 1284, 1041, 1359, 1263, 1341, 67, 1767, 1526],
    [607, 1147, 1660, 1293, 1289, 1273, 552, 1272, 1362, 1228, 1042, 988, 1360, 1264, 1342, 553, 1040, 311],
    [608, 1148, 1661, 1286, 1295, 1285, 2010, 1290, 1443, 1226, 800, 1016, 1361, 1265, 1343, 310, 310, 1283],
    [609, 1149, 1662, 1275, 1280, 1271, 1284, 1284, 1284, 1281, 1041, 1230, 1350, 1236, 1422, 556, 1772, 71],
    [610, 1150, 1663, 1295, 1286, 1283, 555, 1275, 1365, 1279, 799, 1258, 1351, 1237, 1423, 313, 1042, 1043],
    [611, 1151, 1664, 1285, 1283, 1295, 2013, 1293, 1446, 1286, 1286, 1286, 1352, 1238, 1424, 70, 312, 2015],
    [612, 1152, 1665, 1272, 1270, 1269, 1280, 1440, 2007, 1263, 1050, 753, 1287, 1287, 1287, 559, 1775, 74],
    [613, 1153, 1666, 1292, 1276, 1281, 551, 1431, 2088, 1261, 808, 781, 1288, 1288, 1288, 316, 1045, 1046],
    [614, 1154, 1667, 1282, 1273, 1293, 2009, 1449, 2169, 1268, 1295, 809, 1289, 1289, 1289, 73, 315, 2018],
    [615, 1155, 1668, 1274, 1294, 1279, 1283, 1443, 2010, 1233, 807, 1023, 1278, 1260, 1368, 319, 1777, 806],
    [616, 1156, 1669, 1291, 1291, 1291, 554, 1434, 2091, 1240, 1294, 1051, 1279, 1261, 1369, 76, 1047, 1778],
    [617, 1157, 1670, 1281, 1288, 1276, 2012, 1452, 2172, 1238, 1052, 998, 1280, 1262, 1370, 562, 320, 563],
    [618, 1158, 1671, 1273, 1282, 1289, 1286, 1446, 2013, 1293, 1293, 1293, 1269, 1233, 1449, 79, 1779, 1538],
    [619, 1159, 1672, 1290, 1279, 1274, 557, 1437, 2094, 1291, 1051, 1240, 1270, 1234, 1450, 565, 1052, 323],
    [620, 1160, 1673, 1283, 1285, 1286, 2015, 1455, 2175, 1289, 809, 1268, 1271, 1235, 1451, 322, 322, 1295],
    [1971, 945, 432, 1297, 1299, 1314, 1216, 576, 496, 1086, 1353, 870, 1428, 1446, 1218, 82, 1782, 1541],
    [1972, 946, 433, 1314, 1296, 1299, 487, 567, 577, 1084, 1111, 817, 1429, 1447, 1219, 568, 1055, 326],
    [1973, 947, 434, 1307, 1302, 1311, 1945, 585, 658, 1082, 869, 845, 1430, 1448, 1220, 325, 325, 1298],
    [1974, 948, 435, 1296, 1314, 1297, 1219, 579, 499, 1056, 1110, 1059, 1419, 1419, 1299, 571, 1787, 86],
    [1975, 949, 436, 1316, 1320, 1309, 490, 570, 580, 1054, 868, 1087, 1420, 1420, 1300, 328, 1057, 1058],
    [1976, 950, 437, 1306, 1317, 1321, 1948, 588, 661, 1061, 1355, 1115, 1421, 1421, 1301, 85, 327, 2030],
    [1977, 951, 438, 1298, 1311, 1307, 1222, 582, 502, 1107, 867, 1329, 1410, 1392, 1380, 331, 1789, 818],
    [1978, 952, 439, 1315, 1308, 1319, 493, 573, 583, 1114, 1354, 1357, 1411, 1393, 1381, 88, 1059, 1790],
    [1979, 953, 440, 1305, 1305, 1304, 1951, 591, 664, 1112, 1112, 1304, 1412, 1394, 1382, 574, 332, 575],
    [1980, 954, 441, 1304, 1304, 1305, 1215, 495, 1225, 1089, 876, 852, 1347, 1443, 1245, 334, 1792, 821],
    [1981, 955, 442, 1321, 1301, 1317, 486, 486, 1306, 1096, 1363, 880, 1348, 1444, 1246, 91, 1062, 1793],
    [1982, 956, 443, 1311, 1298, 1302, 1944, 504, 1387, 1094, 1121, 827, 1349, 1445, 1247, 577, 335, 578],
    [1983, 957, 444, 1303, 1319, 1315, 1218, 498, 1228, 1068, 1362, 1122, 1338, 1416, 1326, 94, 1794, 1553],
    [1984, 958, 445, 1320, 1316, 1300, 489, 489, 1309, 1066, 1120, 1069, 1339, 1417, 1327, 580, 1067, 338],
    [1985, 959, 446, 1313, 1322, 1312, 1947, 507, 1390, 1064, 878, 1097, 1340, 1418, 1328, 337, 337, 1310],
    [1986, 960, 447, 1302, 1307, 1298, 1221, 501, 1231, 1119, 1119, 1311, 1329, 1389, 1407, 583, 1799, 98],
    [1987, 961, 448, 1322, 1313, 1310, 492, 492, 1312, 1117, 877, 1339, 1330, 1390, 1408, 340, 1069, 1070],
    [1988, 962, 449, 1312, 1310, 1322, 1950, 510, 1393, 1124, 1364, 1367, 1331, 1391, 1409, 97, 339, 2042],
    [1989, 963, 450, 1299, 1297, 1296, 1217, 657, 1954, 1101, 1128, 834, 1266, 1440, 1272, 586, 1802, 101],
    [1990, 964, 451, 1319, 1303, 1308, 488, 648, 2035, 1099, 886, 862, 1267, 1441, 1273, 343, 1072, 1073],
    [1991, 965, 452, 1309, 1300, 1320, 1946, 666, 2116, 1106, 1373, 890, 1268, 1442, 1274, 100, 342, 2045],
    [1992, 966, 453, 1301, 1321, 1306, 1220, 660, 1957, 1071, 885, 1104, 1257, 1413, 1353, 346, 1804, 833],
    [1993, 967, 454, 1318, 1318, 1318, 491, 651, 2038, 1078, 1372, 1132, 1258, 1414, 1354, 103, 1074, 1805],
    [1994, 968, 455, 1308, 1315, 1303, 1949, 669, 2119, 1076, 1130, 1079, 1259, 1415, 1355, 589, 347, 590],
    [1995, 969, 456, 1300, 1309, 1316, 1223, 663, 1960, 1131, 1371, 1374, 1248, 1386, 1434, 106, 1806, 1565],
    [1996, 970, 457, 1317, 1306, 1301, 494, 654, 2041, 1129, 1129, 1321, 1249, 1387, 1435, 592, 1079, 350],
    [1997, 971, 458, 1310, 1312, 1313, 1952, 672, 2122, 1127, 887, 1349, 1250, 1388, 1436, 349, 349, 1322],
    [2133, 1431, 1161, 1325, 1329, 1332, 1243, 603, 523, 837, 864, 843, 1425, 1365, 1227, 352, 1810, 839],
    [2134, 1432, 1162, 1342, 1326, 1344, 514, 594, 604, 844, 1351, 871, 1426, 1366, 1228, 109, 1080, 1811],
    [2135, 1433, 1163, 1332, 1323, 1329, 1972, 612, 685, 842, 1109, 818, 1427, 1367, 1229, 595, 353, 596],
    [2136, 1434, 1164, 1324, 1344, 1342, 1246, 606, 526, 816, 1350, 1113, 1416, 1338, 1308, 112, 1812, 1571],
    [2137, 1435, 1165, 1341, 1341, 1327, 517, 597, 607, 814, 1108, 1060, 1417, 1339, 1309, 598, 1085, 356],
    [2138, 1436, 1166, 1334, 1347, 1339, 1975, 615, 688, 812, 866, 1088, 1418, 1340, 1310, 355, 355, 1328],
    [2139, 1437, 1167, 1323, 1332, 1325, 1249, 609, 529, 867, 1107, 1302, 1407, 1311, 1389, 601, 1817, 116],
    [2140, 1438, 1168, 1343, 1338, 1337, 520, 600, 610, 865, 865, 1330, 1408, 1312, 1390, 358, 1087, 1088],
    [2141, 1439, 1169, 1333, 1335, 1349, 1978, 618, 691, 872, 1352, 1358, 1409, 1313, 1391, 115, 357, 2060],
    [2142, 1440, 1170, 1329, 1325, 1323, 1242, 522, 1252, 849, 1116, 825, 1344, 1362, 1254, 604, 1820, 119],
    [2143, 1441, 1171, 1349, 1331, 1335, 513, 513, 1333, 847, 874, 853, 1345, 1363, 1255, 361, 1090, 1091],
    [2144, 1442, 1172, 1339, 1328, 1347, 1971, 531, 1414, 854, 1361, 881, 1346, 1364, 1256, 118, 360, 2063],
    [2145, 1443, 1173, 1331, 1349, 1333, 1245, 525, 1255, 819, 873, 1095, 1335, 1335, 1335, 364, 1822, 851],
    [2146, 1444, 1174, 1348, 1346, 1345, 516, 516, 1336, 826, 1360, 1123, 1336, 1336, 1336, 121, 1092, 1823],
    [2147, 1445, 1175, 1338, 1343, 1330, 1974, 534, 1417, 824, 1118, 1070, 1337, 1337, 1337, 607, 365, 608],
    [2148, 1446, 1176, 1330, 1337, 1343, 1248, 528, 1258, 879, 1359, 1365, 1326, 1308, 1416, 124, 1824, 1583],
    [2149, 1447, 1177, 1347, 1334, 1328, 519, 519, 1339, 877, 1117, 1312, 1327, 1309, 1417, 610, 1097, 368],
    [2150, 1448, 1178, 1340, 1340, 1340, 1977, 537, 1420, 875, 875, 1340, 1328, 1310, 1418, 367, 367, 1340],
    [2151, 1449, 1179, 1327, 1327, 1341, 1244, 684, 1981, 861, 1368, 888, 1263, 1359, 1281, 127, 1827, 1586],
    [2152, 1450, 1180, 1344, 1324, 1326, 515, 675, 2062, 859, 1126, 835, 1264, 1360, 1282, 613, 1100, 371],
    [2153, 1451, 1181, 1337, 1330, 1338, 1973, 693, 2143, 857, 884, 863, 1265, 1361, 1283, 370, 370, 1343],
    [2154, 1452, 1182, 1326, 1342, 1324, 1247, 687, 1984, 831, 1125, 1077, 1254, 1332, 1362, 616, 1832, 131],
    [2155, 1453, 1183, 1346, 1348, 1336, 518, 678, 2065, 829, 883, 1105, 1255, 1333, 1363, 373, 1102, 1103],
    [2156, 1454, 1184, 1336, 1345, 1348, 1976, 696, 2146, 836, 1370, 1133, 1256, 1334, 1364, 130, 372, 2075],
    [2157, 1455, 1185, 1328, 1339, 1334, 1250, 690, 1987, 882, 882, 1347, 1245, 1305, 1443, 376, 1834, 863],
    [2158, 1456, 1186, 1345, 1336, 1346, 521, 681, 2068, 889, 1369, 1375, 1246, 1306, 1444, 133, 1104, 1835],
    [2159, 1457, 1187, 1335, 1333, 1331, 1979, 699, 2149, 887, 1127, 1322, 1247, 1307, 1445, 619, 377, 620],
    [2052, 1188, 1890, 1350, 1350, 1350, 1270, 630, 550, 1326, 1113, 816, 1422, 1284, 1236, 622, 1838, 137],
    [2053, 1189, 1891, 1370, 1356, 1362, 541, 621, 631, 1324, 871, 844, 1423, 1285, 1237, 379, 1108, 1109],
    [2054, 1190, 1892, 1360, 1353, 1374, 1999, 639, 712, 1331, 1358, 872, 1424, 1286, 1238, 136, 378, 2081],
    [2055, 1191, 1893, 1352, 1374, 1360, 1273, 633, 553, 1296, 870, 1086, 1413, 1257, 1317, 382, 1840, 869],
    [2056, 1192, 1894, 1369, 1371, 1372, 544, 624, 634, 1303, 1357, 1114, 1414, 1258, 1318, 139, 1110, 1841],
    [2057, 1193, 1895, 1359, 1368, 1357, 2002, 642, 715, 1301, 1115, 1061, 1415, 1259, 1319, 625, 383, 626],
    [2058, 1194, 1896, 1351, 1362, 1370, 1276, 636, 556, 1356, 1356, 1356, 1404, 1230, 1398, 142, 1842, 1601],
    [2059, 1195, 1897, 1368, 1359, 1355, 547, 627, 637, 1354, 1114, 1303, 1405, 1231, 1399, 628, 1115, 386],
    [2060, 1196, 1898, 1361, 1365, 1367, 2005, 645, 718, 1352, 872, 1331, 1406, 1232, 1400, 385, 385, 1358],
    [2061, 1197, 1899, 1357, 1355, 1368, 1269, 549, 1279, 1338, 1365, 879, 1341, 1281, 1263, 145, 1845, 1604],
    [2062, 1198, 1900, 1374, 1352, 1353, 540, 540, 1360, 1336, 1123, 826, 1342, 1282, 1264, 631, 1118, 389],
    [2063, 1199, 1901, 1367, 1358, 1365, 1998, 558, 1441, 1334, 881, 854, 1343, 1283, 1265, 388, 388, 1361],
    [2064, 1200, 1902, 1356, 1370, 1351, 1272, 552, 1282, 1308, 1122, 1068, 1332, 1254, 1344, 634, 1850, 149],
    [2065, 1201, 1903, 1376, 1376, 1363, 543, 543, 1363, 1306, 880, 1096, 1333, 1255, 1345, 391, 1120, 1121],
    [2066, 1202, 1904, 1366, 1373, 1375, 2001, 561, 1444, 1313, 1367, 1124, 1334, 1256, 1346, 148, 390, 2093],
    [2067, 1203, 1905, 1358, 1367, 1361, 1275, 555, 1285, 1359, 879, 1338, 1323, 1227, 1425, 394, 1852, 881],
    [2068, 1204, 1906, 1375, 1364, 1373, 546, 546, 1366, 1366, 1366, 1366, 1324, 1228, 1426, 151, 1122, 1853],
    [2069, 1205, 1907, 1365, 1361, 1358, 2004, 564, 1447, 1364, 1124, 1313, 1325, 1229, 1427, 637, 395, 638],
    [2070, 1206, 1908, 1355, 1357, 1359, 1271, 711, 2008, 1341, 888, 861, 1260, 1278, 1290, 397, 1855, 884],
    [2071, 1207, 1909, 1372, 1354, 1371, 542, 702, 2089, 1348, 1375, 889, 1261, 1279, 1291, 154, 1125, 1856],
    [2072, 1208, 1910, 1362, 1351, 1356, 2000, 720, 2170, 1346, 1133, 836, 1262, 1280, 1292, 640, 398, 641],
    [2073, 1209, 1911, 1354, 1372, 1369, 1274, 714, 2011, 1320, 1374, 1131, 1251, 1251, 1371, 157, 1857, 1616],
    [2074, 1210, 1912, 1371, 1369, 1354, 545, 705, 2092, 1318, 1132, 1078, 1252, 1252, 1372, 643, 1130, 401],
    [2075, 1211, 1913, 1364, 1375, 1366, 2003, 723, 2173, 1316, 890, 1106, 1253, 1253, 1373, 400, 400, 1373],
    [2076, 1212, 1914, 1353, 1360, 1352, 1277, 717, 2014, 1371, 1131, 1320, 1242, 1224, 1452, 646, 1862, 161],
    [2077, 1213, 1915, 1373, 1366, 1364, 548, 708, 2095, 1369, 889, 1348, 1243, 1225, 1453, 403, 1132, 1133],
    [2078, 1214, 1916, 1363, 1363, 1376, 2006, 726, 2176, 1376, 1376, 1376, 1244, 1226, 1454, 160, 402, 2105],
    [1242, 918, 675, 1377, 1377, 1377, 1234, 2034, 497, 1164, 1191, 897, 1401, 1437, 1221, 649, 1865, 164],
    [1243, 919, 676, 1397, 1383, 1389, 505, 2025, 578, 1162, 949, 925, 1402, 1438, 1222, 406, 1135, 1136],
    [1244, 920, 677, 1387, 1380, 1401, 1963, 2043, 659, 1169, 1436, 953, 1403, 1439, 1223, 163, 405, 2108],
    [1245, 921, 678, 1379, 1401, 1387, 1237, 2037, 500, 1134, 948, 1167, 1392, 1410, 1302, 409, 1867, 896],
    [1246, 922, 679, 1396, 1398, 1399, 508, 2028, 581, 1141, 1435, 1195, 1393, 1411, 1303, 166, 1137, 1868],
    [1247, 923, 680, 1386, 1395, 1384, 1966, 2046, 662, 1139, 1193, 1142, 1394, 1412, 1304, 652, 410, 653],
    [1248, 924, 681, 1378, 1389, 1397, 1240, 2040, 503, 1194, 1434, 1437, 1383, 1383, 1383, 169, 1869, 1628],
    [1249, 925, 682, 1395, 1386, 1382, 511, 2031, 584, 1192, 1192, 1384, 1384, 1384, 1384, 655, 1142, 413],
    [1250, 926, 683, 1388, 1392, 1394, 1969, 2049, 665, 1190, 950, 1412, 1385, 1385, 1385, 412, 412, 1385],
    [1251, 927, 684, 1384, 1382, 1395, 1233, 1953, 1226, 1176, 1443, 960, 1320, 1434, 1248, 172, 1872, 1631],
    [1252, 928, 685, 1401, 1379, 1380, 504, 1944, 1307, 1174, 1201, 907, 1321, 1435, 1249, 658, 1145, 416],
    [1253, 929, 686, 1394, 1385, 1392, 1962, 1962, 1388, 1172, 959, 935, 1322, 1436, 1250, 415, 415, 1388],
    [1254, 930, 687, 1383, 1397, 1378, 1236, 1956, 1229, 1146, 1200, 1149, 1311, 1407, 1329, 661, 1877, 176],
    [1255, 931, 688, 1403, 1403, 1390, 507, 1947, 1310, 1144, 958, 1177, 1312, 1408, 1330, 418, 1147, 1148],
    [1256, 932, 689, 1393, 1400, 1402, 1965, 1965, 1391, 1151, 1445, 1205, 1313, 1409, 1331, 175, 417, 2120],
    [1257, 933, 690, 1385, 1394, 1388, 1239, 1959, 1232, 1197, 957, 1419, 1302, 1380, 1410, 421, 1879, 908],
    [1258, 934, 691, 1402, 1391, 1400, 510, 1950, 1313, 1204, 1444, 1447, 1303, 1381, 1411, 178, 1149, 1880],
    [1259, 935, 692, 1392, 1388, 1385, 1968, 1968, 1394, 1202, 1202, 1394, 1304, 1382, 1412, 664, 422, 665],
    [1260, 936, 693, 1382, 1384, 1386, 1235, 2115, 1955, 1179, 966, 942, 1239, 1431, 1275, 424, 1882, 911],
    [1261, 937, 694, 1399, 1381, 1398, 506, 2106, 2036, 1186, 1453, 970, 1240, 1432, 1276, 181, 1152, 1883],
    [1262, 938, 695, 1389, 1378, 1383, 1964, 2124, 2117, 1184, 1211, 917, 1241, 1433, 1277, 667, 425, 668],
    [1263, 939, 696, 1381, 1399, 1396, 1238, 2118, 1958, 1158, 1452, 1212, 1230, 1404, 1356, 184, 1884, 1643],
    [1264, 940, 697, 1398, 1396, 1381, 509, 2109, 2039, 1156, 1210, 1159, 1231, 1405, 1357, 670, 1157, 428],
    [1265, 941, 698, 1391, 1402, 1393, 1967, 2127, 2120, 1154, 968, 1187, 1232, 1406, 1358, 427, 427, 1400],
    [1266, 942, 699, 1380, 1387, 1379, 1241, 2121, 1961, 1209, 1209, 1401, 1221, 1377, 1437, 673, 1889, 188],
    [1267, 943, 700, 1400, 1393, 1391, 512, 2112, 2042, 1207, 967, 1429, 1222, 1378, 1438, 430, 1159, 1160],
    [1268, 944, 701, 1390, 1390, 1403, 1970, 2130, 2123, 1214, 1454, 1457, 1223, 1379, 1439, 187, 429, 2132],
    [1404, 1404, 1404, 1405, 1407, 1422, 1261, 2061, 524, 924, 1431, 951, 1398, 1356, 1230, 190, 1890, 1649],
    [1405, 1405, 1405, 1422, 1404, 1407, 532, 2052, 605, 922, 1189, 898, 1399, 1357, 1231, 676, 1163, 434],
    [1406, 1406, 1406, 1415, 1410, 1419, 1990, 2070, 686, 920, 947, 926, 1400, 1358, 1232, 433, 433, 1406],
    [1407, 1407, 1407, 1404, 1422, 1405, 1264, 2064, 527, 894, 1188, 1140, 1389, 1329, 1311, 679, 1895, 194],
    [1408, 1408, 1408, 1424, 1428, 1417, 535, 2055, 608, 892, 946, 1168, 1390, 1330, 1312, 436, 1165, 1166],
    [1409, 1409, 1409, 1414, 1425, 1429, 1993, 2073, 689, 899, 1433, 1196, 1391, 1331, 1313, 193, 435, 2138],
    [1410, 1410, 1410, 1406, 1419, 1415, 1267, 2067, 530, 945, 945, 1410, 1380, 1302, 1392, 439, 1897, 926],
    [1411, 1411, 1411, 1423, 1416, 1427, 538, 2058, 611, 952, 1432, 1438, 1381, 1303, 1393, 196, 1167, 1898],
    [1412, 1412, 1412, 1413, 1413, 1412, 1996, 2076, 692, 950, 1190, 1385, 1382, 1304, 1394, 682, 440, 683],
    [1413, 1413, 1413, 1412, 1412, 1413, 1260, 1980, 1253, 927, 954, 933, 1317, 1353, 1257, 442, 1900, 929],
    [1414, 1414, 1414, 1429, 1409, 1425, 531, 1971, 1334, 934, 1441, 961, 1318, 1354, 1258, 199, 1170, 1901],
    [1415, 1415, 1415, 1419, 1406, 1410, 1989, 1989, 1415, 932, 1199, 908, 1319, 1355, 1259, 685, 443, 686],
    [1416, 1416, 1416, 1411, 1427, 1423, 1263, 1983, 1256, 906, 1440, 1203, 1308, 1326, 1338, 202, 1902, 1661],
    [1417, 1417, 1417, 1428, 1424, 1408, 534, 1974, 1337, 904, 1198, 1150, 1309, 1327, 1339, 688, 1175, 446],
    [1418, 1418, 1418, 1421, 1430, 1420, 1992, 1992, 1418, 902, 956, 1178, 1310, 1328, 1340, 445, 445, 1418],
    [1419, 1419, 1419, 1410, 1415, 1406, 1266, 1986, 1259, 957, 1197, 1392, 1299, 1299, 1419, 691, 1907, 206],
    [1420, 1420, 1420, 1430, 1421, 1418, 537, 1977, 1340, 955, 955, 1420, 1300, 1300, 1420, 448, 1177, 1178],
    [1421, 1421, 1421, 1420, 1418, 1430, 1995, 1995, 1421, 962, 1442, 1448, 1301, 1301, 1421, 205, 447, 2150],
    [1422, 1422, 1422, 1407, 1405, 1404, 1262, 2142, 1982, 939, 1206, 915, 1236, 1350, 1284, 694, 1910, 209],
    [1423, 1423, 1423, 1427, 1411, 1416, 533, 2133, 2063, 937, 964, 943, 1237, 1351, 1285, 451, 1180, 1181],
    [1424, 1424, 1424, 1417, 1408, 1428, 1991, 2151, 2144, 944, 1451, 971, 1238, 1352, 1286, 208, 450, 2153],
    [1425, 1425, 1425, 1409, 1429, 1414, 1265, 2145, 1985, 909, 963, 1185, 1227, 1323, 1365, 454, 1912, 941],
    [1426, 1426, 1426, 1426, 1426, 1426, 536, 2136, 2066, 916, 1450, 1213, 1228, 1324, 1366, 211, 1182, 1913],
    [1427, 1427, 1427, 1416, 1423, 1411, 1994, 2154, 2147, 914, 1208, 1160, 1229, 1325, 1367, 697, 455, 698],
    [1428, 1428, 1428, 1408, 1417, 1424, 1268, 2148, 1988, 969, 1449, 1455, 1218, 1296, 1446, 214, 1914, 1673],
    [1429, 1429, 1429, 1425, 1414, 1409, 539, 2139, 2069, 967, 1207, 1402, 1219, 1297, 1447, 700, 1187, 458],
    [1430, 1430, 1430, 1418, 1420, 1421, 1997, 2157, 2150, 965, 965, 1430, 1220, 1298, 1448, 457, 457, 1430],
    [1323, 1161, 2133, 1433, 1437, 1440, 1288, 2088, 551, 1404, 951, 924, 1395, 1275, 1239, 460, 1918, 947],
    [1324, 1162, 2134, 1450, 1434, 1452, 559, 2079, 632, 1411, 1438, 952, 1396, 1276, 1240, 217, 1188, 1919],
    [1325, 1163, 2135, 1440, 1431, 1437, 2017, 2097, 713, 1409, 1196, 899, 1397, 1277, 1241, 703, 461, 704],
    [1326, 1164, 2136, 1432, 1452, 1450, 1291, 2091, 554, 1383, 1437, 1194, 1386, 1248, 1320, 220, 1920, 1679],
    [1327, 1165, 2137, 1449, 1449, 1435, 562, 2082, 635, 1381, 1195, 1141, 1387, 1249, 1321, 706, 1193, 464],
    [1328, 1166, 2138, 1442, 1455, 1447, 2020, 2100, 716, 1379, 953, 1169, 1388, 1250, 1322, 463, 463, 1436],
    [1329, 1167, 2139, 1431, 1440, 1433, 1294, 2094, 557, 1434, 1194, 1383, 1377, 1221, 1401, 709, 1925, 224],
    [1330, 1168, 2140, 1451, 1446, 1445, 565, 2085, 638, 1432, 952, 1411, 1378, 1222, 1402, 466, 1195, 1196],
    [1331, 1169, 2141, 1441, 1443, 1457, 2023, 2103, 719, 1439, 1439, 1439, 1379, 1223, 1403, 223, 465, 2168],
    [1332, 1170, 2142, 1437, 1433, 1431, 1287, 2007, 1280, 1416, 1203, 906, 1314, 1272, 1266, 712, 1928, 227],
    [1333, 1171, 2143, 1457, 1439, 1443, 558, 1998, 1361, 1414, 961, 934, 1315, 1273, 1267, 469, 1198, 1199],
    [1334, 1172, 2144, 1447, 1436, 1455, 2016, 2016, 1442, 1421, 1448, 962, 1316, 1274, 1268, 226, 468, 2171],
    [1335, 1173, 2145, 1439, 1457, 1441, 1290, 2010, 1283, 1386, 960, 1176, 1305, 1245, 1347, 472, 1930, 959],
    [1336, 1174, 2146, 1456, 1454, 1453, 561, 2001, 1364, 1393, 1447, 1204, 1306, 1246, 1348, 229, 1200, 1931],
    [1337, 1175, 2147, 1446, 1451, 1438, 2019, 2019, 1445, 1391, 1205, 1151, 1307, 1247, 1349, 715, 473, 716],
    [1338, 1176, 2148, 1438, 1445, 1451, 1293, 2013, 1286, 1446, 1446, 1446, 1296, 1218, 1428, 232, 1932, 1691],
    [1339, 1177, 2149, 1455, 1442, 1436, 564, 2004, 1367, 1444, 1204, 1393, 1297, 1219, 1429, 718, 1205, 476],
    [1340, 1178, 2150, 1448, 1448, 1448, 2022, 2022, 1448, 1442, 962, 1421, 1298, 1220, 1430, 475, 475, 1448],
    [1341, 1179, 2151, 1435, 1435, 1449, 1289, 2169, 2009, 1428, 1455, 969, 1233, 1269, 1293, 235, 1935, 1694],
    [1342, 1180, 2152, 1452, 1432, 1434, 560, 2160, 2090, 1426, 1213, 916, 1234, 1270, 1294, 721, 1208, 479],
    [1343, 1181, 2153, 1445, 1438, 1446, 2018, 2178, 2171, 1424, 971, 944, 1235, 1271, 1295, 478, 478, 1451],
    [1344, 1182, 2154, 1434, 1450, 1432, 1292, 2172, 2012, 1398, 1212, 1158, 1224, 1242, 1374, 724, 1940, 239],
    [1345, 1183, 2155, 1454, 1456, 1444, 563, 2163, 2093, 1396, 970, 1186, 1225, 1243, 1375, 481, 1210, 1211],
    [1346, 1184, 2156, 1444, 1453, 1456, 2021, 2181, 2174, 1403, 1457, 1214, 1226, 1244, 1376, 238, 480, 2183],
    [1347, 1185, 2157, 1436, 1447, 1442, 1295, 2175, 2015, 1449, 969, 1428, 1215, 1215, 1455, 484, 1942, 971],
    [1348, 1186, 2158, 1453, 1444, 1454, 566, 2166, 2096, 1456, 1456, 1456, 1216, 1216, 1456, 241, 1212, 1943],
    [1349, 1187, 2159, 1443, 1441, 1439, 2024, 2184, 2177, 1454, 1214, 1403, 1217, 1217, 1457, 727, 485, 728],
    [243, 81, 54, 1460, 1464, 1467, 901, 821, 18, 1728, 1488, 1485, 1698, 1698, 1458, 1701, 1459, 729],
    [244, 82, 55, 1477, 1461, 1479, 172, 812, 99, 1735, 1975, 1513, 1699, 1699, 1459, 1458, 729, 1701],
    [245, 83, 56, 1467, 1458, 1464, 1630, 830, 180, 1733, 1733, 1460, 1700, 1700, 1460, 1944, 2, 486],
    [246, 84, 57, 1459, 1479, 1477, 904, 824, 21, 1707, 1974, 1755, 1689, 1671, 1539, 1461, 1461, 1461],
    [247, 85, 58, 1476, 1476, 1462, 175, 815, 102, 1705, 1732, 1702, 1690, 1672, 1540, 1947, 734, 246],
    [248, 86, 59, 1469, 1482, 1474, 1633, 833, 183, 1703, 1490, 1730, 1691, 1673, 1541, 1704, 4, 1218],
    [249, 87, 60, 1458, 1467, 1460, 907, 827, 24, 1758, 1731, 1944, 1680, 1644, 1620, 1950, 1466, 6],
    [250, 88, 61, 1478, 1473, 1472, 178, 818, 105, 1756, 1489, 1972, 1681, 1645, 1621, 1707, 736, 978],
    [251, 89, 62, 1468, 1470, 1484, 1636, 836, 186, 1763, 1976, 2000, 1682, 1646, 1622, 1464, 6, 1950],
    [252, 90, 63, 1464, 1460, 1458, 900, 740, 747, 1740, 1740, 1467, 1617, 1695, 1485, 1953, 1469, 9],
    [253, 91, 64, 1484, 1466, 1470, 171, 731, 828, 1738, 1498, 1495, 1618, 1696, 1486, 1710, 739, 981],
    [254, 92, 65, 1474, 1463, 1482, 1629, 749, 909, 1745, 1985, 1523, 1619, 1697, 1487, 1467, 9, 1953],
    [255, 93, 66, 1466, 1484, 1468, 903, 743, 750, 1710, 1497, 1737, 1608, 1668, 1566, 1713, 1471, 741],
    [256, 94, 67, 1483, 1481, 1480, 174, 734, 831, 1717, 1984, 1765, 1609, 1669, 1567, 1470, 741, 1713],
    [257, 95, 68, 1473, 1478, 1465, 1632, 752, 912, 1715, 1742, 1712, 1610, 1670, 1568, 1956, 14, 498],
    [258, 96, 69, 1465, 1472, 1478, 906, 746, 753, 1770, 1983, 2007, 1599, 1641, 1647, 1473, 1473, 1473],
    [259, 97, 70, 1482, 1469, 1463, 177, 737, 834, 1768, 1741, 1954, 1600, 1642, 1648, 1959, 746, 258],
    [260, 98, 71, 1475, 1475, 1475, 1635, 755, 915, 1766, 1499, 1982, 1601, 1643, 1649, 1716, 16, 1230],
    [261, 99, 72, 1462, 1462, 1476, 902, 902, 1476, 1752, 1992, 1530, 1536, 1692, 1512, 1476, 1476, 1476],
    [262, 100, 73, 1479, 1459, 1461, 173, 893, 1557, 1750, 1750, 1477, 1537, 1693, 1513, 1962, 749, 261],
    [263, 101, 74, 1472, 1465, 1473, 1631, 911, 1638, 1748, 1508, 1505, 1538, 1694, 1514, 1719, 19, 1233],
    [264, 102, 75, 1461, 1477, 1459, 905, 905, 1479, 1722, 1749, 1719, 1527, 1665, 1593, 1965, 1481, 21],
    [265, 103, 76, 1481, 1483, 1471, 176, 896, 1560, 1720, 1507, 1747, 1528, 1666, 1594, 1722, 751, 993],
    [266, 104, 77, 1471, 1480, 1483, 1634, 914, 1641, 1727, 1994, 1775, 1529, 1667, 1595, 1479, 21, 1965],
    [267, 105, 78, 1463, 1474, 1469, 908, 908, 1482, 1773, 1506, 1989, 1518, 1638, 1674, 1725, 1483, 753],
    [268, 106, 79, 1480, 1471, 1481, 179, 899, 1563, 1780, 1993, 2017, 1519, 1639, 1675, 1482, 753, 1725],
    [269, 107, 80, 1470, 1468, 1466, 1637, 917, 1644, 1778, 1751, 1964, 1520, 1640, 1676, 1968, 26, 510],
    [405, 567, 783, 1485, 1485, 1485, 928, 848, 45, 1488, 1728, 1458, 1695, 1617, 1467, 1971, 1487, 27],
    [406, 568, 784, 1505, 1491, 1497, 199, 839, 126, 1486, 1486, 1486, 1696, 1618, 1468, 1728, 757, 999],
    [407, 569, 785, 1495, 1488, 1509, 1657, 857, 207, 1493, 1973, 1514, 1697, 1619, 1469, 1485, 27, 1971],
    [408, 570, 786, 1487, 1509, 1495, 931, 851, 48, 1458, 1485, 1728, 1686, 1590, 1548, 1731, 1489, 759],
    [409, 571, 787, 1504, 1506, 1507, 202, 842, 129, 1465, 1972, 1756, 1687, 1591, 1549, 1488, 759, 1731],
    [410, 572, 788, 1494, 1503, 1492, 1660, 860, 210, 1463, 1730, 1703, 1688, 1592, 1550, 1974, 32, 516],
    [411, 573, 789, 1486, 1497, 1505, 934, 854, 51, 1518, 1971, 1998, 1677, 1563, 1629, 1491, 1491, 1491],
    [412, 574, 790, 1503, 1494, 1490, 205, 845, 132, 1516, 1729, 1945, 1678, 1564, 1630, 1977, 764, 276],
    [413, 575, 791, 1496, 1500, 1502, 1663, 863, 213, 1514, 1487, 1973, 1679, 1565, 1631, 1734, 34, 1248],
    [414, 576, 792, 1492, 1490, 1503, 927, 767, 774, 1500, 1980, 1521, 1614, 1614, 1494, 1494, 1494, 1494],
    [415, 577, 793, 1509, 1487, 1488, 198, 758, 855, 1498, 1738, 1468, 1615, 1615, 1495, 1980, 767, 279],
    [416, 578, 794, 1502, 1493, 1500, 1656, 776, 936, 1496, 1496, 1496, 1616, 1616, 1496, 1737, 37, 1251],
    [417, 579, 795, 1491, 1505, 1486, 930, 770, 777, 1470, 1737, 1710, 1605, 1587, 1575, 1983, 1499, 39],
    [418, 580, 796, 1511, 1511, 1498, 201, 761, 858, 1468, 1495, 1738, 1606, 1588, 1576, 1740, 769, 1011],
    [419, 581, 797, 1501, 1508, 1510, 1659, 779, 939, 1475, 1982, 1766, 1607, 1589, 1577, 1497, 39, 1983],
    [420, 582, 798, 1493, 1502, 1496, 933, 773, 780, 1521, 1494, 1980, 1596, 1560, 1656, 1743, 1501, 771],
    [421, 583, 799, 1510, 1499, 1508, 204, 764, 861, 1528, 1981, 2008, 1597, 1561, 1657, 1500, 771, 1743],
    [422, 584, 800, 1500, 1496, 1493, 1662, 782, 942, 1526, 1739, 1955, 1598, 1562, 1658, 1986, 44, 528],
    [423, 585, 801, 1490, 1492, 1494, 929, 929, 1503, 1503, 1503, 1503, 1533, 1611, 1521, 1746, 1504, 774],
    [424, 586, 802, 1507, 1489, 1506, 200, 920, 1584, 1510, 1990, 1531, 1534, 1612, 1522, 1503, 774, 1746],
    [425, 587, 803, 1497, 1486, 1491, 1658, 938, 1665, 1508, 1748, 1478, 1535, 1613, 1523, 1989, 47, 531],
    [426, 588, 804, 1489, 1507, 1504, 932, 932, 1506, 1482, 1989, 1773, 1524, 1584, 1602, 1506, 1506, 1506],
    [427, 589, 805, 1506, 1504, 1489, 203, 923, 1587, 1480, 1747, 1720, 1525, 1585, 1603, 1992, 779, 291],
    [428, 590, 806, 1499, 1510, 1501, 1661, 941, 1668, 1478, 1505, 1748, 1526, 1586, 1604, 1749, 49, 1263],
    [429, 591, 807, 1488, 1495, 1487, 935, 935, 1509, 1533, 1746, 1962, 1515, 1557, 1683, 1995, 1511, 51],
    [430, 592, 808, 1508, 1501, 1499, 206, 926, 1590, 1531, 1504, 1990, 1516, 1558, 1684, 1752, 781, 1023],
    [431, 593, 809, 1498, 1498, 1511, 1664, 944, 1671, 1538, 1991, 2018, 1517, 1559, 1685, 1509, 51, 1995],
    [324, 324, 1512, 1513, 1515, 1530, 955, 875, 72, 1977, 1977, 1512, 1692, 1536, 1476, 1512, 1512, 1512],
    [325, 325, 1513, 1530, 1512, 1515, 226, 866, 153, 1975, 1735, 1459, 1693, 1537, 1477, 1998, 785, 297],
    [326, 326, 1514, 1523, 1518, 1527, 1684, 884, 234, 1973, 1493, 1487, 1694, 1538, 1478, 1755, 55, 1269],
    [327, 327, 1515, 1512, 1530, 1513, 958, 878, 75, 1947, 1734, 1701, 1683, 1509, 1557, 2001, 1517, 57],
    [328, 328, 1516, 1532, 1536, 1525, 229, 869, 156, 1945, 1492, 1729, 1684, 1510, 1558, 1758, 787, 1029],
    [329, 329, 1517, 1522, 1533, 1537, 1687, 887, 237, 1952, 1979, 1757, 1685, 1511, 1559, 1515, 57, 2001],
    [330, 330, 1518, 1514, 1527, 1523, 961, 881, 78, 1998, 1491, 1971, 1674, 1482, 1638, 1761, 1519, 789],
    [331, 331, 1519, 1531, 1524, 1535, 232, 872, 159, 2005, 1978, 1999, 1675, 1483, 1639, 1518, 789, 1761],
    [332, 332, 1520, 1521, 1521, 1520, 1690, 890, 240, 2003, 1736, 1946, 1676, 1484, 1640, 2004, 62, 546],
    [333, 333, 1521, 1520, 1520, 1521, 954, 794, 801, 1980, 1500, 1494, 1611, 1533, 1503, 1764, 1522, 792],
    [334, 334, 1522, 1537, 1517, 1533, 225, 785, 882, 1987, 1987, 1522, 1612, 1534, 1504, 1521, 792, 1764],
    [335, 335, 1523, 1527, 1514, 1518, 1683, 803, 963, 1985, 1745, 1469, 1613, 1535, 1505, 2007, 65, 549],
    [336, 336, 1524, 1519, 1535, 1531, 957, 797, 804, 1959, 1986, 1764, 1602, 1506, 1584, 1524, 1524, 1524],
    [337, 337, 1525, 1536, 1532, 1516, 228, 788, 885, 1957, 1744, 1711, 1603, 1507, 1585, 2010, 797, 309],
    [338, 338, 1526, 1529, 1538, 1528, 1686, 806, 966, 1955, 1502, 1739, 1604, 1508, 1586, 1767, 67, 1281],
    [339, 339, 1527, 1518, 1523, 1514, 960, 800, 807, 2010, 1743, 1953, 1593, 1479, 1665, 2013, 1529, 69],
    [340, 340, 1528, 1538, 1529, 1526, 231, 791, 888, 2008, 1501, 1981, 1594, 1480, 1666, 1770, 799, 1041],
    [341, 341, 1529, 1528, 1526, 1538, 1689, 809, 969, 2015, 1988, 2009, 1595, 1481, 1667, 1527, 69, 2013],
    [342, 342, 1530, 1515, 1513, 1512, 956, 956, 1530, 1992, 1752, 1476, 1530, 1530, 1530, 2016, 1532, 72],
    [343, 343, 1531, 1535, 1519, 1524, 227, 947, 1611, 1990, 1510, 1504, 1531, 1531, 1531, 1773, 802, 1044],
    [344, 344, 1532, 1525, 1516, 1536, 1685, 965, 1692, 1997, 1997, 1532, 1532, 1532, 1532, 1530, 72, 2016],
    [345, 345, 1533, 1517, 1537, 1522, 959, 959, 1533, 1962, 1509, 1746, 1521, 1503, 1611, 1776, 1534, 804],
    [346, 346, 1534, 1534, 1534, 1534, 230, 950, 1614, 1969, 1996, 1774, 1522, 1504, 1612, 1533, 804, 1776],
    [347, 347, 1535, 1524, 1531, 1519, 1688, 968, 1695, 1967, 1754, 1721, 1523, 1505, 1613, 2019, 77, 561],
    [348, 348, 1536, 1516, 1525, 1532, 962, 962, 1536, 2022, 1995, 2016, 1512, 1476, 1692, 1536, 1536, 1536],
    [349, 349, 1537, 1533, 1522, 1517, 233, 953, 1617, 2020, 1753, 1963, 1513, 1477, 1693, 2022, 809, 321],
    [350, 350, 1538, 1526, 1528, 1529, 1691, 971, 1698, 2018, 1511, 1991, 1514, 1478, 1694, 1779, 79, 1293],
    [1701, 135, 297, 1540, 1542, 1557, 892, 92, 19, 1815, 2055, 1593, 1671, 1689, 1461, 1539, 1539, 1539],
    [1702, 136, 298, 1557, 1539, 1542, 163, 83, 100, 1813, 1813, 1540, 1672, 1690, 1462, 2025, 812, 324],
    [1703, 137, 299, 1550, 1545, 1554, 1621, 101, 181, 1811, 1571, 1568, 1673, 1691, 1463, 1782, 82, 1296],
    [1704, 138, 300, 1539, 1557, 1540, 895, 95, 22, 1785, 1812, 1782, 1662, 1662, 1542, 2028, 1544, 84],
    [1705, 139, 301, 1559, 1563, 1552, 166, 86, 103, 1783, 1570, 1810, 1663, 1663, 1543, 1785, 814, 1056],
    [1706, 140, 302, 1549, 1560, 1564, 1624, 104, 184, 1790, 2057, 1838, 1664, 1664, 1544, 1542, 84, 2028],
    [1707, 141, 303, 1541, 1554, 1550, 898, 98, 25, 1836, 1569, 2052, 1653, 1635, 1623, 1788, 1546, 816],
    [1708, 142, 304, 1558, 1551, 1562, 169, 89, 106, 1843, 2056, 2080, 1654, 1636, 1624, 1545, 816, 1788],
    [1709, 143, 305, 1548, 1548, 1547, 1627, 107, 187, 1841, 1814, 2027, 1655, 1637, 1625, 2031, 89, 573],
    [1710, 144, 306, 1547, 1547, 1548, 891, 11, 748, 1818, 1578, 1575, 1590, 1686, 1488, 1791, 1549, 819],
    [1711, 145, 307, 1564, 1544, 1560, 162, 2, 829, 1825, 2065, 1603, 1591, 1687, 1489, 1548, 819, 1791],
    [1712, 146, 308, 1554, 1541, 1545, 1620, 20, 910, 1823, 1823, 1550, 1592, 1688, 1490, 2034, 92, 576],
    [1713, 147, 309, 1546, 1562, 1558, 894, 14, 751, 1797, 2064, 1845, 1581, 1659, 1569, 1551, 1551, 1551],
    [1714, 148, 310, 1563, 1559, 1543, 165, 5, 832, 1795, 1822, 1792, 1582, 1660, 1570, 2037, 824, 336],
    [1715, 149, 311, 1556, 1565, 1555, 1623, 23, 913, 1793, 1580, 1820, 1583, 1661, 1571, 1794, 94, 1308],
    [1716, 150, 312, 1545, 1550, 1541, 897, 17, 754, 1848, 1821, 2034, 1572, 1632, 1650, 2040, 1556, 96],
    [1717, 151, 313, 1565, 1556, 1553, 168, 8, 835, 1846, 1579, 2062, 1573, 1633, 1651, 1797, 826, 1068],
    [1718, 152, 314, 1555, 1553, 1565, 1626, 26, 916, 1853, 2066, 2090, 1574, 1634, 1652, 1554, 96, 2040],
    [1719, 153, 315, 1542, 1540, 1539, 893, 173, 1477, 1830, 1830, 1557, 1509, 1683, 1515, 2043, 1559, 99],
    [1720, 154, 316, 1562, 1546, 1551, 164, 164, 1558, 1828, 1588, 1585, 1510, 1684, 1516, 1800, 829, 1071],
    [1721, 155, 317, 1552, 1543, 1563, 1622, 182, 1639, 1835, 2075, 1613, 1511, 1685, 1517, 1557, 99, 2043],
    [1722, 156, 318, 1544, 1564, 1549, 896, 176, 1480, 1800, 1587, 1827, 1500, 1656, 1596, 1803, 1561, 831],
    [1723, 157, 319, 1561, 1561, 1561, 167, 167, 1561, 1807, 2074, 1855, 1501, 1657, 1597, 1560, 831, 1803],
    [1724, 158, 320, 1551, 1558, 1546, 1625, 185, 1642, 1805, 1832, 1802, 1502, 1658, 1598, 2046, 104, 588],
    [1725, 159, 321, 1543, 1552, 1559, 899, 179, 1483, 1860, 2073, 2097, 1491, 1629, 1677, 1563, 1563, 1563],
    [1726, 160, 322, 1560, 1549, 1544, 170, 170, 1564, 1858, 1831, 2044, 1492, 1630, 1678, 2049, 836, 348],
    [1727, 161, 323, 1553, 1555, 1556, 1628, 188, 1645, 1856, 1589, 2072, 1493, 1631, 1679, 1806, 106, 1320],
    [1863, 621, 1026, 1568, 1572, 1575, 919, 119, 46, 1566, 1566, 1566, 1668, 1608, 1470, 1809, 1567, 837],
    [1864, 622, 1027, 1585, 1569, 1587, 190, 110, 127, 1573, 2053, 1594, 1669, 1609, 1471, 1566, 837, 1809],
    [1865, 623, 1028, 1575, 1566, 1572, 1648, 128, 208, 1571, 1811, 1541, 1670, 1610, 1472, 2052, 110, 594],
    [1866, 624, 1029, 1567, 1587, 1585, 922, 122, 49, 1545, 2052, 1836, 1659, 1581, 1551, 1569, 1569, 1569],
    [1867, 625, 1030, 1584, 1584, 1570, 193, 113, 130, 1543, 1810, 1783, 1660, 1582, 1552, 2055, 842, 354],
    [1868, 626, 1031, 1577, 1590, 1582, 1651, 131, 211, 1541, 1568, 1811, 1661, 1583, 1553, 1812, 112, 1326],
    [1869, 627, 1032, 1566, 1575, 1568, 925, 125, 52, 1596, 1809, 2025, 1650, 1554, 1632, 2058, 1574, 114],
    [1870, 628, 1033, 1586, 1581, 1580, 196, 116, 133, 1594, 1567, 2053, 1651, 1555, 1633, 1815, 844, 1086],
    [1871, 629, 1034, 1576, 1578, 1592, 1654, 134, 214, 1601, 2054, 2081, 1652, 1556, 1634, 1572, 114, 2058],
    [1872, 630, 1035, 1572, 1568, 1566, 918, 38, 775, 1578, 1818, 1548, 1587, 1605, 1497, 2061, 1577, 117],
    [1873, 631, 1036, 1592, 1574, 1578, 189, 29, 856, 1576, 1576, 1576, 1588, 1606, 1498, 1818, 847, 1089],
    [1874, 632, 1037, 1582, 1571, 1590, 1647, 47, 937, 1583, 2063, 1604, 1589, 1607, 1499, 1575, 117, 2061],
    [1875, 633, 1038, 1574, 1592, 1576, 921, 41, 778, 1548, 1575, 1818, 1578, 1578, 1578, 1821, 1579, 849],
    [1876, 634, 1039, 1591, 1589, 1588, 192, 32, 859, 1555, 2062, 1846, 1579, 1579, 1579, 1578, 849, 1821],
    [1877, 635, 1040, 1581, 1586, 1573, 1650, 50, 940, 1553, 1820, 1793, 1580, 1580, 1580, 2064, 122, 606],
    [1878, 636, 1041, 1573, 1580, 1586, 924, 44, 781, 1608, 2061, 2088, 1569, 1551, 1659, 1581, 1581, 1581],
    [1879, 637, 1042, 1590, 1577, 1571, 195, 35, 862, 1606, 1819, 2035, 1570, 1552, 1660, 2067, 854, 366],
    [1880, 638, 1043, 1583, 1583, 1583, 1653, 53, 943, 1604, 1577, 2063, 1571, 1553, 1661, 1824, 124, 1338],
    [1881, 639, 1044, 1570, 1570, 1584, 920, 200, 1504, 1590, 2070, 1611, 1506, 1602, 1524, 1584, 1584, 1584],
    [1882, 640, 1045, 1587, 1567, 1569, 191, 191, 1585, 1588, 1828, 1558, 1507, 1603, 1525, 2070, 857, 369],
    [1883, 641, 1046, 1580, 1573, 1581, 1649, 209, 1666, 1586, 1586, 1586, 1508, 1604, 1526, 1827, 127, 1341],
    [1884, 642, 1047, 1569, 1585, 1567, 923, 203, 1507, 1560, 1827, 1800, 1497, 1575, 1605, 2073, 1589, 129],
    [1885, 643, 1048, 1589, 1591, 1579, 194, 194, 1588, 1558, 1585, 1828, 1498, 1576, 1606, 1830, 859, 1101],
    [1886, 644, 1049, 1579, 1588, 1591, 1652, 212, 1669, 1565, 2072, 1856, 1499, 1577, 1607, 1587, 129, 2073],
    [1887, 645, 1050, 1571, 1582, 1577, 926, 206, 1510, 1611, 1584, 2070, 1488, 1548, 1686, 1833, 1591, 861],
    [1888, 646, 1051, 1588, 1579, 1589, 197, 197, 1591, 1618, 2071, 2098, 1489, 1549, 1687, 1590, 861, 1833],
    [1889, 647, 1052, 1578, 1576, 1574, 1655, 215, 1672, 1616, 1829, 2045, 1490, 1550, 1688, 2076, 134, 618],
    [1782, 378, 1755, 1593, 1593, 1593, 946, 146, 73, 2055, 1815, 1539, 1665, 1527, 1479, 2079, 1595, 135],
    [1783, 379, 1756, 1613, 1599, 1605, 217, 137, 154, 2053, 1573, 1567, 1666, 1528, 1480, 1836, 865, 1107],
    [1784, 380, 1757, 1603, 1596, 1617, 1675, 155, 235, 2060, 2060, 1595, 1667, 1529, 1481, 1593, 135, 2079],
    [1785, 381, 1758, 1595, 1617, 1603, 949, 149, 76, 2025, 1572, 1809, 1656, 1500, 1560, 1839, 1597, 867],
    [1786, 382, 1759, 1612, 1614, 1615, 220, 140, 157, 2032, 2059, 1837, 1657, 1501, 1561, 1596, 867, 1839],
    [1787, 383, 1760, 1602, 1611, 1600, 1678, 158, 238, 2030, 1817, 1784, 1658, 1502, 1562, 2082, 140, 624],
    [1788, 384, 1761, 1594, 1605, 1613, 952, 152, 79, 2085, 2058, 2079, 1647, 1473, 1641, 1599, 1599, 1599],
    [1789, 385, 1762, 1611, 1602, 1598, 223, 143, 160, 2083, 1816, 2026, 1648, 1474, 1642, 2085, 872, 384],
    [1790, 386, 1763, 1604, 1608, 1610, 1681, 161, 241, 2081, 1574, 2054, 1649, 1475, 1643, 1842, 142, 1356],
    [1791, 387, 1764, 1600, 1598, 1611, 945, 65, 802, 2067, 2067, 1602, 1584, 1524, 1506, 1602, 1602, 1602],
    [1792, 388, 1765, 1617, 1595, 1596, 216, 56, 883, 2065, 1825, 1549, 1585, 1525, 1507, 2088, 875, 387],
    [1793, 389, 1766, 1610, 1601, 1608, 1674, 74, 964, 2063, 1583, 1577, 1586, 1526, 1508, 1845, 145, 1359],
    [1794, 390, 1767, 1599, 1613, 1594, 948, 68, 805, 2037, 1824, 1791, 1575, 1497, 1587, 2091, 1607, 147],
    [1795, 391, 1768, 1619, 1619, 1606, 219, 59, 886, 2035, 1582, 1819, 1576, 1498, 1588, 1848, 877, 1119],
    [1796, 392, 1769, 1609, 1616, 1618, 1677, 77, 967, 2042, 2069, 1847, 1577, 1499, 1589, 1605, 147, 2091],
    [1797, 393, 1770, 1601, 1610, 1604, 951, 71, 808, 2088, 1581, 2061, 1566, 1470, 1668, 1851, 1609, 879],
    [1798, 394, 1771, 1618, 1607, 1616, 222, 62, 889, 2095, 2068, 2089, 1567, 1471, 1669, 1608, 879, 1851],
    [1799, 395, 1772, 1608, 1604, 1601, 1680, 80, 970, 2093, 1826, 2036, 1568, 1472, 1670, 2094, 152, 636],
    [1800, 396, 1773, 1598, 1600, 1602, 947, 227, 1531, 2070, 1590, 1584, 1503, 1521, 1533, 1854, 1612, 882],
    [1801, 397, 1774, 1615, 1597, 1614, 218, 218, 1612, 2077, 2077, 1612, 1504, 1522, 1534, 1611, 882, 1854],
    [1802, 398, 1775, 1605, 1594, 1599, 1676, 236, 1693, 2075, 1835, 1559, 1505, 1523, 1535, 2097, 155, 639],
    [1803, 399, 1776, 1597, 1615, 1612, 950, 230, 1534, 2049, 2076, 1854, 1494, 1494, 1614, 1614, 1614, 1614],
    [1804, 400, 1777, 1614, 1612, 1597, 221, 221, 1615, 2047, 1834, 1801, 1495, 1495, 1615, 2100, 887, 399],
    [1805, 401, 1778, 1607, 1618, 1609, 1679, 239, 1696, 2045, 1592, 1829, 1496, 1496, 1616, 1857, 157, 1371],
    [1806, 402, 1779, 1596, 1603, 1595, 953, 233, 1537, 2100, 1833, 2043, 1485, 1467, 1695, 2103, 1619, 159],
    [1807, 403, 1780, 1616, 1609, 1607, 224, 224, 1618, 2098, 1591, 2071, 1486, 1468, 1696, 1860, 889, 1131],
    [1808, 404, 1781, 1606, 1606, 1619, 1682, 242, 1699, 2105, 2078, 2099, 1487, 1469, 1697, 1617, 159, 2103],
    [972, 108, 540, 1620, 1620, 1620, 910, 1550, 20, 1893, 1893, 1620, 1644, 1680, 1464, 2106, 1622, 162],
    [973, 109, 541, 1640, 1626, 1632, 181, 1541, 101, 1891, 1651, 1648, 1645, 1681, 1465, 1863, 892, 1134],
    [974, 110, 542, 1630, 1623, 1644, 1639, 1559, 182, 1898, 2138, 1676, 1646, 1682, 1466, 1620, 162, 2106],
    [975, 111, 543, 1622, 1644, 1630, 913, 1553, 23, 1863, 1650, 1890, 1635, 1653, 1545, 1866, 1624, 894],
    [976, 112, 544, 1639, 1641, 1642, 184, 1544, 104, 1870, 2137, 1918, 1636, 1654, 1546, 1623, 894, 1866],
    [977, 113, 545, 1629, 1638, 1627, 1642, 1562, 185, 1868, 1895, 1865, 1637, 1655, 1547, 2109, 167, 651],
    [978, 114, 546, 1621, 1632, 1640, 916, 1556, 26, 1923, 2136, 2160, 1626, 1626, 1626, 1626, 1626, 1626],
    [979, 115, 547, 1638, 1629, 1625, 187, 1547, 107, 1921, 1894, 2107, 1627, 1627, 1627, 2112, 899, 411],
    [980, 116, 548, 1631, 1635, 1637, 1645, 1565, 188, 1919, 1652, 2135, 1628, 1628, 1628, 1869, 169, 1383],
    [981, 117, 549, 1627, 1625, 1638, 909, 1469, 749, 1905, 2145, 1683, 1563, 1677, 1491, 1629, 1629, 1629],
    [982, 118, 550, 1644, 1622, 1623, 180, 1460, 830, 1903, 1903, 1630, 1564, 1678, 1492, 2115, 902, 414],
    [983, 119, 551, 1637, 1628, 1635, 1638, 1478, 911, 1901, 1661, 1658, 1565, 1679, 1493, 1872, 172, 1386],
    [984, 120, 552, 1626, 1640, 1621, 912, 1472, 752, 1875, 1902, 1872, 1554, 1650, 1572, 2118, 1634, 174],
    [985, 121, 553, 1646, 1646, 1633, 183, 1463, 833, 1873, 1660, 1900, 1555, 1651, 1573, 1875, 904, 1146],
    [986, 122, 554, 1636, 1643, 1645, 1641, 1481, 914, 1880, 2147, 1928, 1556, 1652, 1574, 1632, 174, 2118],
    [987, 123, 555, 1628, 1637, 1631, 915, 1475, 755, 1926, 1659, 2142, 1545, 1623, 1653, 1878, 1636, 906],
    [988, 124, 556, 1645, 1634, 1643, 186, 1466, 836, 1933, 2146, 2170, 1546, 1624, 1654, 1635, 906, 1878],
    [989, 125, 557, 1635, 1631, 1628, 1644, 1484, 917, 1931, 1904, 2117, 1547, 1625, 1655, 2121, 179, 663],
    [990, 126, 558, 1625, 1627, 1629, 911, 1631, 1478, 1908, 1668, 1665, 1482, 1674, 1518, 1881, 1639, 909],
    [991, 127, 559, 1642, 1624, 1641, 182, 1622, 1559, 1915, 2155, 1693, 1483, 1675, 1519, 1638, 909, 1881],
    [992, 128, 560, 1632, 1621, 1626, 1640, 1640, 1640, 1913, 1913, 1640, 1484, 1676, 1520, 2124, 182, 666],
    [993, 129, 561, 1624, 1642, 1639, 914, 1634, 1481, 1887, 2154, 1935, 1473, 1647, 1599, 1641, 1641, 1641],
    [994, 130, 562, 1641, 1639, 1624, 185, 1625, 1562, 1885, 1912, 1882, 1474, 1648, 1600, 2127, 914, 426],
    [995, 131, 563, 1634, 1645, 1636, 1643, 1643, 1643, 1883, 1670, 1910, 1475, 1649, 1601, 1884, 184, 1398],
    [996, 132, 564, 1623, 1630, 1622, 917, 1637, 1484, 1938, 1911, 2124, 1464, 1620, 1680, 2130, 1646, 186],
    [997, 133, 565, 1643, 1636, 1634, 188, 1628, 1565, 1936, 1669, 2152, 1465, 1621, 1681, 1887, 916, 1158],
    [998, 134, 566, 1633, 1633, 1646, 1646, 1646, 1646, 1943, 2156, 2180, 1466, 1622, 1682, 1644, 186, 2130],
    [1134, 594, 1269, 1648, 1650, 1665, 937, 1577, 47, 1653, 2133, 1674, 1641, 1599, 1473, 1647, 1647, 1647],
    [1135, 595, 1270, 1665, 1647, 1650, 208, 1568, 128, 1651, 1891, 1621, 1642, 1600, 1474, 2133, 920, 432],
    [1136, 596, 1271, 1658, 1653, 1662, 1666, 1586, 209, 1649, 1649, 1649, 1643, 1601, 1475, 1890, 190, 1404],
    [1137, 597, 1272, 1647, 1665, 1648, 940, 1580, 50, 1623, 1890, 1863, 1632, 1572, 1554, 2136, 1652, 192],
    [1138, 598, 1273, 1667, 1671, 1660, 211, 1571, 131, 1621, 1648, 1891, 1633, 1573, 1555, 1893, 922, 1164],
    [1139, 599, 1274, 1657, 1668, 1672, 1669, 1589, 212, 1628, 2135, 1919, 1634, 1574, 1556, 1650, 192, 2136],
    [1140, 600, 1275, 1649, 1662, 1658, 943, 1583, 53, 1674, 1647, 2133, 1623, 1545, 1635, 1896, 1654, 924],
    [1141, 601, 1276, 1666, 1659, 1670, 214, 1574, 134, 1681, 2134, 2161, 1624, 1546, 1636, 1653, 924, 1896],
    [1142, 602, 1277, 1656, 1656, 1655, 1672, 1592, 215, 1679, 1892, 2108, 1625, 1547, 1637, 2139, 197, 681],
    [1143, 603, 1278, 1655, 1655, 1656, 936, 1496, 776, 1656, 1656, 1656, 1560, 1596, 1500, 1899, 1657, 927],
    [1144, 604, 1279, 1672, 1652, 1668, 207, 1487, 857, 1663, 2143, 1684, 1561, 1597, 1501, 1656, 927, 1899],
    [1145, 605, 1280, 1662, 1649, 1653, 1665, 1505, 938, 1661, 1901, 1631, 1562, 1598, 1502, 2142, 200, 684],
    [1146, 606, 1281, 1654, 1670, 1666, 939, 1499, 779, 1635, 2142, 1926, 1551, 1569, 1581, 1659, 1659, 1659],
    [1147, 607, 1282, 1671, 1667, 1651, 210, 1490, 860, 1633, 1900, 1873, 1552, 1570, 1582, 2145, 932, 444],
    [1148, 608, 1283, 1664, 1673, 1663, 1668, 1508, 941, 1631, 1658, 1901, 1553, 1571, 1583, 1902, 202, 1416],
    [1149, 609, 1284, 1653, 1658, 1649, 942, 1502, 782, 1686, 1899, 2115, 1542, 1542, 1662, 2148, 1664, 204],
    [1150, 610, 1285, 1673, 1664, 1661, 213, 1493, 863, 1684, 1657, 2143, 1543, 1543, 1663, 1905, 934, 1176],
    [1151, 611, 1286, 1663, 1661, 1673, 1671, 1511, 944, 1691, 2144, 2171, 1544, 1544, 1664, 1662, 204, 2148],
    [1152, 612, 1287, 1650, 1648, 1647, 938, 1658, 1505, 1668, 1908, 1638, 1479, 1593, 1527, 2151, 1667, 207],
    [1153, 613, 1288, 1670, 1654, 1659, 209, 1649, 1586, 1666, 1666, 1666, 1480, 1594, 1528, 1908, 937, 1179],
    [1154, 614, 1289, 1660, 1651, 1671, 1667, 1667, 1667, 1673, 2153, 1694, 1481, 1595, 1529, 1665, 207, 2151],
    [1155, 615, 1290, 1652, 1672, 1657, 941, 1661, 1508, 1638, 1665, 1908, 1470, 1566, 1608, 1911, 1669, 939],
    [1156, 616, 1291, 1669, 1669, 1669, 212, 1652, 1589, 1645, 2152, 1936, 1471, 1567, 1609, 1668, 939, 1911],
    [1157, 617, 1292, 1659, 1666, 1654, 1670, 1670, 1670, 1643, 1910, 1883, 1472, 1568, 1610, 2154, 212, 696],
    [1158, 618, 1293, 1651, 1660, 1667, 944, 1664, 1511, 1698, 2151, 2178, 1461, 1539, 1689, 1671, 1671, 1671],
    [1159, 619, 1294, 1668, 1657, 1652, 215, 1655, 1592, 1696, 1909, 2125, 1462, 1540, 1690, 2157, 944, 456],
    [1160, 620, 1295, 1661, 1663, 1664, 1673, 1673, 1673, 1694, 1667, 2153, 1463, 1541, 1691, 1914, 214, 1428],
    [1053, 351, 1998, 1676, 1680, 1683, 964, 1604, 74, 2133, 1653, 1647, 1638, 1518, 1482, 1917, 1675, 945],
    [1054, 352, 1999, 1693, 1677, 1695, 235, 1595, 155, 2140, 2140, 1675, 1639, 1519, 1483, 1674, 945, 1917],
    [1055, 353, 2000, 1683, 1674, 1680, 1693, 1613, 236, 2138, 1898, 1622, 1640, 1520, 1484, 2160, 218, 702],
    [1056, 354, 2001, 1675, 1695, 1693, 967, 1607, 77, 2112, 2139, 1917, 1629, 1491, 1563, 1677, 1677, 1677],
    [1057, 355, 2002, 1692, 1692, 1678, 238, 1598, 158, 2110, 1897, 1864, 1630, 1492, 1564, 2163, 950, 462],
    [1058, 356, 2003, 1685, 1698, 1690, 1696, 1616, 239, 2108, 1655, 1892, 1631, 1493, 1565, 1920, 220, 1434],
    [1059, 357, 2004, 1674, 1683, 1676, 970, 1610, 80, 2163, 1896, 2106, 1620, 1464, 1644, 2166, 1682, 222],
    [1060, 358, 2005, 1694, 1689, 1688, 241, 1601, 161, 2161, 1654, 2134, 1621, 1465, 1645, 1923, 952, 1194],
    [1061, 359, 2006, 1684, 1686, 1700, 1699, 1619, 242, 2168, 2141, 2162, 1622, 1466, 1646, 1680, 222, 2166],
    [1062, 360, 2007, 1680, 1676, 1674, 963, 1523, 803, 2145, 1905, 1629, 1557, 1515, 1509, 2169, 1685, 225],
    [1063, 361, 2008, 1700, 1682, 1686, 234, 1514, 884, 2143, 1663, 1657, 1558, 1516, 1510, 1926, 955, 1197],
    [1064, 362, 2009, 1690, 1679, 1698, 1692, 1532, 965, 2150, 2150, 1685, 1559, 1517, 1511, 1683, 225, 2169],
    [1065, 363, 2010, 1682, 1700, 1684, 966, 1526, 806, 2115, 1662, 1899, 1548, 1488, 1590, 1929, 1687, 957],
    [1066, 364, 2011, 1699, 1697, 1696, 237, 1517, 887, 2122, 2149, 1927, 1549, 1489, 1591, 1686, 957, 1929],
    [1067, 365, 2012, 1689, 1694, 1681, 1695, 1535, 968, 2120, 1907, 1874, 1550, 1490, 1592, 2172, 230, 714],
    [1068, 366, 2013, 1681, 1688, 1694, 969, 1529, 809, 2175, 2148, 2169, 1539, 1461, 1671, 1689, 1689, 1689],
    [1069, 367, 2014, 1698, 1685, 1679, 240, 1520, 890, 2173, 1906, 2116, 1540, 1462, 1672, 2175, 962, 474],
    [1070, 368, 2015, 1691, 1691, 1691, 1698, 1538, 971, 2171, 1664, 2144, 1541, 1463, 1673, 1932, 232, 1446],
    [1071, 369, 2016, 1678, 1678, 1692, 965, 1685, 1532, 2157, 2157, 1692, 1476, 1512, 1536, 1692, 1692, 1692],
    [1072, 370, 2017, 1695, 1675, 1677, 236, 1676, 1613, 2155, 1915, 1639, 1477, 1513, 1537, 2178, 965, 477],
    [1073, 371, 2018, 1688, 1681, 1689, 1694, 1694, 1694, 2153, 1673, 1667, 1478, 1514, 1538, 1935, 235, 1449],
    [1074, 372, 2019, 1677, 1693, 1675, 968, 1688, 1535, 2127, 1914, 1881, 1467, 1485, 1617, 2181, 1697, 237],
    [1075, 373, 2020, 1697, 1699, 1687, 239, 1679, 1616, 2125, 1672, 1909, 1468, 1486, 1618, 1938, 967, 1209],
    [1076, 374, 2021, 1687, 1696, 1699, 1697, 1697, 1697, 2132, 2159, 1937, 1469, 1487, 1619, 1695, 237, 2181],
    [1077, 375, 2022, 1679, 1690, 1685, 971, 1691, 1538, 2178, 1671, 2151, 1458, 1458, 1698, 1941, 1699, 969],
    [1078, 376, 2023, 1696, 1687, 1697, 242, 1682, 1619, 2185, 2158, 2179, 1459, 1459, 1699, 1698, 969, 1941],
    [1079, 377, 2024, 1686, 1684, 1682, 1700, 1700, 1700, 2183, 1916, 2126, 1460, 1460, 1700, 2184, 242, 726],
    [297, 1539, 135, 1702, 1704, 1719, 1144, 1064, 261, 1734, 1947, 1515, 1941, 1941, 1701, 729, 1458, 1459],
    [298, 1540, 136, 1719, 1701, 1704, 415, 1055, 342, 1732, 1705, 1462, 1942, 1942, 1702, 1215, 731, 244],
    [299, 1541, 137, 1712, 1707, 1716, 1873, 1073, 423, 1730, 1463, 1490, 1943, 1943, 1703, 972, 1, 1216],
    [300, 1542, 138, 1701, 1719, 1702, 1147, 1067, 264, 1704, 1704, 1704, 1932, 1914, 1782, 1218, 1463, 4],
    [301, 1543, 139, 1721, 1725, 1714, 418, 1058, 345, 1702, 1462, 1732, 1933, 1915, 1783, 975, 733, 976],
    [302, 1544, 140, 1711, 1722, 1726, 1876, 1076, 426, 1709, 1949, 1760, 1934, 1916, 1784, 732, 3, 1948],
    [303, 1545, 141, 1703, 1716, 1712, 1150, 1070, 267, 1755, 1461, 1974, 1923, 1887, 1863, 978, 1465, 736],
    [304, 1546, 142, 1720, 1713, 1724, 421, 1061, 348, 1762, 1948, 2002, 1924, 1888, 1864, 735, 735, 1708],
    [305, 1547, 143, 1710, 1710, 1709, 1879, 1079, 429, 1760, 1706, 1949, 1925, 1889, 1865, 1221, 8, 493],
    [306, 1548, 144, 1709, 1709, 1710, 1143, 983, 990, 1737, 1470, 1497, 1860, 1938, 1728, 981, 1468, 739],
    [307, 1549, 145, 1726, 1706, 1722, 414, 974, 1071, 1744, 1957, 1525, 1861, 1939, 1729, 738, 738, 1711],
    [308, 1550, 146, 1716, 1703, 1707, 1872, 992, 1152, 1742, 1715, 1472, 1862, 1940, 1730, 1224, 11, 496],
    [309, 1551, 147, 1708, 1724, 1720, 1146, 986, 993, 1716, 1956, 1767, 1851, 1911, 1809, 741, 1470, 1471],
    [310, 1552, 148, 1725, 1721, 1705, 417, 977, 1074, 1714, 1714, 1714, 1852, 1912, 1810, 1227, 743, 256],
    [311, 1553, 149, 1718, 1727, 1717, 1875, 995, 1155, 1712, 1472, 1742, 1853, 1913, 1811, 984, 13, 1228],
    [312, 1554, 150, 1707, 1712, 1703, 1149, 989, 996, 1767, 1713, 1956, 1842, 1884, 1890, 1230, 1475, 16],
    [313, 1555, 151, 1727, 1718, 1715, 420, 980, 1077, 1765, 1471, 1984, 1843, 1885, 1891, 987, 745, 988],
    [314, 1556, 152, 1717, 1715, 1727, 1878, 998, 1158, 1772, 1958, 2012, 1844, 1886, 1892, 744, 15, 1960],
    [315, 1557, 153, 1704, 1702, 1701, 1145, 1145, 1719, 1749, 1722, 1479, 1779, 1935, 1755, 1233, 1478, 19],
    [316, 1558, 154, 1724, 1708, 1713, 416, 1136, 1800, 1747, 1480, 1507, 1780, 1936, 1756, 990, 748, 991],
    [317, 1559, 155, 1714, 1705, 1725, 1874, 1154, 1881, 1754, 1967, 1535, 1781, 1937, 1757, 747, 18, 1963],
    [318, 1560, 156, 1706, 1726, 1711, 1148, 1148, 1722, 1719, 1479, 1749, 1770, 1908, 1836, 993, 1480, 751],
    [319, 1561, 157, 1723, 1723, 1723, 419, 1139, 1803, 1726, 1966, 1777, 1771, 1909, 1837, 750, 750, 1723],
    [320, 1562, 158, 1713, 1720, 1708, 1877, 1157, 1884, 1724, 1724, 1724, 1772, 1910, 1838, 1236, 23, 508],
    [321, 1563, 159, 1705, 1714, 1721, 1151, 1151, 1725, 1779, 1965, 2019, 1761, 1881, 1917, 753, 1482, 1483],
    [322, 1564, 160, 1722, 1711, 1706, 422, 1142, 1806, 1777, 1723, 1966, 1762, 1882, 1918, 1239, 755, 268],
    [323, 1565, 161, 1715, 1717, 1718, 1880, 1160, 1887, 1775, 1481, 1994, 1763, 1883, 1919, 996, 25, 1240],
    [459, 2025, 864, 1730, 1734, 1737, 1171, 1091, 288, 1485, 1458, 1488, 1938, 1860, 1710, 999, 1486, 757],
    [460, 2026, 865, 1747, 1731, 1749, 442, 1082, 369, 1492, 1945, 1516, 1939, 1861, 1711, 756, 756, 1729],
    [461, 2027, 866, 1737, 1728, 1734, 1900, 1100, 450, 1490, 1703, 1463, 1940, 1862, 1712, 1242, 29, 514],
    [462, 2028, 867, 1729, 1749, 1747, 1174, 1094, 291, 1464, 1944, 1758, 1929, 1833, 1791, 759, 1488, 1489],
    [463, 2029, 868, 1746, 1746, 1732, 445, 1085, 372, 1462, 1702, 1705, 1930, 1834, 1792, 1245, 761, 274],
    [464, 2030, 869, 1739, 1752, 1744, 1903, 1103, 453, 1460, 1460, 1733, 1931, 1835, 1793, 1002, 31, 1246],
    [465, 2031, 870, 1728, 1737, 1730, 1177, 1097, 294, 1515, 1701, 1947, 1920, 1806, 1872, 1248, 1493, 34],
    [466, 2032, 871, 1748, 1743, 1742, 448, 1088, 375, 1513, 1459, 1975, 1921, 1807, 1873, 1005, 763, 1006],
    [467, 2033, 872, 1738, 1740, 1754, 1906, 1106, 456, 1520, 1946, 2003, 1922, 1808, 1874, 762, 33, 1978],
    [468, 2034, 873, 1734, 1730, 1728, 1170, 1010, 1017, 1497, 1710, 1470, 1857, 1857, 1737, 1251, 1496, 37],
    [469, 2035, 874, 1754, 1736, 1740, 441, 1001, 1098, 1495, 1468, 1498, 1858, 1858, 1738, 1008, 766, 1009],
    [470, 2036, 875, 1744, 1733, 1752, 1899, 1019, 1179, 1502, 1955, 1526, 1859, 1859, 1739, 765, 36, 1981],
    [471, 2037, 876, 1736, 1754, 1738, 1173, 1013, 1020, 1467, 1467, 1740, 1848, 1830, 1818, 1011, 1498, 769],
    [472, 2038, 877, 1753, 1751, 1750, 444, 1004, 1101, 1474, 1954, 1768, 1849, 1831, 1819, 768, 768, 1741],
    [473, 2039, 878, 1743, 1748, 1735, 1902, 1022, 1182, 1472, 1712, 1715, 1850, 1832, 1820, 1254, 41, 526],
    [474, 2040, 879, 1735, 1742, 1748, 1176, 1016, 1023, 1527, 1953, 2010, 1839, 1803, 1899, 771, 1500, 1501],
    [475, 2041, 880, 1752, 1739, 1733, 447, 1007, 1104, 1525, 1711, 1957, 1840, 1804, 1900, 1257, 773, 286],
    [476, 2042, 881, 1745, 1745, 1745, 1905, 1025, 1185, 1523, 1469, 1985, 1841, 1805, 1901, 1014, 43, 1258],
    [477, 2043, 882, 1732, 1732, 1746, 1172, 1172, 1746, 1509, 1962, 1533, 1776, 1854, 1764, 774, 1503, 1504],
    [478, 2044, 883, 1749, 1729, 1731, 443, 1163, 1827, 1507, 1720, 1480, 1777, 1855, 1765, 1260, 776, 289],
    [479, 2045, 884, 1742, 1735, 1743, 1901, 1181, 1908, 1505, 1478, 1508, 1778, 1856, 1766, 1017, 46, 1261],
    [480, 2046, 885, 1731, 1747, 1729, 1175, 1175, 1749, 1479, 1719, 1722, 1767, 1827, 1845, 1263, 1508, 49],
    [481, 2047, 886, 1751, 1753, 1741, 446, 1166, 1830, 1477, 1477, 1750, 1768, 1828, 1846, 1020, 778, 1021],
    [482, 2048, 887, 1741, 1750, 1753, 1904, 1184, 1911, 1484, 1964, 1778, 1769, 1829, 1847, 777, 48, 1993],
    [483, 2049, 888, 1733, 1744, 1739, 1178, 1178, 1752, 1530, 1476, 1992, 1758, 1800, 1926, 1023, 1510, 781],
    [484, 2050, 889, 1750, 1741, 1751, 449, 1169, 1833, 1537, 1963, 2020, 1759, 1801, 1927, 780, 780, 1753],
    [485, 2051, 890, 1740, 1738, 1736, 1907, 1187, 1914, 1535, 1721, 1967, 1760, 1802, 1928, 1266, 53, 538],
    [378, 1782, 1593, 1755, 1755, 1755, 1198, 1118, 315, 1974, 1707, 1461, 1935, 1779, 1719, 1269, 1514, 55],
    [379, 1783, 1594, 1775, 1761, 1767, 469, 1109, 396, 1972, 1465, 1489, 1936, 1780, 1720, 1026, 784, 1027],
    [380, 1784, 1595, 1765, 1758, 1779, 1927, 1127, 477, 1979, 1952, 1517, 1937, 1781, 1721, 783, 54, 1999],
    [381, 1785, 1596, 1757, 1779, 1765, 1201, 1121, 318, 1944, 1464, 1731, 1926, 1752, 1800, 1029, 1516, 787],
    [382, 1786, 1597, 1774, 1776, 1777, 472, 1112, 399, 1951, 1951, 1759, 1927, 1753, 1801, 786, 786, 1759],
    [383, 1787, 1598, 1764, 1773, 1762, 1930, 1130, 480, 1949, 1709, 1706, 1928, 1754, 1802, 1272, 59, 544],
    [384, 1788, 1599, 1756, 1767, 1775, 1204, 1124, 321, 2004, 1950, 2001, 1917, 1725, 1881, 789, 1518, 1519],
    [385, 1789, 1600, 1773, 1764, 1760, 475, 1115, 402, 2002, 1708, 1948, 1918, 1726, 1882, 1275, 791, 304],
    [386, 1790, 1601, 1766, 1770, 1772, 1933, 1133, 483, 2000, 1466, 1976, 1919, 1727, 1883, 1032, 61, 1276],
    [387, 1791, 1602, 1762, 1760, 1773, 1197, 1037, 1044, 1986, 1959, 1524, 1854, 1776, 1746, 792, 1521, 1522],
    [388, 1792, 1603, 1779, 1757, 1758, 468, 1028, 1125, 1984, 1717, 1471, 1855, 1777, 1747, 1278, 794, 307],
    [389, 1793, 1604, 1772, 1763, 1770, 1926, 1046, 1206, 1982, 1475, 1499, 1856, 1778, 1748, 1035, 64, 1279],
    [390, 1794, 1605, 1761, 1775, 1756, 1200, 1040, 1047, 1956, 1716, 1713, 1845, 1749, 1827, 1281, 1526, 67],
    [391, 1795, 1606, 1781, 1781, 1768, 471, 1031, 1128, 1954, 1474, 1741, 1846, 1750, 1828, 1038, 796, 1039],
    [392, 1796, 1607, 1771, 1778, 1780, 1929, 1049, 1209, 1961, 1961, 1769, 1847, 1751, 1829, 795, 66, 2011],
    [393, 1797, 1608, 1763, 1772, 1766, 1203, 1043, 1050, 2007, 1473, 1983, 1836, 1722, 1908, 1041, 1528, 799],
    [394, 1798, 1609, 1780, 1769, 1778, 474, 1034, 1131, 2014, 1960, 2011, 1837, 1723, 1909, 798, 798, 1771],
    [395, 1799, 1610, 1770, 1766, 1763, 1932, 1052, 1212, 2012, 1718, 1958, 1838, 1724, 1910, 1284, 71, 556],
    [396, 1800, 1611, 1760, 1762, 1764, 1199, 1199, 1773, 1989, 1482, 1506, 1773, 1773, 1773, 1044, 1531, 802],
    [397, 1801, 1612, 1777, 1759, 1776, 470, 1190, 1854, 1996, 1969, 1534, 1774, 1774, 1774, 801, 801, 1774],
    [398, 1802, 1613, 1767, 1756, 1761, 1928, 1208, 1935, 1994, 1727, 1481, 1775, 1775, 1775, 1287, 74, 559],
    [399, 1803, 1614, 1759, 1777, 1774, 1202, 1202, 1776, 1968, 1968, 1776, 1764, 1746, 1854, 804, 1533, 1534],
    [400, 1804, 1615, 1776, 1774, 1759, 473, 1193, 1857, 1966, 1726, 1723, 1765, 1747, 1855, 1290, 806, 319],
    [401, 1805, 1616, 1769, 1780, 1771, 1931, 1211, 1938, 1964, 1484, 1751, 1766, 1748, 1856, 1047, 76, 1291],
    [402, 1806, 1617, 1758, 1765, 1757, 1205, 1205, 1779, 2019, 1725, 1965, 1755, 1719, 1935, 1293, 1538, 79],
    [403, 1807, 1618, 1778, 1771, 1769, 476, 1196, 1860, 2017, 1483, 1993, 1756, 1720, 1936, 1050, 808, 1051],
    [404, 1808, 1619, 1768, 1768, 1781, 1934, 1214, 1941, 2024, 1970, 2021, 1757, 1721, 1937, 807, 78, 2023],
    [1755, 1593, 378, 1782, 1782, 1782, 1135, 335, 262, 1812, 1785, 1542, 1914, 1932, 1704, 1296, 1541, 82],
    [1756, 1594, 379, 1802, 1788, 1794, 406, 326, 343, 1810, 1543, 1570, 1915, 1933, 1705, 1053, 811, 1054],
    [1757, 1595, 380, 1792, 1785, 1806, 1864, 344, 424, 1817, 2030, 1598, 1916, 1934, 1706, 810, 81, 2026],
    [1758, 1596, 381, 1784, 1806, 1792, 1138, 338, 265, 1782, 1542, 1812, 1905, 1905, 1785, 1056, 1543, 814],
    [1759, 1597, 382, 1801, 1803, 1804, 409, 329, 346, 1789, 2029, 1840, 1906, 1906, 1786, 813, 813, 1786],
    [1760, 1598, 383, 1791, 1800, 1789, 1867, 347, 427, 1787, 1787, 1787, 1907, 1907, 1787, 1299, 86, 571],
    [1761, 1599, 384, 1783, 1794, 1802, 1141, 341, 268, 1842, 2028, 2082, 1896, 1878, 1866, 816, 1545, 1546],
    [1762, 1600, 385, 1800, 1791, 1787, 412, 332, 349, 1840, 1786, 2029, 1897, 1879, 1867, 1302, 818, 331],
    [1763, 1601, 386, 1793, 1797, 1799, 1870, 350, 430, 1838, 1544, 2057, 1898, 1880, 1868, 1059, 88, 1303],
    [1764, 1602, 387, 1789, 1787, 1800, 1134, 254, 991, 1824, 2037, 1605, 1833, 1929, 1731, 819, 1548, 1549],
    [1765, 1603, 388, 1806, 1784, 1785, 405, 245, 1072, 1822, 1795, 1552, 1834, 1930, 1732, 1305, 821, 334],
    [1766, 1604, 389, 1799, 1790, 1797, 1863, 263, 1153, 1820, 1553, 1580, 1835, 1931, 1733, 1062, 91, 1306],
    [1767, 1605, 390, 1788, 1802, 1783, 1137, 257, 994, 1794, 1794, 1794, 1824, 1902, 1812, 1308, 1553, 94],
    [1768, 1606, 391, 1808, 1808, 1795, 408, 248, 1075, 1792, 1552, 1822, 1825, 1903, 1813, 1065, 823, 1066],
    [1769, 1607, 392, 1798, 1805, 1807, 1866, 266, 1156, 1799, 2039, 1850, 1826, 1904, 1814, 822, 93, 2038],
    [1770, 1608, 393, 1790, 1799, 1793, 1140, 260, 997, 1845, 1551, 2064, 1815, 1875, 1893, 1068, 1555, 826],
    [1771, 1609, 394, 1807, 1796, 1805, 411, 251, 1078, 1852, 2038, 2092, 1816, 1876, 1894, 825, 825, 1798],
    [1772, 1610, 395, 1797, 1793, 1790, 1869, 269, 1159, 1850, 1796, 2039, 1817, 1877, 1895, 1311, 98, 583],
    [1773, 1611, 396, 1787, 1789, 1791, 1136, 416, 1720, 1827, 1560, 1587, 1752, 1926, 1758, 1071, 1558, 829],
    [1774, 1612, 397, 1804, 1786, 1803, 407, 407, 1801, 1834, 2047, 1615, 1753, 1927, 1759, 828, 828, 1801],
    [1775, 1613, 398, 1794, 1783, 1788, 1865, 425, 1882, 1832, 1805, 1562, 1754, 1928, 1760, 1314, 101, 586],
    [1776, 1614, 399, 1786, 1804, 1801, 1139, 419, 1723, 1806, 2046, 1857, 1743, 1899, 1839, 831, 1560, 1561],
    [1777, 1615, 400, 1803, 1801, 1786, 410, 410, 1804, 1804, 1804, 1804, 1744, 1900, 1840, 1317, 833, 346],
    [1778, 1616, 401, 1796, 1807, 1798, 1868, 428, 1885, 1802, 1562, 1832, 1745, 1901, 1841, 1074, 103, 1318],
    [1779, 1617, 402, 1785, 1792, 1784, 1142, 422, 1726, 1857, 1803, 2046, 1734, 1872, 1920, 1320, 1565, 106],
    [1780, 1618, 403, 1805, 1798, 1796, 413, 413, 1807, 1855, 1561, 2074, 1735, 1873, 1921, 1077, 835, 1078],
    [1781, 1619, 404, 1795, 1795, 1808, 1871, 431, 1888, 1862, 2048, 2102, 1736, 1874, 1922, 834, 105, 2050],
    [1917, 2079, 1107, 1810, 1812, 1827, 1162, 362, 289, 1572, 2025, 1596, 1911, 1851, 1713, 837, 1566, 1567],
    [1918, 2080, 1108, 1827, 1809, 1812, 433, 353, 370, 1570, 1783, 1543, 1912, 1852, 1714, 1323, 839, 352],
    [1919, 2081, 1109, 1820, 1815, 1824, 1891, 371, 451, 1568, 1541, 1571, 1913, 1853, 1715, 1080, 109, 1324],
    [1920, 2082, 1110, 1809, 1827, 1810, 1165, 365, 292, 1542, 1782, 1785, 1902, 1824, 1794, 1326, 1571, 112],
    [1921, 2083, 1111, 1829, 1833, 1822, 436, 356, 373, 1540, 1540, 1813, 1903, 1825, 1795, 1083, 841, 1084],
    [1922, 2084, 1112, 1819, 1830, 1834, 1894, 374, 454, 1547, 2027, 1841, 1904, 1826, 1796, 840, 111, 2056],
    [1923, 2085, 1113, 1811, 1824, 1820, 1168, 368, 295, 1593, 1539, 2055, 1893, 1797, 1875, 1086, 1573, 844],
    [1924, 2086, 1114, 1828, 1821, 1832, 439, 359, 376, 1600, 2026, 2083, 1894, 1798, 1876, 843, 843, 1816],
    [1925, 2087, 1115, 1818, 1818, 1817, 1897, 377, 457, 1598, 1784, 2030, 1895, 1799, 1877, 1329, 116, 601],
    [1926, 2088, 1116, 1817, 1817, 1818, 1161, 281, 1018, 1575, 1548, 1578, 1830, 1848, 1740, 1089, 1576, 847],
    [1927, 2089, 1117, 1834, 1814, 1830, 432, 272, 1099, 1582, 2035, 1606, 1831, 1849, 1741, 846, 846, 1819],
    [1928, 2090, 1118, 1824, 1811, 1815, 1890, 290, 1180, 1580, 1793, 1553, 1832, 1850, 1742, 1332, 119, 604],
    [1929, 2091, 1119, 1816, 1832, 1828, 1164, 284, 1021, 1554, 2034, 1848, 1821, 1821, 1821, 849, 1578, 1579],
    [1930, 2092, 1120, 1833, 1829, 1813, 435, 275, 1102, 1552, 1792, 1795, 1822, 1822, 1822, 1335, 851, 364],
    [1931, 2093, 1121, 1826, 1835, 1825, 1893, 293, 1183, 1550, 1550, 1823, 1823, 1823, 1823, 1092, 121, 1336],
    [1932, 2094, 1122, 1815, 1820, 1811, 1167, 287, 1024, 1605, 1791, 2037, 1812, 1794, 1902, 1338, 1583, 124],
    [1933, 2095, 1123, 1835, 1826, 1823, 438, 278, 1105, 1603, 1549, 2065, 1813, 1795, 1903, 1095, 853, 1096],
    [1934, 2096, 1124, 1825, 1823, 1835, 1896, 296, 1186, 1610, 2036, 2093, 1814, 1796, 1904, 852, 123, 2068],
    [1935, 2097, 1125, 1812, 1810, 1809, 1163, 443, 1747, 1587, 1800, 1560, 1749, 1845, 1767, 1341, 1586, 127],
    [1936, 2098, 1126, 1832, 1816, 1821, 434, 434, 1828, 1585, 1558, 1588, 1750, 1846, 1768, 1098, 856, 1099],
    [1937, 2099, 1127, 1822, 1813, 1833, 1892, 452, 1909, 1592, 2045, 1616, 1751, 1847, 1769, 855, 126, 2071],
    [1938, 2100, 1128, 1814, 1834, 1819, 1166, 446, 1750, 1557, 1557, 1830, 1740, 1818, 1848, 1101, 1588, 859],
    [1939, 2101, 1129, 1831, 1831, 1831, 437, 437, 1831, 1564, 2044, 1858, 1741, 1819, 1849, 858, 858, 1831],
    [1940, 2102, 1130, 1821, 1828, 1816, 1895, 455, 1912, 1562, 1802, 1805, 1742, 1820, 1850, 1344, 131, 616],
    [1941, 2103, 1131, 1813, 1822, 1829, 1169, 449, 1753, 1617, 2043, 2100, 1731, 1791, 1929, 861, 1590, 1591],
    [1942, 2104, 1132, 1830, 1819, 1814, 440, 440, 1834, 1615, 1801, 2047, 1732, 1792, 1930, 1347, 863, 376],
    [1943, 2105, 1133, 1823, 1825, 1826, 1898, 458, 1915, 1613, 1559, 2075, 1733, 1793, 1931, 1104, 133, 1348],
    [1836, 1836, 1836, 1838, 1842, 1845, 1189, 389, 316, 2052, 1545, 1569, 1908, 1770, 1722, 1107, 1594, 865],
    [1837, 1837, 1837, 1855, 1839, 1857, 460, 380, 397, 2059, 2032, 1597, 1909, 1771, 1723, 864, 864, 1837],
    [1838, 1838, 1838, 1845, 1836, 1842, 1918, 398, 478, 2057, 1790, 1544, 1910, 1772, 1724, 1350, 137, 622],
    [1839, 1839, 1839, 1837, 1857, 1855, 1192, 392, 319, 2031, 2031, 1839, 1899, 1743, 1803, 867, 1596, 1597],
    [1840, 1840, 1840, 1854, 1854, 1840, 463, 383, 400, 2029, 1789, 1786, 1900, 1744, 1804, 1353, 869, 382],
    [1841, 1841, 1841, 1847, 1860, 1852, 1921, 401, 481, 2027, 1547, 1814, 1901, 1745, 1805, 1110, 139, 1354],
    [1842, 1842, 1842, 1836, 1845, 1838, 1195, 395, 322, 2082, 1788, 2028, 1890, 1716, 1884, 1356, 1601, 142],
    [1843, 1843, 1843, 1856, 1851, 1850, 466, 386, 403, 2080, 1546, 2056, 1891, 1717, 1885, 1113, 871, 1114],
    [1844, 1844, 1844, 1846, 1848, 1862, 1924, 404, 484, 2087, 2033, 2084, 1892, 1718, 1886, 870, 141, 2086],
    [1845, 1845, 1845, 1842, 1838, 1836, 1188, 308, 1045, 2064, 1797, 1551, 1827, 1767, 1749, 1359, 1604, 145],
    [1846, 1846, 1846, 1862, 1844, 1848, 459, 299, 1126, 2062, 1555, 1579, 1828, 1768, 1750, 1116, 874, 1117],
    [1847, 1847, 1847, 1852, 1841, 1860, 1917, 317, 1207, 2069, 2042, 1607, 1829, 1769, 1751, 873, 144, 2089],
    [1848, 1848, 1848, 1844, 1862, 1846, 1191, 311, 1048, 2034, 1554, 1821, 1818, 1740, 1830, 1119, 1606, 877],
    [1849, 1849, 1849, 1861, 1859, 1858, 462, 302, 1129, 2041, 2041, 1849, 1819, 1741, 1831, 876, 876, 1849],
    [1850, 1850, 1850, 1851, 1856, 1843, 1920, 320, 1210, 2039, 1799, 1796, 1820, 1742, 1832, 1362, 149, 634],
    [1851, 1851, 1851, 1843, 1850, 1856, 1194, 314, 1051, 2094, 2040, 2091, 1809, 1713, 1911, 879, 1608, 1609],
    [1852, 1852, 1852, 1860, 1847, 1841, 465, 305, 1132, 2092, 1798, 2038, 1810, 1714, 1912, 1365, 881, 394],
    [1853, 1853, 1853, 1853, 1853, 1853, 1923, 323, 1213, 2090, 1556, 2066, 1811, 1715, 1913, 1122, 151, 1366],
    [1854, 1854, 1854, 1840, 1840, 1854, 1190, 470, 1774, 2076, 2049, 1614, 1746, 1764, 1776, 882, 1611, 1612],
    [1855, 1855, 1855, 1857, 1837, 1839, 461, 461, 1855, 2074, 1807, 1561, 1747, 1765, 1777, 1368, 884, 397],
    [1856, 1856, 1856, 1850, 1843, 1851, 1919, 479, 1936, 2072, 1565, 1589, 1748, 1766, 1778, 1125, 154, 1369],
    [1857, 1857, 1857, 1839, 1855, 1837, 1193, 473, 1777, 2046, 1806, 1803, 1737, 1737, 1857, 1371, 1616, 157],
    [1858, 1858, 1858, 1859, 1861, 1849, 464, 464, 1858, 2044, 1564, 1831, 1738, 1738, 1858, 1128, 886, 1129],
    [1859, 1859, 1859, 1849, 1858, 1861, 1922, 482, 1939, 2051, 2051, 1859, 1739, 1739, 1859, 885, 156, 2101],
    [1860, 1860, 1860, 1841, 1852, 1847, 1196, 476, 1780, 2097, 1563, 2073, 1728, 1710, 1938, 1131, 1618, 889],
    [1861, 1861, 1861, 1858, 1849, 1859, 467, 467, 1861, 2104, 2050, 2101, 1729, 1711, 1939, 888, 888, 1861],
    [1862, 1862, 1862, 1848, 1846, 1844, 1925, 485, 1942, 2102, 1808, 2048, 1730, 1712, 1940, 1374, 161, 646],
    [1026, 1566, 621, 1865, 1869, 1872, 1153, 1793, 263, 1890, 1623, 1650, 1887, 1923, 1707, 1134, 1621, 892],
    [1027, 1567, 622, 1882, 1866, 1884, 424, 1784, 344, 1897, 2110, 1678, 1888, 1924, 1708, 891, 891, 1864],
    [1028, 1568, 623, 1872, 1863, 1869, 1882, 1802, 425, 1895, 1868, 1625, 1889, 1925, 1709, 1377, 164, 649],
    [1029, 1569, 624, 1864, 1884, 1882, 1156, 1796, 266, 1869, 2109, 1920, 1878, 1896, 1788, 894, 1623, 1624],
    [1030, 1570, 625, 1881, 1881, 1867, 427, 1787, 347, 1867, 1867, 1867, 1879, 1897, 1789, 1380, 896, 409],
    [1031, 1571, 626, 1874, 1887, 1879, 1885, 1805, 428, 1865, 1625, 1895, 1880, 1898, 1790, 1137, 166, 1381],
    [1032, 1572, 627, 1863, 1872, 1865, 1159, 1799, 269, 1920, 1866, 2109, 1869, 1869, 1869, 1383, 1628, 169],
    [1033, 1573, 628, 1883, 1878, 1877, 430, 1790, 350, 1918, 1624, 2137, 1870, 1870, 1870, 1140, 898, 1141],
    [1034, 1574, 629, 1873, 1875, 1889, 1888, 1808, 431, 1925, 2111, 2165, 1871, 1871, 1871, 897, 168, 2113],
    [1035, 1575, 630, 1869, 1865, 1863, 1152, 1712, 992, 1902, 1875, 1632, 1806, 1920, 1734, 1386, 1631, 172],
    [1036, 1576, 631, 1889, 1871, 1875, 423, 1703, 1073, 1900, 1633, 1660, 1807, 1921, 1735, 1143, 901, 1144],
    [1037, 1577, 632, 1879, 1868, 1887, 1881, 1721, 1154, 1907, 2120, 1688, 1808, 1922, 1736, 900, 171, 2116],
    [1038, 1578, 633, 1871, 1889, 1873, 1155, 1715, 995, 1872, 1632, 1902, 1797, 1893, 1815, 1146, 1633, 904],
    [1039, 1579, 634, 1888, 1886, 1885, 426, 1706, 1076, 1879, 2119, 1930, 1798, 1894, 1816, 903, 903, 1876],
    [1040, 1580, 635, 1878, 1883, 1870, 1884, 1724, 1157, 1877, 1877, 1877, 1799, 1895, 1817, 1389, 176, 661],
    [1041, 1581, 636, 1870, 1877, 1883, 1158, 1718, 998, 1932, 2118, 2172, 1788, 1866, 1896, 906, 1635, 1636],
    [1042, 1582, 637, 1887, 1874, 1868, 429, 1709, 1079, 1930, 1876, 2119, 1789, 1867, 1897, 1392, 908, 421],
    [1043, 1583, 638, 1880, 1880, 1880, 1887, 1727, 1160, 1928, 1634, 2147, 1790, 1868, 1898, 1149, 178, 1393],
    [1044, 1584, 639, 1867, 1867, 1881, 1154, 1874, 1721, 1914, 2127, 1695, 1725, 1917, 1761, 909, 1638, 1639],
    [1045, 1585, 640, 1884, 1864, 1866, 425, 1865, 1802, 1912, 1885, 1642, 1726, 1918, 1762, 1395, 911, 424],
    [1046, 1586, 641, 1877, 1870, 1878, 1883, 1883, 1883, 1910, 1643, 1670, 1727, 1919, 1763, 1152, 181, 1396],
    [1047, 1587, 642, 1866, 1882, 1864, 1157, 1877, 1724, 1884, 1884, 1884, 1716, 1890, 1842, 1398, 1643, 184],
    [1048, 1588, 643, 1886, 1888, 1876, 428, 1868, 1805, 1882, 1642, 1912, 1717, 1891, 1843, 1155, 913, 1156],
    [1049, 1589, 644, 1876, 1885, 1888, 1886, 1886, 1886, 1889, 2129, 1940, 1718, 1892, 1844, 912, 183, 2128],
    [1050, 1590, 645, 1868, 1879, 1874, 1160, 1880, 1727, 1935, 1641, 2154, 1707, 1863, 1923, 1158, 1645, 916],
    [1051, 1591, 646, 1885, 1876, 1886, 431, 1871, 1808, 1942, 2128, 2182, 1708, 1864, 1924, 915, 915, 1888],
    [1052, 1592, 647, 1875, 1873, 1871, 1889, 1889, 1889, 1940, 1886, 2129, 1709, 1865, 1925, 1401, 188, 673],
    [1188, 2052, 1350, 1890, 1890, 1890, 1180, 1820, 290, 1650, 1863, 1623, 1884, 1842, 1716, 1404, 1649, 190],
    [1189, 2053, 1351, 1910, 1896, 1902, 451, 1811, 371, 1648, 1621, 1651, 1885, 1843, 1717, 1161, 919, 1162],
    [1190, 2054, 1352, 1900, 1893, 1914, 1909, 1829, 452, 1655, 2108, 1679, 1886, 1844, 1718, 918, 189, 2134],
    [1191, 2055, 1353, 1892, 1914, 1900, 1183, 1823, 293, 1620, 1620, 1893, 1875, 1815, 1797, 1164, 1651, 922],
    [1192, 2056, 1354, 1909, 1911, 1912, 454, 1814, 374, 1627, 2107, 1921, 1876, 1816, 1798, 921, 921, 1894],
    [1193, 2057, 1355, 1899, 1908, 1897, 1912, 1832, 455, 1625, 1865, 1868, 1877, 1817, 1799, 1407, 194, 679],
    [1194, 2058, 1356, 1891, 1902, 1910, 1186, 1826, 296, 1680, 2106, 2163, 1866, 1788, 1878, 924, 1653, 1654],
    [1195, 2059, 1357, 1908, 1899, 1895, 457, 1817, 377, 1678, 1864, 2110, 1867, 1789, 1879, 1410, 926, 439],
    [1196, 2060, 1358, 1901, 1905, 1907, 1915, 1835, 458, 1676, 1622, 2138, 1868, 1790, 1880, 1167, 196, 1411],
    [1197, 2061, 1359, 1897, 1895, 1908, 1179, 1739, 1019, 1662, 2115, 1686, 1803, 1839, 1743, 927, 1656, 1657],
    [1198, 2062, 1360, 1914, 1892, 1893, 450, 1730, 1100, 1660, 1873, 1633, 1804, 1840, 1744, 1413, 929, 442],
    [1199, 2063, 1361, 1907, 1898, 1905, 1908, 1748, 1181, 1658, 1631, 1661, 1805, 1841, 1745, 1170, 199, 1414],
    [1200, 2064, 1362, 1896, 1910, 1891, 1182, 1742, 1022, 1632, 1872, 1875, 1794, 1812, 1824, 1416, 1661, 202],
    [1201, 2065, 1363, 1916, 1916, 1903, 453, 1733, 1103, 1630, 1630, 1903, 1795, 1813, 1825, 1173, 931, 1174],
    [1202, 2066, 1364, 1906, 1913, 1915, 1911, 1751, 1184, 1637, 2117, 1931, 1796, 1814, 1826, 930, 201, 2146],
    [1203, 2067, 1365, 1898, 1907, 1901, 1185, 1745, 1025, 1683, 1629, 2145, 1785, 1785, 1905, 1176, 1663, 934],
    [1204, 2068, 1366, 1915, 1904, 1913, 456, 1736, 1106, 1690, 2116, 2173, 1786, 1786, 1906, 933, 933, 1906],
    [1205, 2069, 1367, 1905, 1901, 1898, 1914, 1754, 1187, 1688, 1874, 2120, 1787, 1787, 1907, 1419, 206, 691],
    [1206, 2070, 1368, 1895, 1897, 1899, 1181, 1901, 1748, 1665, 1638, 1668, 1722, 1836, 1770, 1179, 1666, 937],
    [1207, 2071, 1369, 1912, 1894, 1911, 452, 1892, 1829, 1672, 2125, 1696, 1723, 1837, 1771, 936, 936, 1909],
    [1208, 2072, 1370, 1902, 1891, 1896, 1910, 1910, 1910, 1670, 1883, 1643, 1724, 1838, 1772, 1422, 209, 694],
    [1209, 2073, 1371, 1894, 1912, 1909, 1184, 1904, 1751, 1644, 2124, 1938, 1713, 1809, 1851, 939, 1668, 1669],
    [1210, 2074, 1372, 1911, 1909, 1894, 455, 1895, 1832, 1642, 1882, 1885, 1714, 1810, 1852, 1425, 941, 454],
    [1211, 2075, 1373, 1904, 1915, 1906, 1913, 1913, 1913, 1640, 1640, 1913, 1715, 1811, 1853, 1182, 211, 1426],
    [1212, 2076, 1374, 1893, 1900, 1892, 1187, 1907, 1754, 1695, 1881, 2127, 1704, 1782, 1932, 1428, 1673, 214],
    [1213, 2077, 1375, 1913, 1906, 1904, 458, 1898, 1835, 1693, 1639, 2155, 1705, 1783, 1933, 1185, 943, 1186],
    [1214, 2078, 1376, 1903, 1903, 1916, 1916, 1916, 1916, 1700, 2126, 2183, 1706, 1784, 1934, 942, 213, 2158],
    [1107, 1809, 2079, 1918, 1920, 1935, 1207, 1847, 317, 2139, 2112, 1677, 1881, 1761, 1725, 945, 1674, 1675],
    [1108, 1810, 2080, 1935, 1917, 1920, 478, 1838, 398, 2137, 1870, 1624, 1882, 1762, 1726, 1431, 947, 460],
    [1109, 1811, 2081, 1928, 1923, 1932, 1936, 1856, 479, 2135, 1628, 1652, 1883, 1763, 1727, 1188, 217, 1432],
    [1110, 1812, 2082, 1917, 1935, 1918, 1210, 1850, 320, 2109, 1869, 1866, 1872, 1734, 1806, 1434, 1679, 220],
    [1111, 1813, 2083, 1937, 1941, 1930, 481, 1841, 401, 2107, 1627, 1894, 1873, 1735, 1807, 1191, 949, 1192],
    [1112, 1814, 2084, 1927, 1938, 1942, 1939, 1859, 482, 2114, 2114, 1922, 1874, 1736, 1808, 948, 219, 2164],
    [1113, 1815, 2085, 1919, 1932, 1928, 1213, 1853, 323, 2160, 1626, 2136, 1863, 1707, 1887, 1194, 1681, 952],
    [1114, 1816, 2086, 1936, 1929, 1940, 484, 1844, 404, 2167, 2113, 2164, 1864, 1708, 1888, 951, 951, 1924],
    [1115, 1817, 2087, 1926, 1926, 1925, 1942, 1862, 485, 2165, 1871, 2111, 1865, 1709, 1889, 1437, 224, 709],
    [1116, 1818, 2088, 1925, 1925, 1926, 1206, 1766, 1046, 2142, 1635, 1659, 1800, 1758, 1752, 1197, 1684, 955],
    [1117, 1819, 2089, 1942, 1922, 1938, 477, 1757, 1127, 2149, 2122, 1687, 1801, 1759, 1753, 954, 954, 1927],
    [1118, 1820, 2090, 1932, 1919, 1923, 1935, 1775, 1208, 2147, 1880, 1634, 1802, 1760, 1754, 1440, 227, 712],
    [1119, 1821, 2091, 1924, 1940, 1936, 1209, 1769, 1049, 2121, 2121, 1929, 1791, 1731, 1833, 957, 1686, 1687],
    [1120, 1822, 2092, 1941, 1937, 1921, 480, 1760, 1130, 2119, 1879, 1876, 1792, 1732, 1834, 1443, 959, 472],
    [1121, 1823, 2093, 1934, 1943, 1933, 1938, 1778, 1211, 2117, 1637, 1904, 1793, 1733, 1835, 1200, 229, 1444],
    [1122, 1824, 2094, 1923, 1928, 1919, 1212, 1772, 1052, 2172, 1878, 2118, 1782, 1704, 1914, 1446, 1691, 232],
    [1123, 1825, 2095, 1943, 1934, 1931, 483, 1763, 1133, 2170, 1636, 2146, 1783, 1705, 1915, 1203, 961, 1204],
    [1124, 1826, 2096, 1933, 1931, 1943, 1941, 1781, 1214, 2177, 2123, 2174, 1784, 1706, 1916, 960, 231, 2176],
    [1125, 1827, 2097, 1920, 1918, 1917, 1208, 1928, 1775, 2154, 1887, 1641, 1719, 1755, 1779, 1449, 1694, 235],
    [1126, 1828, 2098, 1940, 1924, 1929, 479, 1919, 1856, 2152, 1645, 1669, 1720, 1756, 1780, 1206, 964, 1207],
    [1127, 1829, 2099, 1930, 1921, 1941, 1937, 1937, 1937, 2159, 2132, 1697, 1721, 1757, 1781, 963, 234, 2179],
    [1128, 1830, 2100, 1922, 1942, 1927, 1211, 1931, 1778, 2124, 1644, 1911, 1710, 1728, 1860, 1209, 1696, 967],
    [1129, 1831, 2101, 1939, 1939, 1939, 482, 1922, 1859, 2131, 2131, 1939, 1711, 1729, 1861, 966, 966, 1939],
    [1130, 1832, 2102, 1929, 1936, 1924, 1940, 1940, 1940, 2129, 1889, 1886, 1712, 1730, 1862, 1452, 239, 724],
    [1131, 1833, 2103, 1921, 1930, 1937, 1214, 1934, 1781, 2184, 2130, 2181, 1701, 1701, 1941, 969, 1698, 1699],
    [1132, 1834, 2104, 1938, 1927, 1922, 485, 1925, 1862, 2182, 1888, 2128, 1702, 1702, 1942, 1455, 971, 484],
    [1133, 1835, 2105, 1931, 1933, 1934, 1943, 1943, 1943, 2180, 1646, 2156, 1703, 1703, 1943, 1212, 241, 1456],
    [270, 810, 216, 1944, 1944, 1944, 1387, 1307, 504, 1731, 1758, 1464, 2184, 2184, 1944, 486, 1460, 2],
    [271, 811, 217, 1964, 1950, 1956, 658, 1298, 585, 1729, 1516, 1492, 2185, 2185, 1945, 243, 730, 974],
    [272, 812, 218, 1954, 1947, 1968, 2116, 1316, 666, 1736, 2003, 1520, 2186, 2186, 1946, 0, 0, 1946],
    [273, 813, 219, 1946, 1968, 1954, 1390, 1310, 507, 1701, 1515, 1734, 2175, 2157, 2025, 246, 1462, 734],
    [274, 814, 220, 1963, 1965, 1966, 661, 1301, 588, 1708, 2002, 1762, 2176, 2158, 2026, 3, 732, 1706],
    [275, 815, 221, 1953, 1962, 1951, 2119, 1319, 669, 1706, 1760, 1709, 2177, 2159, 2027, 489, 5, 491],
    [276, 816, 222, 1945, 1956, 1964, 1393, 1313, 510, 1761, 2001, 2004, 2166, 2130, 2106, 6, 1464, 1466],
    [277, 817, 223, 1962, 1953, 1949, 664, 1304, 591, 1759, 1759, 1951, 2167, 2131, 2107, 492, 737, 251],
    [278, 818, 224, 1955, 1959, 1961, 2122, 1322, 672, 1757, 1517, 1979, 2168, 2132, 2108, 249, 7, 1223],
    [279, 819, 225, 1951, 1949, 1962, 1386, 1226, 1233, 1743, 2010, 1527, 2103, 2181, 1971, 9, 1467, 1469],
    [280, 820, 226, 1968, 1946, 1947, 657, 1217, 1314, 1741, 1768, 1474, 2104, 2182, 1972, 495, 740, 254],
    [281, 821, 227, 1961, 1952, 1959, 2115, 1235, 1395, 1739, 1526, 1502, 2105, 2183, 1973, 252, 10, 1226],
    [282, 822, 228, 1950, 1964, 1945, 1389, 1229, 1236, 1713, 1767, 1716, 2094, 2154, 2052, 498, 1472, 14],
    [283, 823, 229, 1970, 1970, 1957, 660, 1220, 1317, 1711, 1525, 1744, 2095, 2155, 2053, 255, 742, 986],
    [284, 824, 230, 1960, 1967, 1969, 2118, 1238, 1398, 1718, 2012, 1772, 2096, 2156, 2054, 12, 12, 1958],
    [285, 825, 231, 1952, 1961, 1955, 1392, 1232, 1239, 1764, 1524, 1986, 2085, 2127, 2133, 258, 1474, 746],
    [286, 826, 232, 1969, 1958, 1967, 663, 1223, 1320, 1771, 2011, 2014, 2086, 2128, 2134, 15, 744, 1718],
    [287, 827, 233, 1959, 1955, 1952, 2121, 1241, 1401, 1769, 1769, 1961, 2087, 2129, 2135, 501, 17, 503],
    [288, 828, 234, 1949, 1951, 1953, 1388, 1388, 1962, 1746, 1533, 1509, 2022, 2178, 1998, 261, 1477, 749],
    [289, 829, 235, 1966, 1948, 1965, 659, 1379, 2043, 1753, 2020, 1537, 2023, 2179, 1999, 18, 747, 1721],
    [290, 830, 236, 1956, 1945, 1950, 2117, 1397, 2124, 1751, 1778, 1484, 2024, 2180, 2000, 504, 20, 506],
    [291, 831, 237, 1948, 1966, 1963, 1391, 1391, 1965, 1725, 2019, 1779, 2013, 2151, 2079, 21, 1479, 1481],
    [292, 832, 238, 1965, 1963, 1948, 662, 1382, 2046, 1723, 1777, 1726, 2014, 2152, 2080, 507, 752, 266],
    [293, 833, 239, 1958, 1969, 1960, 2120, 1400, 2127, 1721, 1535, 1754, 2015, 2153, 2081, 264, 22, 1238],
    [294, 834, 240, 1947, 1954, 1946, 1394, 1394, 1968, 1776, 1776, 1968, 2004, 2124, 2160, 510, 1484, 26],
    [295, 835, 241, 1967, 1960, 1958, 665, 1385, 2049, 1774, 1534, 1996, 2005, 2125, 2161, 267, 754, 998],
    [296, 836, 242, 1957, 1957, 1970, 2123, 1403, 2130, 1781, 2021, 2024, 2006, 2126, 2162, 24, 24, 1970],
    [432, 1296, 945, 1972, 1974, 1989, 1414, 1334, 531, 1491, 1998, 1518, 2181, 2103, 1953, 27, 1485, 1487],
    [433, 1297, 946, 1989, 1971, 1974, 685, 1325, 612, 1489, 1756, 1465, 2182, 2104, 1954, 513, 758, 272],
    [434, 1298, 947, 1982, 1977, 1986, 2143, 1343, 693, 1487, 1514, 1493, 2183, 2105, 1955, 270, 28, 1244],
    [435, 1299, 948, 1971, 1989, 1972, 1417, 1337, 534, 1461, 1755, 1707, 2172, 2076, 2034, 516, 1490, 32],
    [436, 1300, 949, 1991, 1995, 1984, 688, 1328, 615, 1459, 1513, 1735, 2173, 2077, 2035, 273, 760, 1004],
    [437, 1301, 950, 1981, 1992, 1996, 2146, 1346, 696, 1466, 2000, 1763, 2174, 2078, 2036, 30, 30, 1976],
    [438, 1302, 951, 1973, 1986, 1982, 1420, 1340, 537, 1512, 1512, 1977, 2163, 2049, 2115, 276, 1492, 764],
    [439, 1303, 952, 1990, 1983, 1994, 691, 1331, 618, 1519, 1999, 2005, 2164, 2050, 2116, 33, 762, 1736],
    [440, 1304, 953, 1980, 1980, 1979, 2149, 1349, 699, 1517, 1757, 1952, 2165, 2051, 2117, 519, 35, 521],
    [441, 1305, 954, 1979, 1979, 1980, 1413, 1253, 1260, 1494, 1521, 1500, 2100, 2100, 1980, 279, 1495, 767],
    [442, 1306, 955, 1996, 1976, 1992, 684, 1244, 1341, 1501, 2008, 1528, 2101, 2101, 1981, 36, 765, 1739],
    [443, 1307, 956, 1986, 1973, 1977, 2142, 1262, 1422, 1499, 1766, 1475, 2102, 2102, 1982, 522, 38, 524],
    [444, 1308, 957, 1978, 1994, 1990, 1416, 1256, 1263, 1473, 2007, 1770, 2091, 2073, 2061, 39, 1497, 1499],
    [445, 1309, 958, 1995, 1991, 1975, 687, 1247, 1344, 1471, 1765, 1717, 2092, 2074, 2062, 525, 770, 284],
    [446, 1310, 959, 1988, 1997, 1987, 2145, 1265, 1425, 1469, 1523, 1745, 2093, 2075, 2063, 282, 40, 1256],
    [447, 1311, 960, 1977, 1982, 1973, 1419, 1259, 1266, 1524, 1764, 1959, 2082, 2046, 2142, 528, 1502, 44],
    [448, 1312, 961, 1997, 1988, 1985, 690, 1250, 1347, 1522, 1522, 1987, 2083, 2047, 2143, 285, 772, 1016],
    [449, 1313, 962, 1987, 1985, 1997, 2148, 1268, 1428, 1529, 2009, 2015, 2084, 2048, 2144, 42, 42, 1988],
    [450, 1314, 963, 1974, 1972, 1971, 1415, 1415, 1989, 1506, 1773, 1482, 2019, 2097, 2007, 531, 1505, 47],
    [451, 1315, 964, 1994, 1978, 1983, 686, 1406, 2070, 1504, 1531, 1510, 2020, 2098, 2008, 288, 775, 1019],
    [452, 1316, 965, 1984, 1975, 1995, 2144, 1424, 2151, 1511, 2018, 1538, 2021, 2099, 2009, 45, 45, 1991],
    [453, 1317, 966, 1976, 1996, 1981, 1418, 1418, 1992, 1476, 1530, 1752, 2010, 2070, 2088, 291, 1507, 779],
    [454, 1318, 967, 1993, 1993, 1993, 689, 1409, 2073, 1483, 2017, 1780, 2011, 2071, 2089, 48, 777, 1751],
    [455, 1319, 968, 1983, 1990, 1978, 2147, 1427, 2154, 1481, 1775, 1727, 2012, 2072, 2090, 534, 50, 536],
    [456, 1320, 969, 1975, 1984, 1991, 1421, 1421, 1995, 1536, 2016, 2022, 2001, 2043, 2169, 51, 1509, 1511],
    [457, 1321, 970, 1992, 1981, 1976, 692, 1412, 2076, 1534, 1774, 1969, 2002, 2044, 2170, 537, 782, 296],
    [458, 1322, 971, 1985, 1987, 1988, 2150, 1430, 2157, 1532, 1532, 1997, 2003, 2045, 2171, 294, 52, 1268],
    [351, 1053, 1674, 2000, 2004, 2007, 1441, 1361, 558, 1971, 1518, 1491, 2178, 2022, 1962, 297, 1513, 785],
    [352, 1054, 1675, 2017, 2001, 2019, 712, 1352, 639, 1978, 2005, 1519, 2179, 2023, 1963, 54, 783, 1757],
    [353, 1055, 1676, 2007, 1998, 2004, 2170, 1370, 720, 1976, 1763, 1466, 2180, 2024, 1964, 540, 56, 542],
    [354, 1056, 1677, 1999, 2019, 2017, 1444, 1364, 561, 1950, 2004, 1761, 2169, 1995, 2043, 57, 1515, 1517],
    [355, 1057, 1678, 2016, 2016, 2002, 715, 1355, 642, 1948, 1762, 1708, 2170, 1996, 2044, 543, 788, 302],
    [356, 1058, 1679, 2009, 2022, 2014, 2173, 1373, 723, 1946, 1520, 1736, 2171, 1997, 2045, 300, 58, 1274],
    [357, 1059, 1680, 1998, 2007, 2000, 1447, 1367, 564, 2001, 1761, 1950, 2160, 1968, 2124, 546, 1520, 62],
    [358, 1060, 1681, 2018, 2013, 2012, 718, 1358, 645, 1999, 1519, 1978, 2161, 1969, 2125, 303, 790, 1034],
    [359, 1061, 1682, 2008, 2010, 2024, 2176, 1376, 726, 2006, 2006, 2006, 2162, 1970, 2126, 60, 60, 2006],
    [360, 1062, 1683, 2004, 2000, 1998, 1440, 1280, 1287, 1983, 1770, 1473, 2097, 2019, 1989, 549, 1523, 65],
    [361, 1063, 1684, 2024, 2006, 2010, 711, 1271, 1368, 1981, 1528, 1501, 2098, 2020, 1990, 306, 793, 1037],
    [362, 1064, 1685, 2014, 2003, 2022, 2169, 1289, 1449, 1988, 2015, 1529, 2099, 2021, 1991, 63, 63, 2009],
    [363, 1065, 1686, 2006, 2024, 2008, 1443, 1283, 1290, 1953, 1527, 1743, 2088, 1992, 2070, 309, 1525, 797],
    [364, 1066, 1687, 2023, 2021, 2020, 714, 1274, 1371, 1960, 2014, 1771, 2089, 1993, 2071, 66, 795, 1769],
    [365, 1067, 1688, 2013, 2018, 2005, 2172, 1292, 1452, 1958, 1772, 1718, 2090, 1994, 2072, 552, 68, 554],
    [366, 1068, 1689, 2005, 2012, 2018, 1446, 1286, 1293, 2013, 2013, 2013, 2079, 1965, 2151, 69, 1527, 1529],
    [367, 1069, 1690, 2022, 2009, 2003, 717, 1277, 1374, 2011, 1771, 1960, 2080, 1966, 2152, 555, 800, 314],
    [368, 1070, 1691, 2015, 2015, 2015, 2175, 1295, 1455, 2009, 1529, 1988, 2081, 1967, 2153, 312, 70, 1286],
    [369, 1071, 1692, 2002, 2002, 2016, 1442, 1442, 2016, 1995, 2022, 1536, 2016, 2016, 2016, 72, 1530, 1532],
    [370, 1072, 1693, 2019, 1999, 2001, 713, 1433, 2097, 1993, 1780, 1483, 2017, 2017, 2017, 558, 803, 317],
    [371, 1073, 1694, 2012, 2005, 2013, 2171, 1451, 2178, 1991, 1538, 1511, 2018, 2018, 2018, 315, 73, 1289],
    [372, 1074, 1695, 2001, 2017, 1999, 1445, 1445, 2019, 1965, 1779, 1725, 2007, 1989, 2097, 561, 1535, 77],
    [373, 1075, 1696, 2021, 2023, 2011, 716, 1436, 2100, 1963, 1537, 1753, 2008, 1990, 2098, 318, 805, 1049],
    [374, 1076, 1697, 2011, 2020, 2023, 2174, 1454, 2181, 1970, 2024, 1781, 2009, 1991, 2099, 75, 75, 2021],
    [375, 1077, 1698, 2003, 2014, 2009, 1448, 1448, 2022, 2016, 1536, 1995, 1998, 1962, 2178, 321, 1537, 809],
    [376, 1078, 1699, 2020, 2011, 2021, 719, 1439, 2103, 2023, 2023, 2023, 1999, 1963, 2179, 78, 807, 1781],
    [377, 1079, 1700, 2010, 2008, 2006, 2177, 1457, 2184, 2021, 1781, 1970, 2000, 1964, 2180, 564, 80, 566],
    [1728, 864, 459, 2027, 2031, 2034, 1378, 578, 505, 1809, 1596, 1572, 2157, 2175, 1947, 324, 1540, 812],
    [1729, 865, 460, 2044, 2028, 2046, 649, 569, 586, 1816, 2083, 1600, 2158, 2176, 1948, 81, 810, 1784],
    [1730, 866, 461, 2034, 2025, 2031, 2107, 587, 667, 1814, 1841, 1547, 2159, 2177, 1949, 567, 83, 569],
    [1731, 867, 462, 2026, 2046, 2044, 1381, 581, 508, 1788, 2082, 1842, 2148, 2148, 2028, 84, 1542, 1544],
    [1732, 868, 463, 2043, 2043, 2029, 652, 572, 589, 1786, 1840, 1789, 2149, 2149, 2029, 570, 815, 329],
    [1733, 869, 464, 2036, 2049, 2041, 2110, 590, 670, 1784, 1598, 1817, 2150, 2150, 2030, 327, 85, 1301],
    [1734, 870, 465, 2025, 2034, 2027, 1384, 584, 511, 1839, 1839, 2031, 2139, 2121, 2109, 573, 1547, 89],
    [1735, 871, 466, 2045, 2040, 2039, 655, 575, 592, 1837, 1597, 2059, 2140, 2122, 2110, 330, 817, 1061],
    [1736, 872, 467, 2035, 2037, 2051, 2113, 593, 673, 1844, 2084, 2087, 2141, 2123, 2111, 87, 87, 2033],
    [1737, 873, 468, 2031, 2027, 2025, 1377, 497, 1234, 1821, 1848, 1554, 2076, 2172, 1974, 576, 1550, 92],
    [1738, 874, 469, 2051, 2033, 2037, 648, 488, 1315, 1819, 1606, 1582, 2077, 2173, 1975, 333, 820, 1064],
    [1739, 875, 470, 2041, 2030, 2049, 2106, 506, 1396, 1826, 2093, 1610, 2078, 2174, 1976, 90, 90, 2036],
    [1740, 876, 471, 2033, 2051, 2035, 1380, 500, 1237, 1791, 1605, 1824, 2067, 2145, 2055, 336, 1552, 824],
    [1741, 877, 472, 2050, 2048, 2047, 651, 491, 1318, 1798, 2092, 1852, 2068, 2146, 2056, 93, 822, 1796],
    [1742, 878, 473, 2040, 2045, 2032, 2109, 509, 1399, 1796, 1850, 1799, 2069, 2147, 2057, 579, 95, 581],
    [1743, 879, 474, 2032, 2039, 2045, 1383, 503, 1240, 1851, 2091, 2094, 2058, 2118, 2136, 96, 1554, 1556],
    [1744, 880, 475, 2049, 2036, 2030, 654, 494, 1321, 1849, 1849, 2041, 2059, 2119, 2137, 582, 827, 341],
    [1745, 881, 476, 2042, 2042, 2042, 2112, 512, 1402, 1847, 1607, 2069, 2060, 2120, 2138, 339, 97, 1313],
    [1746, 882, 477, 2029, 2029, 2043, 1379, 659, 1963, 1833, 2100, 1617, 1995, 2169, 2001, 99, 1557, 1559],
    [1747, 883, 478, 2046, 2026, 2028, 650, 650, 2044, 1831, 1858, 1564, 1996, 2170, 2002, 585, 830, 344],
    [1748, 884, 479, 2039, 2032, 2040, 2108, 668, 2125, 1829, 1616, 1592, 1997, 2171, 2003, 342, 100, 1316],
    [1749, 885, 480, 2028, 2044, 2026, 1382, 662, 1966, 1803, 1857, 1806, 1986, 2142, 2082, 588, 1562, 104],
    [1750, 886, 481, 2048, 2050, 2038, 653, 653, 2047, 1801, 1615, 1834, 1987, 2143, 2083, 345, 832, 1076],
    [1751, 887, 482, 2038, 2047, 2050, 2111, 671, 2128, 1808, 2102, 1862, 1988, 2144, 2084, 102, 102, 2048],
    [1752, 888, 483, 2030, 2041, 2036, 1385, 665, 1969, 1854, 1614, 2076, 1977, 2115, 2163, 348, 1564, 836],
    [1753, 889, 484, 2047, 2038, 2048, 656, 656, 2050, 1861, 2101, 2104, 1978, 2116, 2164, 105, 834, 1808],
    [1754, 890, 485, 2037, 2035, 2033, 2114, 674, 2131, 1859, 1859, 2051, 1979, 2117, 2165, 591, 107, 593],
    [1890, 1350, 1188, 2052, 2052, 2052, 1405, 605, 532, 1569, 1836, 1545, 2154, 2094, 1956, 594, 1568, 110],
    [1891, 1351, 1189, 2072, 2058, 2064, 676, 596, 613, 1567, 1594, 1573, 2155, 2095, 1957, 351, 838, 1082],
    [1892, 1352, 1190, 2062, 2055, 2076, 2134, 614, 694, 1574, 2081, 1601, 2156, 2096, 1958, 108, 108, 2054],
    [1893, 1353, 1191, 2054, 2076, 2062, 1408, 608, 535, 1539, 1593, 1815, 2145, 2067, 2037, 354, 1570, 842],
    [1894, 1354, 1192, 2071, 2073, 2074, 679, 599, 616, 1546, 2080, 1843, 2146, 2068, 2038, 111, 840, 1814],
    [1895, 1355, 1193, 2061, 2070, 2059, 2137, 617, 697, 1544, 1838, 1790, 2147, 2069, 2039, 597, 113, 599],
    [1896, 1356, 1194, 2053, 2064, 2072, 1411, 611, 538, 1599, 2079, 2085, 2136, 2040, 2118, 114, 1572, 1574],
    [1897, 1357, 1195, 2070, 2061, 2057, 682, 602, 619, 1597, 1837, 2032, 2137, 2041, 2119, 600, 845, 359],
    [1898, 1358, 1196, 2063, 2067, 2069, 2140, 620, 700, 1595, 1595, 2060, 2138, 2042, 2120, 357, 115, 1331],
    [1899, 1359, 1197, 2059, 2057, 2070, 1404, 524, 1261, 1581, 2088, 1608, 2073, 2091, 1983, 117, 1575, 1577],
    [1900, 1360, 1198, 2076, 2054, 2055, 675, 515, 1342, 1579, 1846, 1555, 2074, 2092, 1984, 603, 848, 362],
    [1901, 1361, 1199, 2069, 2060, 2067, 2133, 533, 1423, 1577, 1604, 1583, 2075, 2093, 1985, 360, 118, 1334],
    [1902, 1362, 1200, 2058, 2072, 2053, 1407, 527, 1264, 1551, 1845, 1797, 2064, 2064, 2064, 606, 1580, 122],
    [1903, 1363, 1201, 2078, 2078, 2065, 678, 518, 1345, 1549, 1603, 1825, 2065, 2065, 2065, 363, 850, 1094],
    [1904, 1364, 1202, 2068, 2075, 2077, 2136, 536, 1426, 1556, 2090, 1853, 2066, 2066, 2066, 120, 120, 2066],
    [1905, 1365, 1203, 2060, 2069, 2063, 1410, 530, 1267, 1602, 1602, 2067, 2055, 2037, 2145, 366, 1582, 854],
    [1906, 1366, 1204, 2077, 2066, 2075, 681, 521, 1348, 1609, 2089, 2095, 2056, 2038, 2146, 123, 852, 1826],
    [1907, 1367, 1205, 2067, 2063, 2060, 2139, 539, 1429, 1607, 1847, 2042, 2057, 2039, 2147, 609, 125, 611],
    [1908, 1368, 1206, 2057, 2059, 2061, 1406, 686, 1990, 1584, 1611, 1590, 1992, 2088, 2010, 369, 1585, 857],
    [1909, 1369, 1207, 2074, 2056, 2073, 677, 677, 2071, 1591, 2098, 1618, 1993, 2089, 2011, 126, 855, 1829],
    [1910, 1370, 1208, 2064, 2053, 2058, 2135, 695, 2152, 1589, 1856, 1565, 1994, 2090, 2012, 612, 128, 614],
    [1911, 1371, 1209, 2056, 2074, 2071, 1409, 689, 1993, 1563, 2097, 1860, 1983, 2061, 2091, 129, 1587, 1589],
    [1912, 1372, 1210, 2073, 2071, 2056, 680, 680, 2074, 1561, 1855, 1807, 1984, 2062, 2092, 615, 860, 374],
    [1913, 1373, 1211, 2066, 2077, 2068, 2138, 698, 2155, 1559, 1613, 1835, 1985, 2063, 2093, 372, 130, 1346],
    [1914, 1374, 1212, 2055, 2062, 2054, 1412, 692, 1996, 1614, 1854, 2049, 1974, 2034, 2172, 618, 1592, 134],
    [1915, 1375, 1213, 2075, 2068, 2066, 683, 683, 2077, 1612, 1612, 2077, 1975, 2035, 2173, 375, 862, 1106],
    [1916, 1376, 1214, 2065, 2065, 2078, 2141, 701, 2158, 1619, 2099, 2105, 1976, 2036, 2174, 132, 132, 2078],
    [1809, 1107, 1917, 2080, 2082, 2097, 1432, 632, 559, 2058, 2085, 1599, 2151, 2013, 1965, 135, 1593, 1595],
    [1810, 1108, 1918, 2097, 2079, 2082, 703, 623, 640, 2056, 1843, 1546, 2152, 2014, 1966, 621, 866, 380],
    [1811, 1109, 1919, 2090, 2085, 2094, 2161, 641, 721, 2054, 1601, 1574, 2153, 2015, 1967, 378, 136, 1352],
    [1812, 1110, 1920, 2079, 2097, 2080, 1435, 635, 562, 2028, 1842, 1788, 2142, 1986, 2046, 624, 1598, 140],
    [1813, 1111, 1921, 2099, 2103, 2092, 706, 626, 643, 2026, 1600, 1816, 2143, 1987, 2047, 381, 868, 1112],
    [1814, 1112, 1922, 2089, 2100, 2104, 2164, 644, 724, 2033, 2087, 1844, 2144, 1988, 2048, 138, 138, 2084],
    [1815, 1113, 1923, 2081, 2094, 2090, 1438, 638, 565, 2079, 1599, 2058, 2133, 1959, 2127, 384, 1600, 872],
    [1816, 1114, 1924, 2098, 2091, 2102, 709, 629, 646, 2086, 2086, 2086, 2134, 1960, 2128, 141, 870, 1844],
    [1817, 1115, 1925, 2088, 2088, 2087, 2167, 647, 727, 2084, 1844, 2033, 2135, 1961, 2129, 627, 143, 629],
    [1818, 1116, 1926, 2087, 2087, 2088, 1431, 551, 1288, 2061, 1608, 1581, 2070, 2010, 1992, 387, 1603, 875],
    [1819, 1117, 1927, 2104, 2084, 2100, 702, 542, 1369, 2068, 2095, 1609, 2071, 2011, 1993, 144, 873, 1847],
    [1820, 1118, 1928, 2094, 2081, 2085, 2160, 560, 1450, 2066, 1853, 1556, 2072, 2012, 1994, 630, 146, 632],
    [1821, 1119, 1929, 2086, 2102, 2098, 1434, 554, 1291, 2040, 2094, 1851, 2061, 1983, 2073, 147, 1605, 1607],
    [1822, 1120, 1930, 2103, 2099, 2083, 705, 545, 1372, 2038, 1852, 1798, 2062, 1984, 2074, 633, 878, 392],
    [1823, 1121, 1931, 2096, 2105, 2095, 2163, 563, 1453, 2036, 1610, 1826, 2063, 1985, 2075, 390, 148, 1364],
    [1824, 1122, 1932, 2085, 2090, 2081, 1437, 557, 1294, 2091, 1851, 2040, 2052, 1956, 2154, 636, 1610, 152],
    [1825, 1123, 1933, 2105, 2096, 2093, 708, 548, 1375, 2089, 1609, 2068, 2053, 1957, 2155, 393, 880, 1124],
    [1826, 1124, 1934, 2095, 2093, 2105, 2166, 566, 1456, 2096, 2096, 2096, 2054, 1958, 2156, 150, 150, 2096],
    [1827, 1125, 1935, 2082, 2080, 2079, 1433, 713, 2017, 2073, 1860, 1563, 1989, 2007, 2019, 639, 1613, 155],
    [1828, 1126, 1936, 2102, 2086, 2091, 704, 704, 2098, 2071, 1618, 1591, 1990, 2008, 2020, 396, 883, 1127],
    [1829, 1127, 1937, 2092, 2083, 2103, 2162, 722, 2179, 2078, 2105, 1619, 1991, 2009, 2021, 153, 153, 2099],
    [1830, 1128, 1938, 2084, 2104, 2089, 1436, 716, 2020, 2043, 1617, 1833, 1980, 1980, 2100, 399, 1615, 887],
    [1831, 1129, 1939, 2101, 2101, 2101, 707, 707, 2101, 2050, 2104, 1861, 1981, 1981, 2101, 156, 885, 1859],
    [1832, 1130, 1940, 2091, 2098, 2086, 2165, 725, 2182, 2048, 1862, 1808, 1982, 1982, 2102, 642, 158, 644],
    [1833, 1131, 1941, 2083, 2092, 2099, 1439, 719, 2023, 2103, 2103, 2103, 1971, 1953, 2181, 159, 1617, 1619],
    [1834, 1132, 1942, 2100, 2089, 2084, 710, 710, 2104, 2101, 1861, 2050, 1972, 1954, 2182, 645, 890, 404],
    [1835, 1133, 1943, 2093, 2095, 2096, 2168, 728, 2185, 2099, 1619, 2078, 1973, 1955, 2183, 402, 160, 1376],
    [999, 837, 702, 2107, 2109, 2124, 1396, 2036, 506, 1896, 2163, 1680, 2130, 2166, 1950, 162, 1620, 1622],
    [1000, 838, 703, 2124, 2106, 2109, 667, 2027, 587, 1894, 1921, 1627, 2131, 2167, 1951, 648, 893, 407],
    [1001, 839, 704, 2117, 2112, 2121, 2125, 2045, 668, 1892, 1679, 1655, 2132, 2168, 1952, 405, 163, 1379],
    [1002, 840, 705, 2106, 2124, 2107, 1399, 2039, 509, 1866, 1920, 1869, 2121, 2139, 2031, 651, 1625, 167],
    [1003, 841, 706, 2126, 2130, 2119, 670, 2030, 590, 1864, 1678, 1897, 2122, 2140, 2032, 408, 895, 1139],
    [1004, 842, 707, 2116, 2127, 2131, 2128, 2048, 671, 1871, 2165, 1925, 2123, 2141, 2033, 165, 165, 2111],
    [1005, 843, 708, 2108, 2121, 2117, 1402, 2042, 512, 1917, 1677, 2139, 2112, 2112, 2112, 411, 1627, 899],
    [1006, 844, 709, 2125, 2118, 2129, 673, 2033, 593, 1924, 2164, 2167, 2113, 2113, 2113, 168, 897, 1871],
    [1007, 845, 710, 2115, 2115, 2114, 2131, 2051, 674, 1922, 1922, 2114, 2114, 2114, 2114, 654, 170, 656],
    [1008, 846, 711, 2114, 2114, 2115, 1395, 1955, 1235, 1899, 1686, 1662, 2049, 2163, 1977, 414, 1630, 902],
    [1009, 847, 712, 2131, 2111, 2127, 666, 1946, 1316, 1906, 2173, 1690, 2050, 2164, 1978, 171, 900, 1874],
    [1010, 848, 713, 2121, 2108, 2112, 2124, 1964, 1397, 1904, 1931, 1637, 2051, 2165, 1979, 657, 173, 659],
    [1011, 849, 714, 2113, 2129, 2125, 1398, 1958, 1238, 1878, 2172, 1932, 2040, 2136, 2058, 174, 1632, 1634],
    [1012, 850, 715, 2130, 2126, 2110, 669, 1949, 1319, 1876, 1930, 1879, 2041, 2137, 2059, 660, 905, 419],
    [1013, 851, 716, 2123, 2132, 2122, 2127, 1967, 1400, 1874, 1688, 1907, 2042, 2138, 2060, 417, 175, 1391],
    [1014, 852, 717, 2112, 2117, 2108, 1401, 1961, 1241, 1929, 1929, 2121, 2031, 2109, 2139, 663, 1637, 179],
    [1015, 853, 718, 2132, 2123, 2120, 672, 1952, 1322, 1927, 1687, 2149, 2032, 2110, 2140, 420, 907, 1151],
    [1016, 854, 719, 2122, 2120, 2132, 2130, 1970, 1403, 1934, 2174, 2177, 2033, 2111, 2141, 177, 177, 2123],
    [1017, 855, 720, 2109, 2107, 2106, 1397, 2117, 1964, 1911, 1938, 1644, 1968, 2160, 2004, 666, 1640, 182],
    [1018, 856, 721, 2129, 2113, 2118, 668, 2108, 2045, 1909, 1696, 1672, 1969, 2161, 2005, 423, 910, 1154],
    [1019, 857, 722, 2119, 2110, 2130, 2126, 2126, 2126, 1916, 2183, 1700, 1970, 2162, 2006, 180, 180, 2126],
    [1020, 858, 723, 2111, 2131, 2116, 1400, 2120, 1967, 1881, 1695, 1914, 1959, 2133, 2085, 426, 1642, 914],
    [1021, 859, 724, 2128, 2128, 2128, 671, 2111, 2048, 1888, 2182, 1942, 1960, 2134, 2086, 183, 912, 1886],
    [1022, 860, 725, 2118, 2125, 2113, 2129, 2129, 2129, 1886, 1940, 1889, 1961, 2135, 2087, 669, 185, 671],
    [1023, 861, 726, 2110, 2119, 2126, 1403, 2123, 1970, 1941, 2181, 2184, 1950, 2106, 2166, 186, 1644, 1646],
    [1024, 862, 727, 2127, 2116, 2111, 674, 2114, 2051, 1939, 1939, 2131, 1951, 2107, 2167, 672, 917, 431],
    [1025, 863, 728, 2120, 2122, 2123, 2132, 2132, 2132, 1937, 1697, 2159, 1952, 2108, 2168, 429, 187, 1403],
    [1161, 1323, 1431, 2135, 2139, 2142, 1423, 2063, 533, 1647, 1674, 1653, 2127, 2085, 1959, 432, 1648, 920],
    [1162, 1324, 1432, 2152, 2136, 2154, 694, 2054, 614, 1654, 2161, 1681, 2128, 2086, 1960, 189, 918, 1892],
    [1163, 1325, 1433, 2142, 2133, 2139, 2152, 2072, 695, 1652, 1919, 1628, 2129, 2087, 1961, 675, 191, 677],
    [1164, 1326, 1434, 2134, 2154, 2152, 1426, 2066, 536, 1626, 2160, 1923, 2118, 2058, 2040, 192, 1650, 1652],
    [1165, 1327, 1435, 2151, 2151, 2137, 697, 2057, 617, 1624, 1918, 1870, 2119, 2059, 2041, 678, 923, 437],
    [1166, 1328, 1436, 2144, 2157, 2149, 2155, 2075, 698, 1622, 1676, 1898, 2120, 2060, 2042, 435, 193, 1409],
    [1167, 1329, 1437, 2133, 2142, 2135, 1429, 2069, 539, 1677, 1917, 2112, 2109, 2031, 2121, 681, 1655, 197],
    [1168, 1330, 1438, 2153, 2148, 2147, 700, 2060, 620, 1675, 1675, 2140, 2110, 2032, 2122, 438, 925, 1169],
    [1169, 1331, 1439, 2143, 2145, 2159, 2158, 2078, 701, 1682, 2162, 2168, 2111, 2033, 2123, 195, 195, 2141],
    [1170, 1332, 1440, 2139, 2135, 2133, 1422, 1982, 1262, 1659, 1926, 1635, 2046, 2082, 1986, 684, 1658, 200],
    [1171, 1333, 1441, 2159, 2141, 2145, 693, 1973, 1343, 1657, 1684, 1663, 2047, 2083, 1987, 441, 928, 1172],
    [1172, 1334, 1442, 2149, 2138, 2157, 2151, 1991, 1424, 1664, 2171, 1691, 2048, 2084, 1988, 198, 198, 2144],
    [1173, 1335, 1443, 2141, 2159, 2143, 1425, 1985, 1265, 1629, 1683, 1905, 2037, 2055, 2067, 444, 1660, 932],
    [1174, 1336, 1444, 2158, 2156, 2155, 696, 1976, 1346, 1636, 2170, 1933, 2038, 2056, 2068, 201, 930, 1904],
    [1175, 1337, 1445, 2148, 2153, 2140, 2154, 1994, 1427, 1634, 1928, 1880, 2039, 2057, 2069, 687, 203, 689],
    [1176, 1338, 1446, 2140, 2147, 2153, 1428, 1988, 1268, 1689, 2169, 2175, 2028, 2028, 2148, 204, 1662, 1664],
    [1177, 1339, 1447, 2157, 2144, 2138, 699, 1979, 1349, 1687, 1927, 2122, 2029, 2029, 2149, 690, 935, 449],
    [1178, 1340, 1448, 2150, 2150, 2150, 2157, 1997, 1430, 1685, 1685, 2150, 2030, 2030, 2150, 447, 205, 1421],
    [1179, 1341, 1449, 2137, 2137, 2151, 1424, 2144, 1991, 1671, 2178, 1698, 1965, 2079, 2013, 207, 1665, 1667],
    [1180, 1342, 1450, 2154, 2134, 2136, 695, 2135, 2072, 1669, 1936, 1645, 1966, 2080, 2014, 693, 938, 452],
    [1181, 1343, 1451, 2147, 2140, 2148, 2153, 2153, 2153, 1667, 1694, 1673, 1967, 2081, 2015, 450, 208, 1424],
    [1182, 1344, 1452, 2136, 2152, 2134, 1427, 2147, 1994, 1641, 1935, 1887, 1956, 2052, 2094, 696, 1670, 212],
    [1183, 1345, 1453, 2156, 2158, 2146, 698, 2138, 2075, 1639, 1693, 1915, 1957, 2053, 2095, 453, 940, 1184],
    [1184, 1346, 1454, 2146, 2155, 2158, 2156, 2156, 2156, 1646, 2180, 1943, 1958, 2054, 2096, 210, 210, 2156],
    [1185, 1347, 1455, 2138, 2149, 2144, 1430, 2150, 1997, 1692, 1692, 2157, 1947, 2025, 2175, 456, 1672, 944],
    [1186, 1348, 1456, 2155, 2146, 2156, 701, 2141, 2078, 1699, 2179, 2185, 1948, 2026, 2176, 213, 942, 1916],
    [1187, 1349, 1457, 2145, 2143, 2141, 2159, 2159, 2159, 1697, 1937, 2132, 1949, 2027, 2177, 699, 215, 701],
    [1080, 1080, 2160, 2160, 2160, 2160, 1450, 2090, 560, 2136, 1923, 1626, 2124, 2004, 1968, 702, 1676, 218],
    [1081, 1081, 2161, 2180, 2166, 2172, 721, 2081, 641, 2134, 1681, 1654, 2125, 2005, 1969, 459, 946, 1190],
    [1082, 1082, 2162, 2170, 2163, 2184, 2179, 2099, 722, 2141, 2168, 1682, 2126, 2006, 1970, 216, 216, 2162],
    [1083, 1083, 2163, 2162, 2184, 2170, 1453, 2093, 563, 2106, 1680, 1896, 2115, 1977, 2049, 462, 1678, 950],
    [1084, 1084, 2164, 2179, 2181, 2182, 724, 2084, 644, 2113, 2167, 1924, 2116, 1978, 2050, 219, 948, 1922],
    [1085, 1085, 2165, 2169, 2178, 2167, 2182, 2102, 725, 2111, 1925, 1871, 2117, 1979, 2051, 705, 221, 707],
    [1086, 1086, 2166, 2161, 2172, 2180, 1456, 2096, 566, 2166, 2166, 2166, 2106, 1950, 2130, 222, 1680, 1682],
    [1087, 1087, 2167, 2178, 2169, 2165, 727, 2087, 647, 2164, 1924, 2113, 2107, 1951, 2131, 708, 953, 467],
    [1088, 1088, 2168, 2171, 2175, 2177, 2185, 2105, 728, 2162, 1682, 2141, 2108, 1952, 2132, 465, 223, 1439],
    [1089, 1089, 2169, 2167, 2165, 2178, 1449, 2009, 1289, 2148, 2175, 1689, 2043, 2001, 1995, 225, 1683, 1685],
    [1090, 1090, 2170, 2184, 2162, 2163, 720, 2000, 1370, 2146, 1933, 1636, 2044, 2002, 1996, 711, 956, 470],
    [1091, 1091, 2171, 2177, 2168, 2175, 2178, 2018, 1451, 2144, 1691, 1664, 2045, 2003, 1997, 468, 226, 1442],
    [1092, 1092, 2172, 2166, 2180, 2161, 1452, 2012, 1292, 2118, 1932, 1878, 2034, 1974, 2076, 714, 1688, 230],
    [1093, 1093, 2173, 2186, 2186, 2173, 723, 2003, 1373, 2116, 1690, 1906, 2035, 1975, 2077, 471, 958, 1202],
    [1094, 1094, 2174, 2176, 2183, 2185, 2181, 2021, 1454, 2123, 2177, 1934, 2036, 1976, 2078, 228, 228, 2174],
    [1095, 1095, 2175, 2168, 2177, 2171, 1455, 2015, 1295, 2169, 1689, 2148, 2025, 1947, 2157, 474, 1690, 962],
    [1096, 1096, 2176, 2185, 2174, 2183, 726, 2006, 1376, 2176, 2176, 2176, 2026, 1948, 2158, 231, 960, 1934],
    [1097, 1097, 2177, 2175, 2171, 2168, 2184, 2024, 1457, 2174, 1934, 2123, 2027, 1949, 2159, 717, 233, 719],
    [1098, 1098, 2178, 2165, 2167, 2169, 1451, 2171, 2018, 2151, 1698, 1671, 1962, 1998, 2022, 477, 1693, 965],
    [1099, 1099, 2179, 2182, 2164, 2181, 722, 2162, 2099, 2158, 2185, 1699, 1963, 1999, 2023, 234, 963, 1937],
    [1100, 1100, 2180, 2172, 2161, 2166, 2180, 2180, 2180, 2156, 1943, 1646, 1964, 2000, 2024, 720, 236, 722],
    [1101, 1101, 2181, 2164, 2182, 2179, 1454, 2174, 2021, 2130, 2184, 1941, 1953, 1971, 2103, 237, 1695, 1697],
    [1102, 1102, 2182, 2181, 2179, 2164, 725, 2165, 2102, 2128, 1942, 1888, 1954, 1972, 2104, 723, 968, 482],
    [1103, 1103, 2183, 2174, 2185, 2176, 2183, 2183, 2183, 2126, 1700, 1916, 1955, 1973, 2105, 480, 238, 1454],
    [1104, 1104, 2184, 2163, 2170, 2162, 1457, 2177, 2024, 2181, 1941, 2130, 1944, 1944, 2184, 726, 1700, 242],
    [1105, 1105, 2185, 2183, 2176, 2174, 728, 2168, 2105, 2179, 1699, 2158, 1945, 1945, 2185, 483, 970, 1214],
    [1106, 1106, 2186, 2173, 2173, 2186, 2186, 2186, 2186, 2186, 2186, 2186, 1946, 1946, 2186, 240, 240, 2186],
];
pub const EO_MOVE_TABLE: [[u16; 18]; 2048] = [
    [0, 0, 0, 0, 0, 0, 550, 550, 0, 273, 273, 0, 0, 0, 0, 0, 0, 0],
    [1, 1, 1, 1, 1, 1, 551, 551, 1, 1, 1, 1, 64, 128, 2, 1025, 9, 5],
    [2, 2, 2, 2, 2, 2, 518, 38, 4, 259, 19, 3, 128, 64, 1, 1026, 10, 6],
    [3, 3, 3, 3, 3, 3, 519, 39, 5, 19, 259, 2, 192, 192, 3, 3, 3, 3],
    [4, 4, 4, 4, 4, 4, 38, 518, 2, 261, 21, 5, 4, 4, 4, 1032, 1032, 4],
    [5, 5, 5, 5, 5, 5, 39, 519, 3, 21, 261, 4, 68, 132, 6, 9, 1025, 1],
    [6, 6, 6, 6, 6, 6, 6, 6, 6, 279, 279, 6, 132, 68, 5, 10, 1026, 2],
    [7, 7, 7, 7, 7, 7, 7, 7, 7, 7, 7, 7, 196, 196, 7, 1035, 1035, 7],
    [8, 8, 8, 32, 16, 64, 558, 558, 8, 265, 25, 9, 8, 8, 8, 1024, 12, 1028],
    [9, 9, 9, 33, 17, 65, 559, 559, 9, 25, 265, 8, 72, 136, 10, 1, 5, 1025],
    [10, 10, 10, 34, 18, 66, 526, 46, 12, 283, 283, 10, 136, 72, 9, 2, 6, 1026],
    [11, 11, 11, 35, 19, 67, 527, 47, 13, 11, 11, 11, 200, 200, 11, 1027, 15, 1031],
    [12, 12, 12, 36, 20, 68, 46, 526, 10, 285, 285, 12, 12, 12, 12, 8, 1028, 1024],
    [13, 13, 13, 37, 21, 69, 47, 527, 11, 13, 13, 13, 76, 140, 14, 1033, 1037, 1029],
    [14, 14, 14, 38, 22, 70, 14, 14, 14, 271, 31, 15, 140, 76, 13, 1034, 1038, 1030],
    [15, 15, 15, 39, 23, 71, 15, 15, 15, 31, 271, 14, 204, 204, 15, 11, 1031, 1027],
    [16, 16, 16, 8, 64, 32, 566, 566, 16, 256, 17, 257, 16, 16, 16, 1040, 24, 20],
    [17, 17, 17, 9, 65, 33, 567, 567, 17, 16, 257, 256, 80, 144, 18, 17, 17, 17],
    [18, 18, 18, 10, 66, 34, 534, 54, 20, 274, 275, 258, 144, 80, 17, 18, 18, 18],
    [19, 19, 19, 11, 67, 35, 535, 55, 21, 2, 3, 259, 208, 208, 19, 1043, 27, 23],
    [20, 20, 20, 12, 68, 36, 54, 534, 18, 276, 277, 260, 20, 20, 20, 24, 1040, 16],
    [21, 21, 21, 13, 69, 37, 55, 535, 19, 4, 5, 261, 84, 148, 22, 1049, 1049, 21],
    [22, 22, 22, 14, 70, 38, 22, 22, 22, 262, 23, 263, 148, 84, 21, 1050, 1050, 22],
    [23, 23, 23, 15, 71, 39, 23, 23, 23, 22, 263, 262, 212, 212, 23, 27, 1043, 19],
    [24, 24, 24, 40, 80, 96, 574, 574, 24, 280, 281, 264, 24, 24, 24, 16, 20, 1040],
    [25, 25, 25, 41, 81, 97, 575, 575, 25, 8, 9, 265, 88, 152, 26, 1041, 29, 1045],
    [26, 26, 26, 42, 82, 98, 542, 62, 28, 266, 27, 267, 152, 88, 25, 1042, 30, 1046],
    [27, 27, 27, 43, 83, 99, 543, 63, 29, 26, 267, 266, 216, 216, 27, 19, 23, 1043],
    [28, 28, 28, 44, 84, 100, 62, 542, 26, 268, 29, 269, 28, 28, 28, 1048, 1052, 1044],
    [29, 29, 29, 45, 85, 101, 63, 543, 27, 28, 269, 268, 92, 156, 30, 25, 1045, 1041],
    [30, 30, 30, 46, 86, 102, 30, 30, 30, 286, 287, 270, 156, 92, 29, 26, 1046, 1042],
    [31, 31, 31, 47, 87, 103, 31, 31, 31, 14, 15, 271, 220, 220, 31, 1051, 1055, 1047],
    [32, 32, 32, 64, 8, 16, 546, 548, 512, 289, 49, 33, 32, 32, 32, 1056, 40, 36],
    [33, 33, 33, 65, 9, 17, 547, 549, 513, 49, 289, 32, 96, 160, 34, 33, 33, 33],
    [34, 34, 34, 66, 10, 18, 514, 36, 516, 307, 307, 34, 160, 96, 33, 34, 34, 34],
    [35, 35, 35, 67, 11, 19, 515, 37, 517, 35, 35, 35, 224, 224, 35, 1059, 43, 39],
    [36, 36, 36, 68, 12, 20, 34, 516, 514, 309, 309, 36, 36, 36, 36, 40, 1056, 32],
    [37, 37, 37, 69, 13, 21, 35, 517, 515, 37, 37, 37, 100, 164, 38, 1065, 1065, 37],
    [38, 38, 38, 70, 14, 22, 2, 4, 518, 295, 55, 39, 164, 100, 37, 1066, 1066, 38],
    [39, 39, 39, 71, 15, 23, 3, 5, 519, 55, 295, 38, 228, 228, 39, 43, 1059, 35],
    [40, 40, 40, 96, 24, 80, 554, 556, 520, 313, 313, 40, 40, 40, 40, 32, 36, 1056],
    [41, 41, 41, 97, 25, 81, 555, 557, 521, 41, 41, 41, 104, 168, 42, 1057, 45, 1061],
    [42, 42, 42, 98, 26, 82, 522, 44, 524, 299, 59, 43, 168, 104, 41, 1058, 46, 1062],
    [43, 43, 43, 99, 27, 83, 523, 45, 525, 59, 299, 42, 232, 232, 43, 35, 39, 1059],
    [44, 44, 44, 100, 28, 84, 42, 524, 522, 301, 61, 45, 44, 44, 44, 1064, 1068, 1060],
    [45, 45, 45, 101, 29, 85, 43, 525, 523, 61, 301, 44, 108, 172, 46, 41, 1061, 1057],
    [46, 46, 46, 102, 30, 86, 10, 12, 526, 319, 319, 46, 172, 108, 45, 42, 1062, 1058],
    [47, 47, 47, 103, 31, 87, 11, 13, 527, 47, 47, 47, 236, 236, 47, 1067, 1071, 1063],
    [48, 48, 48, 72, 72, 48, 562, 564, 528, 304, 305, 288, 48, 48, 48, 48, 48, 48],
    [49, 49, 49, 73, 73, 49, 563, 565, 529, 32, 33, 289, 112, 176, 50, 1073, 57, 53],
    [50, 50, 50, 74, 74, 50, 530, 52, 532, 290, 51, 291, 176, 112, 49, 1074, 58, 54],
    [51, 51, 51, 75, 75, 51, 531, 53, 533, 50, 291, 290, 240, 240, 51, 51, 51, 51],
    [52, 52, 52, 76, 76, 52, 50, 532, 530, 292, 53, 293, 52, 52, 52, 1080, 1080, 52],
    [53, 53, 53, 77, 77, 53, 51, 533, 531, 52, 293, 292, 116, 180, 54, 57, 1073, 49],
    [54, 54, 54, 78, 78, 54, 18, 20, 534, 310, 311, 294, 180, 116, 53, 58, 1074, 50],
    [55, 55, 55, 79, 79, 55, 19, 21, 535, 38, 39, 295, 244, 244, 55, 1083, 1083, 55],
    [56, 56, 56, 104, 88, 112, 570, 572, 536, 296, 57, 297, 56, 56, 56, 1072, 60, 1076],
    [57, 57, 57, 105, 89, 113, 571, 573, 537, 56, 297, 296, 120, 184, 58, 49, 53, 1073],
    [58, 58, 58, 106, 90, 114, 538, 60, 540, 314, 315, 298, 184, 120, 57, 50, 54, 1074],
    [59, 59, 59, 107, 91, 115, 539, 61, 541, 42, 43, 299, 248, 248, 59, 1075, 63, 1079],
    [60, 60, 60, 108, 92, 116, 58, 540, 538, 316, 317, 300, 60, 60, 60, 56, 1076, 1072],
    [61, 61, 61, 109, 93, 117, 59, 541, 539, 44, 45, 301, 124, 188, 62, 1081, 1085, 1077],
    [62, 62, 62, 110, 94, 118, 26, 28, 542, 302, 63, 303, 188, 124, 61, 1082, 1086, 1078],
    [63, 63, 63, 111, 95, 119, 27, 29, 543, 62, 303, 302, 252, 252, 63, 59, 1079, 1075],
    [64, 64, 64, 16, 32, 8, 614, 614, 64, 321, 81, 65, 2, 1, 128, 1088, 72, 68],
    [65, 65, 65, 17, 33, 9, 615, 615, 65, 81, 321, 64, 66, 129, 130, 65, 65, 65],
    [66, 66, 66, 18, 34, 10, 582, 102, 68, 339, 339, 66, 130, 65, 129, 66, 66, 66],
    [67, 67, 67, 19, 35, 11, 583, 103, 69, 67, 67, 67, 194, 193, 131, 1091, 75, 71],
    [68, 68, 68, 20, 36, 12, 102, 582, 66, 341, 341, 68, 6, 5, 132, 72, 1088, 64],
    [69, 69, 69, 21, 37, 13, 103, 583, 67, 69, 69, 69, 70, 133, 134, 1097, 1097, 69],
    [70, 70, 70, 22, 38, 14, 70, 70, 70, 327, 87, 71, 134, 69, 133, 1098, 1098, 70],
    [71, 71, 71, 23, 39, 15, 71, 71, 71, 87, 327, 70, 198, 197, 135, 75, 1091, 67],
    [72, 72, 72, 48, 48, 72, 622, 622, 72, 345, 345, 72, 10, 9, 136, 64, 68, 1088],
    [73, 73, 73, 49, 49, 73, 623, 623, 73, 73, 73, 73, 74, 137, 138, 1089, 77, 1093],
    [74, 74, 74, 50, 50, 74, 590, 110, 76, 331, 91, 75, 138, 73, 137, 1090, 78, 1094],
    [75, 75, 75, 51, 51, 75, 591, 111, 77, 91, 331, 74, 202, 201, 139, 67, 71, 1091],
    [76, 76, 76, 52, 52, 76, 110, 590, 74, 333, 93, 77, 14, 13, 140, 1096, 1100, 1092],
    [77, 77, 77, 53, 53, 77, 111, 591, 75, 93, 333, 76, 78, 141, 142, 73, 1093, 1089],
    [78, 78, 78, 54, 54, 78, 78, 78, 78, 351, 351, 78, 142, 77, 141, 74, 1094, 1090],
    [79, 79, 79, 55, 55, 79, 79, 79, 79, 79, 79, 79, 206, 205, 143, 1099, 1103, 1095],
    [80, 80, 80, 24, 96, 40, 630, 630, 80, 336, 337, 320, 18, 17, 144, 80, 80, 80],
    [81, 81, 81, 25, 97, 41, 631, 631, 81, 64, 65, 321, 82, 145, 146, 1105, 89, 85],
    [82, 82, 82, 26, 98, 42, 598, 118, 84, 322, 83, 323, 146, 81, 145, 1106, 90, 86],
    [83, 83, 83, 27, 99, 43, 599, 119, 85, 82, 323, 322, 210, 209, 147, 83, 83, 83],
    [84, 84, 84, 28, 100, 44, 118, 598, 82, 324, 85, 325, 22, 21, 148, 1112, 1112, 84],
    [85, 85, 85, 29, 101, 45, 119, 599, 83, 84, 325, 324, 86, 149, 150, 89, 1105, 81],
    [86, 86, 86, 30, 102, 46, 86, 86, 86, 342, 343, 326, 150, 85, 149, 90, 1106, 82],
    [87, 87, 87, 31, 103, 47, 87, 87, 87, 70, 71, 327, 214, 213, 151, 1115, 1115, 87],
    [88, 88, 88, 56, 112, 104, 638, 638, 88, 328, 89, 329, 26, 25, 152, 1104, 92, 1108],
    [89, 89, 89, 57, 113, 105, 639, 639, 89, 88, 329, 328, 90, 153, 154, 81, 85, 1105],
    [90, 90, 90, 58, 114, 106, 606, 126, 92, 346, 347, 330, 154, 89, 153, 82, 86, 1106],
    [91, 91, 91, 59, 115, 107, 607, 127, 93, 74, 75, 331, 218, 217, 155, 1107, 95, 1111],
    [92, 92, 92, 60, 116, 108, 126, 606, 90, 348, 349, 332, 30, 29, 156, 88, 1108, 1104],
    [93, 93, 93, 61, 117, 109, 127, 607, 91, 76, 77, 333, 94, 157, 158, 1113, 1117, 1109],
    [94, 94, 94, 62, 118, 110, 94, 94, 94, 334, 95, 335, 158, 93, 157, 1114, 1118, 1110],
    [95, 95, 95, 63, 119, 111, 95, 95, 95, 94, 335, 334, 222, 221, 159, 91, 1111, 1107],
    [96, 96, 96, 80, 40, 24, 610, 612, 576, 369, 369, 96, 34, 33, 160, 96, 96, 96],
    [97, 97, 97, 81, 41, 25, 611, 613, 577, 97, 97, 97, 98, 161, 162, 1121, 105, 101],
    [98, 98, 98, 82, 42, 26, 578, 100, 580, 355, 115, 99, 162, 97, 161, 1122, 106, 102],
    [99, 99, 99, 83, 43, 27, 579, 101, 581, 115, 355, 98, 226, 225, 163, 99, 99, 99],
    [100, 100, 100, 84, 44, 28, 98, 580, 578, 357, 117, 101, 38, 37, 164, 1128, 1128, 100],
    [101, 101, 101, 85, 45, 29, 99, 581, 579, 117, 357, 100, 102, 165, 166, 105, 1121, 97],
    [102, 102, 102, 86, 46, 30, 66, 68, 582, 375, 375, 102, 166, 101, 165, 106, 1122, 98],
    [103, 103, 103, 87, 47, 31, 67, 69, 583, 103, 103, 103, 230, 229, 167, 1131, 1131, 103],
    [104, 104, 104, 112, 56, 88, 618, 620, 584, 361, 121, 105, 42, 41, 168, 1120, 108, 1124],
    [105, 105, 105, 113, 57, 89, 619, 621, 585, 121, 361, 104, 106, 169, 170, 97, 101, 1121],
    [106, 106, 106, 114, 58, 90, 586, 108, 588, 379, 379, 106, 170, 105, 169, 98, 102, 1122],
    [107, 107, 107, 115, 59, 91, 587, 109, 589, 107, 107, 107, 234, 233, 171, 1123, 111, 1127],
    [108, 108, 108, 116, 60, 92, 106, 588, 586, 381, 381, 108, 46, 45, 172, 104, 1124, 1120],
    [109, 109, 109, 117, 61, 93, 107, 589, 587, 109, 109, 109, 110, 173, 174, 1129, 1133, 1125],
    [110, 110, 110, 118, 62, 94, 74, 76, 590, 367, 127, 111, 174, 109, 173, 1130, 1134, 1126],
    [111, 111, 111, 119, 63, 95, 75, 77, 591, 127, 367, 110, 238, 237, 175, 107, 1127, 1123],
    [112, 112, 112, 88, 104, 56, 626, 628, 592, 352, 113, 353, 50, 49, 176, 1136, 120, 116],
    [113, 113, 113, 89, 105, 57, 627, 629, 593, 112, 353, 352, 114, 177, 178, 113, 113, 113],
    [114, 114, 114, 90, 106, 58, 594, 116, 596, 370, 371, 354, 178, 113, 177, 114, 114, 114],
    [115, 115, 115, 91, 107, 59, 595, 117, 597, 98, 99, 355, 242, 241, 179, 1139, 123, 119],
    [116, 116, 116, 92, 108, 60, 114, 596, 594, 372, 373, 356, 54, 53, 180, 120, 1136, 112],
    [117, 117, 117, 93, 109, 61, 115, 597, 595, 100, 101, 357, 118, 181, 182, 1145, 1145, 117],
    [118, 118, 118, 94, 110, 62, 82, 84, 598, 358, 119, 359, 182, 117, 181, 1146, 1146, 118],
    [119, 119, 119, 95, 111, 63, 83, 85, 599, 118, 359, 358, 246, 245, 183, 123, 1139, 115],
    [120, 120, 120, 120, 120, 120, 634, 636, 600, 376, 377, 360, 58, 57, 184, 112, 116, 1136],
    [121, 121, 121, 121, 121, 121, 635, 637, 601, 104, 105, 361, 122, 185, 186, 1137, 125, 1141],
    [122, 122, 122, 122, 122, 122, 602, 124, 604, 362, 123, 363, 186, 121, 185, 1138, 126, 1142],
    [123, 123, 123, 123, 123, 123, 603, 125, 605, 122, 363, 362, 250, 249, 187, 115, 119, 1139],
    [124, 124, 124, 124, 124, 124, 122, 604, 602, 364, 125, 365, 62, 61, 188, 1144, 1148, 1140],
    [125, 125, 125, 125, 125, 125, 123, 605, 603, 124, 365, 364, 126, 189, 190, 121, 1141, 1137],
    [126, 126, 126, 126, 126, 126, 90, 92, 606, 382, 383, 366, 190, 125, 189, 122, 1142, 1138],
    [127, 127, 127, 127, 127, 127, 91, 93, 607, 110, 111, 367, 254, 253, 191, 1147, 1151, 1143],
    [512, 256, 1024, 128, 128, 128, 678, 678, 128, 385, 145, 129, 1, 2, 64, 1152, 136, 132],
    [513, 257, 1025, 129, 129, 129, 679, 679, 129, 145, 385, 128, 65, 130, 66, 129, 129, 129],
    [514, 258, 1026, 130, 130, 130, 646, 166, 132, 403, 403, 130, 129, 66, 65, 130, 130, 130],
    [515, 259, 1027, 131, 131, 131, 647, 167, 133, 131, 131, 131, 193, 194, 67, 1155, 139, 135],
    [516, 260, 1028, 132, 132, 132, 166, 646, 130, 405, 405, 132, 5, 6, 68, 136, 1152, 128],
    [517, 261, 1029, 133, 133, 133, 167, 647, 131, 133, 133, 133, 69, 134, 70, 1161, 1161, 133],
    [518, 262, 1030, 134, 134, 134, 134, 134, 134, 391, 151, 135, 133, 70, 69, 1162, 1162, 134],
    [519, 263, 1031, 135, 135, 135, 135, 135, 135, 151, 391, 134, 197, 198, 71, 139, 1155, 131],
    [520, 264, 1032, 160, 144, 192, 686, 686, 136, 409, 409, 136, 9, 10, 72, 128, 132, 1152],
    [521, 265, 1033, 161, 145, 193, 687, 687, 137, 137, 137, 137, 73, 138, 74, 1153, 141, 1157],
    [522, 266, 1034, 162, 146, 194, 654, 174, 140, 395, 155, 139, 137, 74, 73, 1154, 142, 1158],
    [523, 267, 1035, 163, 147, 195, 655, 175, 141, 155, 395, 138, 201, 202, 75, 131, 135, 1155],
    [524, 268, 1036, 164, 148, 196, 174, 654, 138, 397, 157, 141, 13, 14, 76, 1160, 1164, 1156],
    [525, 269, 1037, 165, 149, 197, 175, 655, 139, 157, 397, 140, 77, 142, 78, 137, 1157, 1153],
    [526, 270, 1038, 166, 150, 198, 142, 142, 142, 415, 415, 142, 141, 78, 77, 138, 1158, 1154],
    [527, 271, 1039, 167, 151, 199, 143, 143, 143, 143, 143, 143, 205, 206, 79, 1163, 1167, 1159],
    [528, 272, 1040, 136, 192, 160, 694, 694, 144, 400, 401, 384, 17, 18, 80, 144, 144, 144],
    [529, 273, 1041, 137, 193, 161, 695, 695, 145, 128, 129, 385, 81, 146, 82, 1169, 153, 149],
    [530, 274, 1042, 138, 194, 162, 662, 182, 148, 386, 147, 387, 145, 82, 81, 1170, 154, 150],
    [531, 275, 1043, 139, 195, 163, 663, 183, 149, 146, 387, 386, 209, 210, 83, 147, 147, 147],
    [532, 276, 1044, 140, 196, 164, 182, 662, 146, 388, 149, 389, 21, 22, 84, 1176, 1176, 148],
    [533, 277, 1045, 141, 197, 165, 183, 663, 147, 148, 389, 388, 85, 150, 86, 153, 1169, 145],
    [534, 278, 1046, 142, 198, 166, 150, 150, 150, 406, 407, 390, 149, 86, 85, 154, 1170, 146],
    [535, 279, 1047, 143, 199, 167, 151, 151, 151, 134, 135, 391, 213, 214, 87, 1179, 1179, 151],
    [536, 280, 1048, 168, 208, 224, 702, 702, 152, 392, 153, 393, 25, 26, 88, 1168, 156, 1172],
    [537, 281, 1049, 169, 209, 225, 703, 703, 153, 152, 393, 392, 89, 154, 90, 145, 149, 1169],
    [538, 282, 1050, 170, 210, 226, 670, 190, 156, 410, 411, 394, 153, 90, 89, 146, 150, 1170],
    [539, 283, 1051, 171, 211, 227, 671, 191, 157, 138, 139, 395, 217, 218, 91, 1171, 159, 1175],
    [540, 284, 1052, 172, 212, 228, 190, 670, 154, 412, 413, 396, 29, 30, 92, 152, 1172, 1168],
    [541, 285, 1053, 173, 213, 229, 191, 671, 155, 140, 141, 397, 93, 158, 94, 1177, 1181, 1173],
    [542, 286, 1054, 174, 214, 230, 158, 158, 158, 398, 159, 399, 157, 94, 93, 1178, 1182, 1174],
    [543, 287, 1055, 175, 215, 231, 159, 159, 159, 158, 399, 398, 221, 222, 95, 155, 1175, 1171],
    [544, 288, 1056, 192, 136, 144, 674, 676, 640, 433, 433, 160, 33, 34, 96, 160, 160, 160],
    [545, 289, 1057, 193, 137, 145, 675, 677, 641, 161, 161, 161, 97, 162, 98, 1185, 169, 165],
    [546, 290, 1058, 194, 138, 146, 642, 164, 644, 419, 179, 163, 161, 98, 97, 1186, 170, 166],
    [547, 291, 1059, 195, 139, 147, 643, 165, 645, 179, 419, 162, 225, 226, 99, 163, 163, 163],
    [548, 292, 1060, 196, 140, 148, 162, 644, 642, 421, 181, 165, 37, 38, 100, 1192, 1192, 164],
    [549, 293, 1061, 197, 141, 149, 163, 645, 643, 181, 421, 164, 101, 166, 102, 169, 1185, 161],
    [550, 294, 1062, 198, 142, 150, 130, 132, 646, 439, 439, 166, 165, 102, 101, 170, 1186, 162],
    [551, 295, 1063, 199, 143, 151, 131, 133, 647, 167, 167, 167, 229, 230, 103, 1195, 1195, 167],
    [552, 296, 1064, 224, 152, 208, 682, 684, 648, 425, 185, 169, 41, 42, 104, 1184, 172, 1188],
    [553, 297, 1065, 225, 153, 209, 683, 685, 649, 185, 425, 168, 105, 170, 106, 161, 165, 1185],
    [554, 298, 1066, 226, 154, 210, 650, 172, 652, 443, 443, 170, 169, 106, 105, 162, 166, 1186],
    [555, 299, 1067, 227, 155, 211, 651, 173, 653, 171, 171, 171, 233, 234, 107, 1187, 175, 1191],
    [556, 300, 1068, 228, 156, 212, 170, 652, 650, 445, 445, 172, 45, 46, 108, 168, 1188, 1184],
    [557, 301, 1069, 229, 157, 213, 171, 653, 651, 173, 173, 173, 109, 174, 110, 1193, 1197, 1189],
    [558, 302, 1070, 230, 158, 214, 138, 140, 654, 431, 191, 175, 173, 110, 109, 1194, 1198, 1190],
    [559, 303, 1071, 231, 159, 215, 139, 141, 655, 191, 431, 174, 237, 238, 111, 171, 1191, 1187],
    [560, 304, 1072, 200, 200, 176, 690, 692, 656, 416, 177, 417, 49, 50, 112, 1200, 184, 180],
    [561, 305, 1073, 201, 201, 177, 691, 693, 657, 176, 417, 416, 113, 178, 114, 177, 177, 177],
    [562, 306, 1074, 202, 202, 178, 658, 180, 660, 434, 435, 418, 177, 114, 113, 178, 178, 178],
    [563, 307, 1075, 203, 203, 179, 659, 181, 661, 162, 163, 419, 241, 242, 115, 1203, 187, 183],
    [564, 308, 1076, 204, 204, 180, 178, 660, 658, 436, 437, 420, 53, 54, 116, 184, 1200, 176],
    [565, 309, 1077, 205, 205, 181, 179, 661, 659, 164, 165, 421, 117, 182, 118, 1209, 1209, 181],
    [566, 310, 1078, 206, 206, 182, 146, 148, 662, 422, 183, 423, 181, 118, 117, 1210, 1210, 182],
    [567, 311, 1079, 207, 207, 183, 147, 149, 663, 182, 423, 422, 245, 246, 119, 187, 1203, 179],
    [568, 312, 1080, 232, 216, 240, 698, 700, 664, 440, 441, 424, 57, 58, 120, 176, 180, 1200],
    [569, 313, 1081, 233, 217, 241, 699, 701, 665, 168, 169, 425, 121, 186, 122, 1201, 189, 1205],
    [570, 314, 1082, 234, 218, 242, 666, 188, 668, 426, 187, 427, 185, 122, 121, 1202, 190, 1206],
    [571, 315, 1083, 235, 219, 243, 667, 189, 669, 186, 427, 426, 249, 250, 123, 179, 183, 1203],
    [572, 316, 1084, 236, 220, 244, 186, 668, 666, 428, 189, 429, 61, 62, 124, 1208, 1212, 1204],
    [573, 317, 1085, 237, 221, 245, 187, 669, 667, 188, 429, 428, 125, 190, 126, 185, 1205, 1201],
    [574, 318, 1086, 238, 222, 246, 154, 156, 670, 446, 447, 430, 189, 126, 125, 186, 1206, 1202],
    [575, 319, 1087, 239, 223, 247, 155, 157, 671, 174, 175, 431, 253, 254, 127, 1211, 1215, 1207],
    [576, 320, 1088, 144, 160, 136, 742, 742, 192, 465, 465, 192, 3, 3, 192, 192, 192, 192],
    [577, 321, 1089, 145, 161, 137, 743, 743, 193, 193, 193, 193, 67, 131, 194, 1217, 201, 197],
    [578, 322, 1090, 146, 162, 138, 710, 230, 196, 451, 211, 195, 131, 67, 193, 1218, 202, 198],
    [579, 323, 1091, 147, 163, 139, 711, 231, 197, 211, 451, 194, 195, 195, 195, 195, 195, 195],
    [580, 324, 1092, 148, 164, 140, 230, 710, 194, 453, 213, 197, 7, 7, 196, 1224, 1224, 196],
    [581, 325, 1093, 149, 165, 141, 231, 711, 195, 213, 453, 196, 71, 135, 198, 201, 1217, 193],
    [582, 326, 1094, 150, 166, 142, 198, 198, 198, 471, 471, 198, 135, 71, 197, 202, 1218, 194],
    [583, 327, 1095, 151, 167, 143, 199, 199, 199, 199, 199, 199, 199, 199, 199, 1227, 1227, 199],
    [584, 328, 1096, 176, 176, 200, 750, 750, 200, 457, 217, 201, 11, 11, 200, 1216, 204, 1220],
    [585, 329, 1097, 177, 177, 201, 751, 751, 201, 217, 457, 200, 75, 139, 202, 193, 197, 1217],
    [586, 330, 1098, 178, 178, 202, 718, 238, 204, 475, 475, 202, 139, 75, 201, 194, 198, 1218],
    [587, 331, 1099, 179, 179, 203, 719, 239, 205, 203, 203, 203, 203, 203, 203, 1219, 207, 1223],
    [588, 332, 1100, 180, 180, 204, 238, 718, 202, 477, 477, 204, 15, 15, 204, 200, 1220, 1216],
    [589, 333, 1101, 181, 181, 205, 239, 719, 203, 205, 205, 205, 79, 143, 206, 1225, 1229, 1221],
    [590, 334, 1102, 182, 182, 206, 206, 206, 206, 463, 223, 207, 143, 79, 205, 1226, 1230, 1222],
    [591, 335, 1103, 183, 183, 207, 207, 207, 207, 223, 463, 206, 207, 207, 207, 203, 1223, 1219],
    [592, 336, 1104, 152, 224, 168, 758, 758, 208, 448, 209, 449, 19, 19, 208, 1232, 216, 212],
    [593, 337, 1105, 153, 225, 169, 759, 759, 209, 208, 449, 448, 83, 147, 210, 209, 209, 209],
    [594, 338, 1106, 154, 226, 170, 726, 246, 212, 466, 467, 450, 147, 83, 209, 210, 210, 210],
    [595, 339, 1107, 155, 227, 171, 727, 247, 213, 194, 195, 451, 211, 211, 211, 1235, 219, 215],
    [596, 340, 1108, 156, 228, 172, 246, 726, 210, 468, 469, 452, 23, 23, 212, 216, 1232, 208],
    [597, 341, 1109, 157, 229, 173, 247, 727, 211, 196, 197, 453, 87, 151, 214, 1241, 1241, 213],
    [598, 342, 1110, 158, 230, 174, 214, 214, 214, 454, 215, 455, 151, 87, 213, 1242, 1242, 214],
    [599, 343, 1111, 159, 231, 175, 215, 215, 215, 214, 455, 454, 215, 215, 215, 219, 1235, 211],
    [600, 344, 1112, 184, 240, 232, 766, 766, 216, 472, 473, 456, 27, 27, 216, 208, 212, 1232],
    [601, 345, 1113, 185, 241, 233, 767, 767, 217, 200, 201, 457, 91, 155, 218, 1233, 221, 1237],
    [602, 346, 1114, 186, 242, 234, 734, 254, 220, 458, 219, 459, 155, 91, 217, 1234, 222, 1238],
    [603, 347, 1115, 187, 243, 235, 735, 255, 221, 218, 459, 458, 219, 219, 219, 211, 215, 1235],
    [604, 348, 1116, 188, 244, 236, 254, 734, 218, 460, 221, 461, 31, 31, 220, 1240, 1244, 1236],
    [605, 349, 1117, 189, 245, 237, 255, 735, 219, 220, 461, 460, 95, 159, 222, 217, 1237, 1233],
    [606, 350, 1118, 190, 246, 238, 222, 222, 222, 478, 479, 462, 159, 95, 221, 218, 1238, 1234],
    [607, 351, 1119, 191, 247, 239, 223, 223, 223, 206, 207, 463, 223, 223, 223, 1243, 1247, 1239],
    [608, 352, 1120, 208, 168, 152, 738, 740, 704, 481, 241, 225, 35, 35, 224, 1248, 232, 228],
    [609, 353, 1121, 209, 169, 153, 739, 741, 705, 241, 481, 224, 99, 163, 226, 225, 225, 225],
    [610, 354, 1122, 210, 170, 154, 706, 228, 708, 499, 499, 226, 163, 99, 225, 226, 226, 226],
    [611, 355, 1123, 211, 171, 155, 707, 229, 709, 227, 227, 227, 227, 227, 227, 1251, 235, 231],
    [612, 356, 1124, 212, 172, 156, 226, 708, 706, 501, 501, 228, 39, 39, 228, 232, 1248, 224],
    [613, 357, 1125, 213, 173, 157, 227, 709, 707, 229, 229, 229, 103, 167, 230, 1257, 1257, 229],
    [614, 358, 1126, 214, 174, 158, 194, 196, 710, 487, 247, 231, 167, 103, 229, 1258, 1258, 230],
    [615, 359, 1127, 215, 175, 159, 195, 197, 711, 247, 487, 230, 231, 231, 231, 235, 1251, 227],
    [616, 360, 1128, 240, 184, 216, 746, 748, 712, 505, 505, 232, 43, 43, 232, 224, 228, 1248],
    [617, 361, 1129, 241, 185, 217, 747, 749, 713, 233, 233, 233, 107, 171, 234, 1249, 237, 1253],
    [618, 362, 1130, 242, 186, 218, 714, 236, 716, 491, 251, 235, 171, 107, 233, 1250, 238, 1254],
    [619, 363, 1131, 243, 187, 219, 715, 237, 717, 251, 491, 234, 235, 235, 235, 227, 231, 1251],
    [620, 364, 1132, 244, 188, 220, 234, 716, 714, 493, 253, 237, 47, 47, 236, 1256, 1260, 1252],
    [621, 365, 1133, 245, 189, 221, 235, 717, 715, 253, 493, 236, 111, 175, 238, 233, 1253, 1249],
    [622, 366, 1134, 246, 190, 222, 202, 204, 718, 511, 511, 238, 175, 111, 237, 234, 1254, 1250],
    [623, 367, 1135, 247, 191, 223, 203, 205, 719, 239, 239, 239, 239, 239, 239, 1259, 1263, 1255],
    [624, 368, 1136, 216, 232, 184, 754, 756, 720, 496, 497, 480, 51, 51, 240, 240, 240, 240],
    [625, 369, 1137, 217, 233, 185, 755, 757, 721, 224, 225, 481, 115, 179, 242, 1265, 249, 245],
    [626, 370, 1138, 218, 234, 186, 722, 244, 724, 482, 243, 483, 179, 115, 241, 1266, 250, 246],
    [627, 371, 1139, 219, 235, 187, 723, 245, 725, 242, 483, 482, 243, 243, 243, 243, 243, 243],
    [628, 372, 1140, 220, 236, 188, 242, 724, 722, 484, 245, 485, 55, 55, 244, 1272, 1272, 244],
    [629, 373, 1141, 221, 237, 189, 243, 725, 723, 244, 485, 484, 119, 183, 246, 249, 1265, 241],
    [630, 374, 1142, 222, 238, 190, 210, 212, 726, 502, 503, 486, 183, 119, 245, 250, 1266, 242],
    [631, 375, 1143, 223, 239, 191, 211, 213, 727, 230, 231, 487, 247, 247, 247, 1275, 1275, 247],
    [632, 376, 1144, 248, 248, 248, 762, 764, 728, 488, 249, 489, 59, 59, 248, 1264, 252, 1268],
    [633, 377, 1145, 249, 249, 249, 763, 765, 729, 248, 489, 488, 123, 187, 250, 241, 245, 1265],
    [634, 378, 1146, 250, 250, 250, 730, 252, 732, 506, 507, 490, 187, 123, 249, 242, 246, 1266],
    [635, 379, 1147, 251, 251, 251, 731, 253, 733, 234, 235, 491, 251, 251, 251, 1267, 255, 1271],
    [636, 380, 1148, 252, 252, 252, 250, 732, 730, 508, 509, 492, 63, 63, 252, 248, 1268, 1264],
    [637, 381, 1149, 253, 253, 253, 251, 733, 731, 236, 237, 493, 127, 191, 254, 1273, 1277, 1269],
    [638, 382, 1150, 254, 254, 254, 218, 220, 734, 494, 255, 495, 191, 127, 253, 1274, 1278, 1270],
    [639, 383, 1151, 255, 255, 255, 219, 221, 735, 254, 495, 494, 255, 255, 255, 251, 1271, 1267],
    [128, 1024, 512, 256, 256, 256, 806, 806, 256, 257, 16, 17, 256, 256, 256, 1280, 264, 260],
    [129, 1025, 513, 257, 257, 257, 807, 807, 257, 17, 256, 16, 320, 384, 258, 257, 257, 257],
    [130, 1026, 514, 258, 258, 258, 774, 294, 260, 275, 274, 18, 384, 320, 257, 258, 258, 258],
    [131, 1027, 515, 259, 259, 259, 775, 295, 261, 3, 2, 19, 448, 448, 259, 1283, 267, 263],
    [132, 1028, 516, 260, 260, 260, 294, 774, 258, 277, 276, 20, 260, 260, 260, 264, 1280, 256],
    [133, 1029, 517, 261, 261, 261, 295, 775, 259, 5, 4, 21, 324, 388, 262, 1289, 1289, 261],
    [134, 1030, 518, 262, 262, 262, 262, 262, 262, 263, 22, 23, 388, 324, 261, 1290, 1290, 262],
    [135, 1031, 519, 263, 263, 263, 263, 263, 263, 23, 262, 22, 452, 452, 263, 267, 1283, 259],
    [136, 1032, 520, 288, 272, 320, 814, 814, 264, 281, 280, 24, 264, 264, 264, 256, 260, 1280],
    [137, 1033, 521, 289, 273, 321, 815, 815, 265, 9, 8, 25, 328, 392, 266, 1281, 269, 1285],
    [138, 1034, 522, 290, 274, 322, 782, 302, 268, 267, 26, 27, 392, 328, 265, 1282, 270, 1286],
    [139, 1035, 523, 291, 275, 323, 783, 303, 269, 27, 266, 26, 456, 456, 267, 259, 263, 1283],
    [140, 1036, 524, 292, 276, 324, 302, 782, 266, 269, 28, 29, 268, 268, 268, 1288, 1292, 1284],
    [141, 1037, 525, 293, 277, 325, 303, 783, 267, 29, 268, 28, 332, 396, 270, 265, 1285, 1281],
    [142, 1038, 526, 294, 278, 326, 270, 270, 270, 287, 286, 30, 396, 332, 269, 266, 1286, 1282],
    [143, 1039, 527, 295, 279, 327, 271, 271, 271, 15, 14, 31, 460, 460, 271, 1291, 1295, 1287],
    [144, 1040, 528, 264, 320, 288, 822, 822, 272, 272, 272, 272, 272, 272, 272, 272, 272, 272],
    [145, 1041, 529, 265, 321, 289, 823, 823, 273, 0, 0, 273, 336, 400, 274, 1297, 281, 277],
    [146, 1042, 530, 266, 322, 290, 790, 310, 276, 258, 18, 275, 400, 336, 273, 1298, 282, 278],
    [147, 1043, 531, 267, 323, 291, 791, 311, 277, 18, 258, 274, 464, 464, 275, 275, 275, 275],
    [148, 1044, 532, 268, 324, 292, 310, 790, 274, 260, 20, 277, 276, 276, 276, 1304, 1304, 276],
    [149, 1045, 533, 269, 325, 293, 311, 791, 275, 20, 260, 276, 340, 404, 278, 281, 1297, 273],
    [150, 1046, 534, 270, 326, 294, 278, 278, 278, 278, 278, 278, 404, 340, 277, 282, 1298, 274],
    [151, 1047, 535, 271, 327, 295, 279, 279, 279, 6, 6, 279, 468, 468, 279, 1307, 1307, 279],
    [152, 1048, 536, 296, 336, 352, 830, 830, 280, 264, 24, 281, 280, 280, 280, 1296, 284, 1300],
    [153, 1049, 537, 297, 337, 353, 831, 831, 281, 24, 264, 280, 344, 408, 282, 273, 277, 1297],
    [154, 1050, 538, 298, 338, 354, 798, 318, 284, 282, 282, 282, 408, 344, 281, 274, 278, 1298],
    [155, 1051, 539, 299, 339, 355, 799, 319, 285, 10, 10, 283, 472, 472, 283, 1299, 287, 1303],
    [156, 1052, 540, 300, 340, 356, 318, 798, 282, 284, 284, 284, 284, 284, 284, 280, 1300, 1296],
    [157, 1053, 541, 301, 341, 357, 319, 799, 283, 12, 12, 285, 348, 412, 286, 1305, 1309, 1301],
    [158, 1054, 542, 302, 342, 358, 286, 286, 286, 270, 30, 287, 412, 348, 285, 1306, 1310, 1302],
    [159, 1055, 543, 303, 343, 359, 287, 287, 287, 30, 270, 286, 476, 476, 287, 283, 1303, 1299],
    [160, 1056, 544, 320, 264, 272, 802, 804, 768, 305, 304, 48, 288, 288, 288, 288, 288, 288],
    [161, 1057, 545, 321, 265, 273, 803, 805, 769, 33, 32, 49, 352, 416, 290, 1313, 297, 293],
    [162, 1058, 546, 322, 266, 274, 770, 292, 772, 291, 50, 51, 416, 352, 289, 1314, 298, 294],
    [163, 1059, 547, 323, 267, 275, 771, 293, 773, 51, 290, 50, 480, 480, 291, 291, 291, 291],
    [164, 1060, 548, 324, 268, 276, 290, 772, 770, 293, 52, 53, 292, 292, 292, 1320, 1320, 292],
    [165, 1061, 549, 325, 269, 277, 291, 773, 771, 53, 292, 52, 356, 420, 294, 297, 1313, 289],
    [166, 1062, 550, 326, 270, 278, 258, 260, 774, 311, 310, 54, 420, 356, 293, 298, 1314, 290],
    [167, 1063, 551, 327, 271, 279, 259, 261, 775, 39, 38, 55, 484, 484, 295, 1323, 1323, 295],
    [168, 1064, 552, 352, 280, 336, 810, 812, 776, 297, 56, 57, 296, 296, 296, 1312, 300, 1316],
    [169, 1065, 553, 353, 281, 337, 811, 813, 777, 57, 296, 56, 360, 424, 298, 289, 293, 1313],
    [170, 1066, 554, 354, 282, 338, 778, 300, 780, 315, 314, 58, 424, 360, 297, 290, 294, 1314],
    [171, 1067, 555, 355, 283, 339, 779, 301, 781, 43, 42, 59, 488, 488, 299, 1315, 303, 1319],
    [172, 1068, 556, 356, 284, 340, 298, 780, 778, 317, 316, 60, 300, 300, 300, 296, 1316, 1312],
    [173, 1069, 557, 357, 285, 341, 299, 781, 779, 45, 44, 61, 364, 428, 302, 1321, 1325, 1317],
    [174, 1070, 558, 358, 286, 342, 266, 268, 782, 303, 62, 63, 428, 364, 301, 1322, 1326, 1318],
    [175, 1071, 559, 359, 287, 343, 267, 269, 783, 63, 302, 62, 492, 492, 303, 299, 1319, 1315],
    [176, 1072, 560, 328, 328, 304, 818, 820, 784, 288, 48, 305, 304, 304, 304, 1328, 312, 308],
    [177, 1073, 561, 329, 329, 305, 819, 821, 785, 48, 288, 304, 368, 432, 306, 305, 305, 305],
    [178, 1074, 562, 330, 330, 306, 786, 308, 788, 306, 306, 306, 432, 368, 305, 306, 306, 306],
    [179, 1075, 563, 331, 331, 307, 787, 309, 789, 34, 34, 307, 496, 496, 307, 1331, 315, 311],
    [180, 1076, 564, 332, 332, 308, 306, 788, 786, 308, 308, 308, 308, 308, 308, 312, 1328, 304],
    [181, 1077, 565, 333, 333, 309, 307, 789, 787, 36, 36, 309, 372, 436, 310, 1337, 1337, 309],
    [182, 1078, 566, 334, 334, 310, 274, 276, 790, 294, 54, 311, 436, 372, 309, 1338, 1338, 310],
    [183, 1079, 567, 335, 335, 311, 275, 277, 791, 54, 294, 310, 500, 500, 311, 315, 1331, 307],
    [184, 1080, 568, 360, 344, 368, 826, 828, 792, 312, 312, 312, 312, 312, 312, 304, 308, 1328],
    [185, 1081, 569, 361, 345, 369, 827, 829, 793, 40, 40, 313, 376, 440, 314, 1329, 317, 1333],
    [186, 1082, 570, 362, 346, 370, 794, 316, 796, 298, 58, 315, 440, 376, 313, 1330, 318, 1334],
    [187, 1083, 571, 363, 347, 371, 795, 317, 797, 58, 298, 314, 504, 504, 315, 307, 311, 1331],
    [188, 1084, 572, 364, 348, 372, 314, 796, 794, 300, 60, 317, 316, 316, 316, 1336, 1340, 1332],
    [189, 1085, 573, 365, 349, 373, 315, 797, 795, 60, 300, 316, 380, 444, 318, 313, 1333, 1329],
    [190, 1086, 574, 366, 350, 374, 282, 284, 798, 318, 318, 318, 444, 380, 317, 314, 1334, 1330],
    [191, 1087, 575, 367, 351, 375, 283, 285, 799, 46, 46, 319, 508, 508, 319, 1339, 1343, 1335],
    [192, 1088, 576, 272, 288, 264, 870, 870, 320, 337, 336, 80, 258, 257, 384, 320, 320, 320],
    [193, 1089, 577, 273, 289, 265, 871, 871, 321, 65, 64, 81, 322, 385, 386, 1345, 329, 325],
    [194, 1090, 578, 274, 290, 266, 838, 358, 324, 323, 82, 83, 386, 321, 385, 1346, 330, 326],
    [195, 1091, 579, 275, 291, 267, 839, 359, 325, 83, 322, 82, 450, 449, 387, 323, 323, 323],
    [196, 1092, 580, 276, 292, 268, 358, 838, 322, 325, 84, 85, 262, 261, 388, 1352, 1352, 324],
    [197, 1093, 581, 277, 293, 269, 359, 839, 323, 85, 324, 84, 326, 389, 390, 329, 1345, 321],
    [198, 1094, 582, 278, 294, 270, 326, 326, 326, 343, 342, 86, 390, 325, 389, 330, 1346, 322],
    [199, 1095, 583, 279, 295, 271, 327, 327, 327, 71, 70, 87, 454, 453, 391, 1355, 1355, 327],
    [200, 1096, 584, 304, 304, 328, 878, 878, 328, 329, 88, 89, 266, 265, 392, 1344, 332, 1348],
    [201, 1097, 585, 305, 305, 329, 879, 879, 329, 89, 328, 88, 330, 393, 394, 321, 325, 1345],
    [202, 1098, 586, 306, 306, 330, 846, 366, 332, 347, 346, 90, 394, 329, 393, 322, 326, 1346],
    [203, 1099, 587, 307, 307, 331, 847, 367, 333, 75, 74, 91, 458, 457, 395, 1347, 335, 1351],
    [204, 1100, 588, 308, 308, 332, 366, 846, 330, 349, 348, 92, 270, 269, 396, 328, 1348, 1344],
    [205, 1101, 589, 309, 309, 333, 367, 847, 331, 77, 76, 93, 334, 397, 398, 1353, 1357, 1349],
    [206, 1102, 590, 310, 310, 334, 334, 334, 334, 335, 94, 95, 398, 333, 397, 1354, 1358, 1350],
    [207, 1103, 591, 311, 311, 335, 335, 335, 335, 95, 334, 94, 462, 461, 399, 331, 1351, 1347],
    [208, 1104, 592, 280, 352, 296, 886, 886, 336, 320, 80, 337, 274, 273, 400, 1360, 344, 340],
    [209, 1105, 593, 281, 353, 297, 887, 887, 337, 80, 320, 336, 338, 401, 402, 337, 337, 337],
    [210, 1106, 594, 282, 354, 298, 854, 374, 340, 338, 338, 338, 402, 337, 401, 338, 338, 338],
    [211, 1107, 595, 283, 355, 299, 855, 375, 341, 66, 66, 339, 466, 465, 403, 1363, 347, 343],
    [212, 1108, 596, 284, 356, 300, 374, 854, 338, 340, 340, 340, 278, 277, 404, 344, 1360, 336],
    [213, 1109, 597, 285, 357, 301, 375, 855, 339, 68, 68, 341, 342, 405, 406, 1369, 1369, 341],
    [214, 1110, 598, 286, 358, 302, 342, 342, 342, 326, 86, 343, 406, 341, 405, 1370, 1370, 342],
    [215, 1111, 599, 287, 359, 303, 343, 343, 343, 86, 326, 342, 470, 469, 407, 347, 1363, 339],
    [216, 1112, 600, 312, 368, 360, 894, 894, 344, 344, 344, 344, 282, 281, 408, 336, 340, 1360],
    [217, 1113, 601, 313, 369, 361, 895, 895, 345, 72, 72, 345, 346, 409, 410, 1361, 349, 1365],
    [218, 1114, 602, 314, 370, 362, 862, 382, 348, 330, 90, 347, 410, 345, 409, 1362, 350, 1366],
    [219, 1115, 603, 315, 371, 363, 863, 383, 349, 90, 330, 346, 474, 473, 411, 339, 343, 1363],
    [220, 1116, 604, 316, 372, 364, 382, 862, 346, 332, 92, 349, 286, 285, 412, 1368, 1372, 1364],
    [221, 1117, 605, 317, 373, 365, 383, 863, 347, 92, 332, 348, 350, 413, 414, 345, 1365, 1361],
    [222, 1118, 606, 318, 374, 366, 350, 350, 350, 350, 350, 350, 414, 349, 413, 346, 1366, 1362],
    [223, 1119, 607, 319, 375, 367, 351, 351, 351, 78, 78, 351, 478, 477, 415, 1371, 1375, 1367],
    [224, 1120, 608, 336, 296, 280, 866, 868, 832, 353, 112, 113, 290, 289, 416, 1376, 360, 356],
    [225, 1121, 609, 337, 297, 281, 867, 869, 833, 113, 352, 112, 354, 417, 418, 353, 353, 353],
    [226, 1122, 610, 338, 298, 282, 834, 356, 836, 371, 370, 114, 418, 353, 417, 354, 354, 354],
    [227, 1123, 611, 339, 299, 283, 835, 357, 837, 99, 98, 115, 482, 481, 419, 1379, 363, 359],
    [228, 1124, 612, 340, 300, 284, 354, 836, 834, 373, 372, 116, 294, 293, 420, 360, 1376, 352],
    [229, 1125, 613, 341, 301, 285, 355, 837, 835, 101, 100, 117, 358, 421, 422, 1385, 1385, 357],
    [230, 1126, 614, 342, 302, 286, 322, 324, 838, 359, 118, 119, 422, 357, 421, 1386, 1386, 358],
    [231, 1127, 615, 343, 303, 287, 323, 325, 839, 119, 358, 118, 486, 485, 423, 363, 1379, 355],
    [232, 1128, 616, 368, 312, 344, 874, 876, 840, 377, 376, 120, 298, 297, 424, 352, 356, 1376],
    [233, 1129, 617, 369, 313, 345, 875, 877, 841, 105, 104, 121, 362, 425, 426, 1377, 365, 1381],
    [234, 1130, 618, 370, 314, 346, 842, 364, 844, 363, 122, 123, 426, 361, 425, 1378, 366, 1382],
    [235, 1131, 619, 371, 315, 347, 843, 365, 845, 123, 362, 122, 490, 489, 427, 355, 359, 1379],
    [236, 1132, 620, 372, 316, 348, 362, 844, 842, 365, 124, 125, 302, 301, 428, 1384, 1388, 1380],
    [237, 1133, 621, 373, 317, 349, 363, 845, 843, 125, 364, 124, 366, 429, 430, 361, 1381, 1377],
    [238, 1134, 622, 374, 318, 350, 330, 332, 846, 383, 382, 126, 430, 365, 429, 362, 1382, 1378],
    [239, 1135, 623, 375, 319, 351, 331, 333, 847, 111, 110, 127, 494, 493, 431, 1387, 1391, 1383],
    [240, 1136, 624, 344, 360, 312, 882, 884, 848, 368, 368, 368, 306, 305, 432, 368, 368, 368],
    [241, 1137, 625, 345, 361, 313, 883, 885, 849, 96, 96, 369, 370, 433, 434, 1393, 377, 373],
    [242, 1138, 626, 346, 362, 314, 850, 372, 852, 354, 114, 371, 434, 369, 433, 1394, 378, 374],
    [243, 1139, 627, 347, 363, 315, 851, 373, 853, 114, 354, 370, 498, 497, 435, 371, 371, 371],
    [244, 1140, 628, 348, 364, 316, 370, 852, 850, 356, 116, 373, 310, 309, 436, 1400, 1400, 372],
    [245, 1141, 629, 349, 365, 317, 371, 853, 851, 116, 356, 372, 374, 437, 438, 377, 1393, 369],
    [246, 1142, 630, 350, 366, 318, 338, 340, 854, 374, 374, 374, 438, 373, 437, 378, 1394, 370],
    [247, 1143, 631, 351, 367, 319, 339, 341, 855, 102, 102, 375, 502, 501, 439, 1403, 1403, 375],
    [248, 1144, 632, 376, 376, 376, 890, 892, 856, 360, 120, 377, 314, 313, 440, 1392, 380, 1396],
    [249, 1145, 633, 377, 377, 377, 891, 893, 857, 120, 360, 376, 378, 441, 442, 369, 373, 1393],
    [250, 1146, 634, 378, 378, 378, 858, 380, 860, 378, 378, 378, 442, 377, 441, 370, 374, 1394],
    [251, 1147, 635, 379, 379, 379, 859, 381, 861, 106, 106, 379, 506, 505, 443, 1395, 383, 1399],
    [252, 1148, 636, 380, 380, 380, 378, 860, 858, 380, 380, 380, 318, 317, 444, 376, 1396, 1392],
    [253, 1149, 637, 381, 381, 381, 379, 861, 859, 108, 108, 381, 382, 445, 446, 1401, 1405, 1397],
    [254, 1150, 638, 382, 382, 382, 346, 348, 862, 366, 126, 383, 446, 381, 445, 1402, 1406, 1398],
    [255, 1151, 639, 383, 383, 383, 347, 349, 863, 126, 366, 382, 510, 509, 447, 379, 1399, 1395],
    [640, 1280, 1536, 384, 384, 384, 934, 934, 384, 401, 400, 144, 257, 258, 320, 384, 384, 384],
    [641, 1281, 1537, 385, 385, 385, 935, 935, 385, 129, 128, 145, 321, 386, 322, 1409, 393, 389],
    [642, 1282, 1538, 386, 386, 386, 902, 422, 388, 387, 146, 147, 385, 322, 321, 1410, 394, 390],
    [643, 1283, 1539, 387, 387, 387, 903, 423, 389, 147, 386, 146, 449, 450, 323, 387, 387, 387],
    [644, 1284, 1540, 388, 388, 388, 422, 902, 386, 389, 148, 149, 261, 262, 324, 1416, 1416, 388],
    [645, 1285, 1541, 389, 389, 389, 423, 903, 387, 149, 388, 148, 325, 390, 326, 393, 1409, 385],
    [646, 1286, 1542, 390, 390, 390, 390, 390, 390, 407, 406, 150, 389, 326, 325, 394, 1410, 386],
    [647, 1287, 1543, 391, 391, 391, 391, 391, 391, 135, 134, 151, 453, 454, 327, 1419, 1419, 391],
    [648, 1288, 1544, 416, 400, 448, 942, 942, 392, 393, 152, 153, 265, 266, 328, 1408, 396, 1412],
    [649, 1289, 1545, 417, 401, 449, 943, 943, 393, 153, 392, 152, 329, 394, 330, 385, 389, 1409],
    [650, 1290, 1546, 418, 402, 450, 910, 430, 396, 411, 410, 154, 393, 330, 329, 386, 390, 1410],
    [651, 1291, 1547, 419, 403, 451, 911, 431, 397, 139, 138, 155, 457, 458, 331, 1411, 399, 1415],
    [652, 1292, 1548, 420, 404, 452, 430, 910, 394, 413, 412, 156, 269, 270, 332, 392, 1412, 1408],
    [653, 1293, 1549, 421, 405, 453, 431, 911, 395, 141, 140, 157, 333, 398, 334, 1417, 1421, 1413],
    [654, 1294, 1550, 422, 406, 454, 398, 398, 398, 399, 158, 159, 397, 334, 333, 1418, 1422, 1414],
    [655, 1295, 1551, 423, 407, 455, 399, 399, 399, 159, 398, 158, 461, 462, 335, 395, 1415, 1411],
    [656, 1296, 1552, 392, 448, 416, 950, 950, 400, 384, 144, 401, 273, 274, 336, 1424, 408, 404],
    [657, 1297, 1553, 393, 449, 417, 951, 951, 401, 144, 384, 400, 337, 402, 338, 401, 401, 401],
    [658, 1298, 1554, 394, 450, 418, 918, 438, 404, 402, 402, 402, 401, 338, 337, 402, 402, 402],
    [659, 1299, 1555, 395, 451, 419, 919, 439, 405, 130, 130, 403, 465, 466, 339, 1427, 411, 407],
    [660, 1300, 1556, 396, 452, 420, 438, 918, 402, 404, 404, 404, 277, 278, 340, 408, 1424, 400],
    [661, 1301, 1557, 397, 453, 421, 439, 919, 403, 132, 132, 405, 341, 406, 342, 1433, 1433, 405],
    [662, 1302, 1558, 398, 454, 422, 406, 406, 406, 390, 150, 407, 405, 342, 341, 1434, 1434, 406],
    [663, 1303, 1559, 399, 455, 423, 407, 407, 407, 150, 390, 406, 469, 470, 343, 411, 1427, 403],
    [664, 1304, 1560, 424, 464, 480, 958, 958, 408, 408, 408, 408, 281, 282, 344, 400, 404, 1424],
    [665, 1305, 1561, 425, 465, 481, 959, 959, 409, 136, 136, 409, 345, 410, 346, 1425, 413, 1429],
    [666, 1306, 1562, 426, 466, 482, 926, 446, 412, 394, 154, 411, 409, 346, 345, 1426, 414, 1430],
    [667, 1307, 1563, 427, 467, 483, 927, 447, 413, 154, 394, 410, 473, 474, 347, 403, 407, 1427],
    [668, 1308, 1564, 428, 468, 484, 446, 926, 410, 396, 156, 413, 285, 286, 348, 1432, 1436, 1428],
    [669, 1309, 1565, 429, 469, 485, 447, 927, 411, 156, 396, 412, 349, 414, 350, 409, 1429, 1425],
    [670, 1310, 1566, 430, 470, 486, 414, 414, 414, 414, 414, 414, 413, 350, 349, 410, 1430, 1426],
    [671, 1311, 1567, 431, 471, 487, 415, 415, 415, 142, 142, 415, 477, 478, 351, 1435, 1439, 1431],
    [672, 1312, 1568, 448, 392, 400, 930, 932, 896, 417, 176, 177, 289, 290, 352, 1440, 424, 420],
    [673, 1313, 1569, 449, 393, 401, 931, 933, 897, 177, 416, 176, 353, 418, 354, 417, 417, 417],
    [674, 1314, 1570, 450, 394, 402, 898, 420, 900, 435, 434, 178, 417, 354, 353, 418, 418, 418],
    [675, 1315, 1571, 451, 395, 403, 899, 421, 901, 163, 162, 179, 481, 482, 355, 1443, 427, 423],
    [676, 1316, 1572, 452, 396, 404, 418, 900, 898, 437, 436, 180, 293, 294, 356, 424, 1440, 416],
    [677, 1317, 1573, 453, 397, 405, 419, 901, 899, 165, 164, 181, 357, 422, 358, 1449, 1449, 421],
    [678, 1318, 1574, 454, 398, 406, 386, 388, 902, 423, 182, 183, 421, 358, 357, 1450, 1450, 422],
    [679, 1319, 1575, 455, 399, 407, 387, 389, 903, 183, 422, 182, 485, 486, 359, 427, 1443, 419],
    [680, 1320, 1576, 480, 408, 464, 938, 940, 904, 441, 440, 184, 297, 298, 360, 416, 420, 1440],
    [681, 1321, 1577, 481, 409, 465, 939, 941, 905, 169, 168, 185, 361, 426, 362, 1441, 429, 1445],
    [682, 1322, 1578, 482, 410, 466, 906, 428, 908, 427, 186, 187, 425, 362, 361, 1442, 430, 1446],
    [683, 1323, 1579, 483, 411, 467, 907, 429, 909, 187, 426, 186, 489, 490, 363, 419, 423, 1443],
    [684, 1324, 1580, 484, 412, 468, 426, 908, 906, 429, 188, 189, 301, 302, 364, 1448, 1452, 1444],
    [685, 1325, 1581, 485, 413, 469, 427, 909, 907, 189, 428, 188, 365, 430, 366, 425, 1445, 1441],
    [686, 1326, 1582, 486, 414, 470, 394, 396, 910, 447, 446, 190, 429, 366, 365, 426, 1446, 1442],
    [687, 1327, 1583, 487, 415, 471, 395, 397, 911, 175, 174, 191, 493, 494, 367, 1451, 1455, 1447],
    [688, 1328, 1584, 456, 456, 432, 946, 948, 912, 432, 432, 432, 305, 306, 368, 432, 432, 432],
    [689, 1329, 1585, 457, 457, 433, 947, 949, 913, 160, 160, 433, 369, 434, 370, 1457, 441, 437],
    [690, 1330, 1586, 458, 458, 434, 914, 436, 916, 418, 178, 435, 433, 370, 369, 1458, 442, 438],
    [691, 1331, 1587, 459, 459, 435, 915, 437, 917, 178, 418, 434, 497, 498, 371, 435, 435, 435],
    [692, 1332, 1588, 460, 460, 436, 434, 916, 914, 420, 180, 437, 309, 310, 372, 1464, 1464, 436],
    [693, 1333, 1589, 461, 461, 437, 435, 917, 915, 180, 420, 436, 373, 438, 374, 441, 1457, 433],
    [694, 1334, 1590, 462, 462, 438, 402, 404, 918, 438, 438, 438, 437, 374, 373, 442, 1458, 434],
    [695, 1335, 1591, 463, 463, 439, 403, 405, 919, 166, 166, 439, 501, 502, 375, 1467, 1467, 439],
    [696, 1336, 1592, 488, 472, 496, 954, 956, 920, 424, 184, 441, 313, 314, 376, 1456, 444, 1460],
    [697, 1337, 1593, 489, 473, 497, 955, 957, 921, 184, 424, 440, 377, 442, 378, 433, 437, 1457],
    [698, 1338, 1594, 490, 474, 498, 922, 444, 924, 442, 442, 442, 441, 378, 377, 434, 438, 1458],
    [699, 1339, 1595, 491, 475, 499, 923, 445, 925, 170, 170, 443, 505, 506, 379, 1459, 447, 1463],
    [700, 1340, 1596, 492, 476, 500, 442, 924, 922, 444, 444, 444, 317, 318, 380, 440, 1460, 1456],
    [701, 1341, 1597, 493, 477, 501, 443, 925, 923, 172, 172, 445, 381, 446, 382, 1465, 1469, 1461],
    [702, 1342, 1598, 494, 478, 502, 410, 412, 926, 430, 190, 447, 445, 382, 381, 1466, 1470, 1462],
    [703, 1343, 1599, 495, 479, 503, 411, 413, 927, 190, 430, 446, 509, 510, 383, 443, 1463, 1459],
    [704, 1344, 1600, 400, 416, 392, 998, 998, 448, 449, 208, 209, 259, 259, 448, 1472, 456, 452],
    [705, 1345, 1601, 401, 417, 393, 999, 999, 449, 209, 448, 208, 323, 387, 450, 449, 449, 449],
    [706, 1346, 1602, 402, 418, 394, 966, 486, 452, 467, 466, 210, 387, 323, 449, 450, 450, 450],
    [707, 1347, 1603, 403, 419, 395, 967, 487, 453, 195, 194, 211, 451, 451, 451, 1475, 459, 455],
    [708, 1348, 1604, 404, 420, 396, 486, 966, 450, 469, 468, 212, 263, 263, 452, 456, 1472, 448],
    [709, 1349, 1605, 405, 421, 397, 487, 967, 451, 197, 196, 213, 327, 391, 454, 1481, 1481, 453],
    [710, 1350, 1606, 406, 422, 398, 454, 454, 454, 455, 214, 215, 391, 327, 453, 1482, 1482, 454],
    [711, 1351, 1607, 407, 423, 399, 455, 455, 455, 215, 454, 214, 455, 455, 455, 459, 1475, 451],
    [712, 1352, 1608, 432, 432, 456, 1006, 1006, 456, 473, 472, 216, 267, 267, 456, 448, 452, 1472],
    [713, 1353, 1609, 433, 433, 457, 1007, 1007, 457, 201, 200, 217, 331, 395, 458, 1473, 461, 1477],
    [714, 1354, 1610, 434, 434, 458, 974, 494, 460, 459, 218, 219, 395, 331, 457, 1474, 462, 1478],
    [715, 1355, 1611, 435, 435, 459, 975, 495, 461, 219, 458, 218, 459, 459, 459, 451, 455, 1475],
    [716, 1356, 1612, 436, 436, 460, 494, 974, 458, 461, 220, 221, 271, 271, 460, 1480, 1484, 1476],
    [717, 1357, 1613, 437, 437, 461, 495, 975, 459, 221, 460, 220, 335, 399, 462, 457, 1477, 1473],
    [718, 1358, 1614, 438, 438, 462, 462, 462, 462, 479, 478, 222, 399, 335, 461, 458, 1478, 1474],
    [719, 1359, 1615, 439, 439, 463, 463, 463, 463, 207, 206, 223, 463, 463, 463, 1483, 1487, 1479],
    [720, 1360, 1616, 408, 480, 424, 1014, 1014, 464, 464, 464, 464, 275, 275, 464, 464, 464, 464],
    [721, 1361, 1617, 409, 481, 425, 1015, 1015, 465, 192, 192, 465, 339, 403, 466, 1489, 473, 469],
    [722, 1362, 1618, 410, 482, 426, 982, 502, 468, 450, 210, 467, 403, 339, 465, 1490, 474, 470],
    [723, 1363, 1619, 411, 483, 427, 983, 503, 469, 210, 450, 466, 467, 467, 467, 467, 467, 467],
    [724, 1364, 1620, 412, 484, 428, 502, 982, 466, 452, 212, 469, 279, 279, 468, 1496, 1496, 468],
    [725, 1365, 1621, 413, 485, 429, 503, 983, 467, 212, 452, 468, 343, 407, 470, 473, 1489, 465],
    [726, 1366, 1622, 414, 486, 430, 470, 470, 470, 470, 470, 470, 407, 343, 469, 474, 1490, 466],
    [727, 1367, 1623, 415, 487, 431, 471, 471, 471, 198, 198, 471, 471, 471, 471, 1499, 1499, 471],
    [728, 1368, 1624, 440, 496, 488, 1022, 1022, 472, 456, 216, 473, 283, 283, 472, 1488, 476, 1492],
    [729, 1369, 1625, 441, 497, 489, 1023, 1023, 473, 216, 456, 472, 347, 411, 474, 465, 469, 1489],
    [730, 1370, 1626, 442, 498, 490, 990, 510, 476, 474, 474, 474, 411, 347, 473, 466, 470, 1490],
    [731, 1371, 1627, 443, 499, 491, 991, 511, 477, 202, 202, 475, 475, 475, 475, 1491, 479, 1495],
    [732, 1372, 1628, 444, 500, 492, 510, 990, 474, 476, 476, 476, 287, 287, 476, 472, 1492, 1488],
    [733, 1373, 1629, 445, 501, 493, 511, 991, 475, 204, 204, 477, 351, 415, 478, 1497, 1501, 1493],
    [734, 1374, 1630, 446, 502, 494, 478, 478, 478, 462, 222, 479, 415, 351, 477, 1498, 1502, 1494],
    [735, 1375, 1631, 447, 503, 495, 479, 479, 479, 222, 462, 478, 479, 479, 479, 475, 1495, 1491],
    [736, 1376, 1632, 464, 424, 408, 994, 996, 960, 497, 496, 240, 291, 291, 480, 480, 480, 480],
    [737, 1377, 1633, 465, 425, 409, 995, 997, 961, 225, 224, 241, 355, 419, 482, 1505, 489, 485],
    [738, 1378, 1634, 466, 426, 410, 962, 484, 964, 483, 242, 243, 419, 355, 481, 1506, 490, 486],
    [739, 1379, 1635, 467, 427, 411, 963, 485, 965, 243, 482, 242, 483, 483, 483, 483, 483, 483],
    [740, 1380, 1636, 468, 428, 412, 482, 964, 962, 485, 244, 245, 295, 295, 484, 1512, 1512, 484],
    [741, 1381, 1637, 469, 429, 413, 483, 965, 963, 245, 484, 244, 359, 423, 486, 489, 1505, 481],
    [742, 1382, 1638, 470, 430, 414, 450, 452, 966, 503, 502, 246, 423, 359, 485, 490, 1506, 482],
    [743, 1383, 1639, 471, 431, 415, 451, 453, 967, 231, 230, 247, 487, 487, 487, 1515, 1515, 487],
    [744, 1384, 1640, 496, 440, 472, 1002, 1004, 968, 489, 248, 249, 299, 299, 488, 1504, 492, 1508],
    [745, 1385, 1641, 497, 441, 473, 1003, 1005, 969, 249, 488, 248, 363, 427, 490, 481, 485, 1505],
    [746, 1386, 1642, 498, 442, 474, 970, 492, 972, 507, 506, 250, 427, 363, 489, 482, 486, 1506],
    [747, 1387, 1643, 499, 443, 475, 971, 493, 973, 235, 234, 251, 491, 491, 491, 1507, 495, 1511],
    [748, 1388, 1644, 500, 444, 476, 490, 972, 970, 509, 508, 252, 303, 303, 492, 488, 1508, 1504],
    [749, 1389, 1645, 501, 445, 477, 491, 973, 971, 237, 236, 253, 367, 431, 494, 1513, 1517, 1509],
    [750, 1390, 1646, 502, 446, 478, 458, 460, 974, 495, 254, 255, 431, 367, 493, 1514, 1518, 1510],
    [751, 1391, 1647, 503, 447, 479, 459, 461, 975, 255, 494, 254, 495, 495, 495, 491, 1511, 1507],
    [752, 1392, 1648, 472, 488, 440, 1010, 1012, 976, 480, 240, 497, 307, 307, 496, 1520, 504, 500],
    [753, 1393, 1649, 473, 489, 441, 1011, 1013, 977, 240, 480, 496, 371, 435, 498, 497, 497, 497],
    [754, 1394, 1650, 474, 490, 442, 978, 500, 980, 498, 498, 498, 435, 371, 497, 498, 498, 498],
    [755, 1395, 1651, 475, 491, 443, 979, 501, 981, 226, 226, 499, 499, 499, 499, 1523, 507, 503],
    [756, 1396, 1652, 476, 492, 444, 498, 980, 978, 500, 500, 500, 311, 311, 500, 504, 1520, 496],
    [757, 1397, 1653, 477, 493, 445, 499, 981, 979, 228, 228, 501, 375, 439, 502, 1529, 1529, 501],
    [758, 1398, 1654, 478, 494, 446, 466, 468, 982, 486, 246, 503, 439, 375, 501, 1530, 1530, 502],
    [759, 1399, 1655, 479, 495, 447, 467, 469, 983, 246, 486, 502, 503, 503, 503, 507, 1523, 499],
    [760, 1400, 1656, 504, 504, 504, 1018, 1020, 984, 504, 504, 504, 315, 315, 504, 496, 500, 1520],
    [761, 1401, 1657, 505, 505, 505, 1019, 1021, 985, 232, 232, 505, 379, 443, 506, 1521, 509, 1525],
    [762, 1402, 1658, 506, 506, 506, 986, 508, 988, 490, 250, 507, 443, 379, 505, 1522, 510, 1526],
    [763, 1403, 1659, 507, 507, 507, 987, 509, 989, 250, 490, 506, 507, 507, 507, 499, 503, 1523],
    [764, 1404, 1660, 508, 508, 508, 506, 988, 986, 492, 252, 509, 319, 319, 508, 1528, 1532, 1524],
    [765, 1405, 1661, 509, 509, 509, 507, 989, 987, 252, 492, 508, 383, 447, 510, 505, 1525, 1521],
    [766, 1406, 1662, 510, 510, 510, 474, 476, 990, 510, 510, 510, 447, 383, 509, 506, 1526, 1522],
    [767, 1407, 1663, 511, 511, 511, 475, 477, 991, 238, 238, 511, 511, 511, 511, 1531, 1535, 1527],
    [1024, 128, 256, 512, 512, 512, 548, 546, 32, 769, 529, 513, 512, 512, 512, 1536, 520, 516],
    [1025, 129, 257, 513, 513, 513, 549, 547, 33, 529, 769, 512, 576, 640, 514, 513, 513, 513],
    [1026, 130, 258, 514, 514, 514, 516, 34, 36, 787, 787, 514, 640, 576, 513, 514, 514, 514],
    [1027, 131, 259, 515, 515, 515, 517, 35, 37, 515, 515, 515, 704, 704, 515, 1539, 523, 519],
    [1028, 132, 260, 516, 516, 516, 36, 514, 34, 789, 789, 516, 516, 516, 516, 520, 1536, 512],
    [1029, 133, 261, 517, 517, 517, 37, 515, 35, 517, 517, 517, 580, 644, 518, 1545, 1545, 517],
    [1030, 134, 262, 518, 518, 518, 4, 2, 38, 775, 535, 519, 644, 580, 517, 1546, 1546, 518],
    [1031, 135, 263, 519, 519, 519, 5, 3, 39, 535, 775, 518, 708, 708, 519, 523, 1539, 515],
    [1032, 136, 264, 544, 528, 576, 556, 554, 40, 793, 793, 520, 520, 520, 520, 512, 516, 1536],
    [1033, 137, 265, 545, 529, 577, 557, 555, 41, 521, 521, 521, 584, 648, 522, 1537, 525, 1541],
    [1034, 138, 266, 546, 530, 578, 524, 42, 44, 779, 539, 523, 648, 584, 521, 1538, 526, 1542],
    [1035, 139, 267, 547, 531, 579, 525, 43, 45, 539, 779, 522, 712, 712, 523, 515, 519, 1539],
    [1036, 140, 268, 548, 532, 580, 44, 522, 42, 781, 541, 525, 524, 524, 524, 1544, 1548, 1540],
    [1037, 141, 269, 549, 533, 581, 45, 523, 43, 541, 781, 524, 588, 652, 526, 521, 1541, 1537],
    [1038, 142, 270, 550, 534, 582, 12, 10, 46, 799, 799, 526, 652, 588, 525, 522, 1542, 1538],
    [1039, 143, 271, 551, 535, 583, 13, 11, 47, 527, 527, 527, 716, 716, 527, 1547, 1551, 1543],
    [1040, 144, 272, 520, 576, 544, 564, 562, 48, 784, 785, 768, 528, 528, 528, 528, 528, 528],
    [1041, 145, 273, 521, 577, 545, 565, 563, 49, 512, 513, 769, 592, 656, 530, 1553, 537, 533],
    [1042, 146, 274, 522, 578, 546, 532, 50, 52, 770, 531, 771, 656, 592, 529, 1554, 538, 534],
    [1043, 147, 275, 523, 579, 547, 533, 51, 53, 530, 771, 770, 720, 720, 531, 531, 531, 531],
    [1044, 148, 276, 524, 580, 548, 52, 530, 50, 772, 533, 773, 532, 532, 532, 1560, 1560, 532],
    [1045, 149, 277, 525, 581, 549, 53, 531, 51, 532, 773, 772, 596, 660, 534, 537, 1553, 529],
    [1046, 150, 278, 526, 582, 550, 20, 18, 54, 790, 791, 774, 660, 596, 533, 538, 1554, 530],
    [1047, 151, 279, 527, 583, 551, 21, 19, 55, 518, 519, 775, 724, 724, 535, 1563, 1563, 535],
    [1048, 152, 280, 552, 592, 608, 572, 570, 56, 776, 537, 777, 536, 536, 536, 1552, 540, 1556],
    [1049, 153, 281, 553, 593, 609, 573, 571, 57, 536, 777, 776, 600, 664, 538, 529, 533, 1553],
    [1050, 154, 282, 554, 594, 610, 540, 58, 60, 794, 795, 778, 664, 600, 537, 530, 534, 1554],
    [1051, 155, 283, 555, 595, 611, 541, 59, 61, 522, 523, 779, 728, 728, 539, 1555, 543, 1559],
    [1052, 156, 284, 556, 596, 612, 60, 538, 58, 796, 797, 780, 540, 540, 540, 536, 1556, 1552],
    [1053, 157, 285, 557, 597, 613, 61, 539, 59, 524, 525, 781, 604, 668, 542, 1561, 1565, 1557],
    [1054, 158, 286, 558, 598, 614, 28, 26, 62, 782, 543, 783, 668, 604, 541, 1562, 1566, 1558],
    [1055, 159, 287, 559, 599, 615, 29, 27, 63, 542, 783, 782, 732, 732, 543, 539, 1559, 1555],
    [1056, 160, 288, 576, 520, 528, 544, 544, 544, 817, 817, 544, 544, 544, 544, 544, 544, 544],
    [1057, 161, 289, 577, 521, 529, 545, 545, 545, 545, 545, 545, 608, 672, 546, 1569, 553, 549],
    [1058, 162, 290, 578, 522, 530, 512, 32, 548, 803, 563, 547, 672, 608, 545, 1570, 554, 550],
    [1059, 163, 291, 579, 523, 531, 513, 33, 549, 563, 803, 546, 736, 736, 547, 547, 547, 547],
    [1060, 164, 292, 580, 524, 532, 32, 512, 546, 805, 565, 549, 548, 548, 548, 1576, 1576, 548],
    [1061, 165, 293, 581, 525, 533, 33, 513, 547, 565, 805, 548, 612, 676, 550, 553, 1569, 545],
    [1062, 166, 294, 582, 526, 534, 0, 0, 550, 823, 823, 550, 676, 612, 549, 554, 1570, 546],
    [1063, 167, 295, 583, 527, 535, 1, 1, 551, 551, 551, 551, 740, 740, 551, 1579, 1579, 551],
    [1064, 168, 296, 608, 536, 592, 552, 552, 552, 809, 569, 553, 552, 552, 552, 1568, 556, 1572],
    [1065, 169, 297, 609, 537, 593, 553, 553, 553, 569, 809, 552, 616, 680, 554, 545, 549, 1569],
    [1066, 170, 298, 610, 538, 594, 520, 40, 556, 827, 827, 554, 680, 616, 553, 546, 550, 1570],
    [1067, 171, 299, 611, 539, 595, 521, 41, 557, 555, 555, 555, 744, 744, 555, 1571, 559, 1575],
    [1068, 172, 300, 612, 540, 596, 40, 520, 554, 829, 829, 556, 556, 556, 556, 552, 1572, 1568],
    [1069, 173, 301, 613, 541, 597, 41, 521, 555, 557, 557, 557, 620, 684, 558, 1577, 1581, 1573],
    [1070, 174, 302, 614, 542, 598, 8, 8, 558, 815, 575, 559, 684, 620, 557, 1578, 1582, 1574],
    [1071, 175, 303, 615, 543, 599, 9, 9, 559, 575, 815, 558, 748, 748, 559, 555, 1575, 1571],
    [1072, 176, 304, 584, 584, 560, 560, 560, 560, 800, 561, 801, 560, 560, 560, 1584, 568, 564],
    [1073, 177, 305, 585, 585, 561, 561, 561, 561, 560, 801, 800, 624, 688, 562, 561, 561, 561],
    [1074, 178, 306, 586, 586, 562, 528, 48, 564, 818, 819, 802, 688, 624, 561, 562, 562, 562],
    [1075, 179, 307, 587, 587, 563, 529, 49, 565, 546, 547, 803, 752, 752, 563, 1587, 571, 567],
    [1076, 180, 308, 588, 588, 564, 48, 528, 562, 820, 821, 804, 564, 564, 564, 568, 1584, 560],
    [1077, 181, 309, 589, 589, 565, 49, 529, 563, 548, 549, 805, 628, 692, 566, 1593, 1593, 565],
    [1078, 182, 310, 590, 590, 566, 16, 16, 566, 806, 567, 807, 692, 628, 565, 1594, 1594, 566],
    [1079, 183, 311, 591, 591, 567, 17, 17, 567, 566, 807, 806, 756, 756, 567, 571, 1587, 563],
    [1080, 184, 312, 616, 600, 624, 568, 568, 568, 824, 825, 808, 568, 568, 568, 560, 564, 1584],
    [1081, 185, 313, 617, 601, 625, 569, 569, 569, 552, 553, 809, 632, 696, 570, 1585, 573, 1589],
    [1082, 186, 314, 618, 602, 626, 536, 56, 572, 810, 571, 811, 696, 632, 569, 1586, 574, 1590],
    [1083, 187, 315, 619, 603, 627, 537, 57, 573, 570, 811, 810, 760, 760, 571, 563, 567, 1587],
    [1084, 188, 316, 620, 604, 628, 56, 536, 570, 812, 573, 813, 572, 572, 572, 1592, 1596, 1588],
    [1085, 189, 317, 621, 605, 629, 57, 537, 571, 572, 813, 812, 636, 700, 574, 569, 1589, 1585],
    [1086, 190, 318, 622, 606, 630, 24, 24, 574, 830, 831, 814, 700, 636, 573, 570, 1590, 1586],
    [1087, 191, 319, 623, 607, 631, 25, 25, 575, 558, 559, 815, 764, 764, 575, 1595, 1599, 1591],
    [1088, 192, 320, 528, 544, 520, 612, 610, 96, 849, 849, 576, 514, 513, 640, 576, 576, 576],
    [1089, 193, 321, 529, 545, 521, 613, 611, 97, 577, 577, 577, 578, 641, 642, 1601, 585, 581],
    [1090, 194, 322, 530, 546, 522, 580, 98, 100, 835, 595, 579, 642, 577, 641, 1602, 586, 582],
    [1091, 195, 323, 531, 547, 523, 581, 99, 101, 595, 835, 578, 706, 705, 643, 579, 579, 579],
    [1092, 196, 324, 532, 548, 524, 100, 578, 98, 837, 597, 581, 518, 517, 644, 1608, 1608, 580],
    [1093, 197, 325, 533, 549, 525, 101, 579, 99, 597, 837, 580, 582, 645, 646, 585, 1601, 577],
    [1094, 198, 326, 534, 550, 526, 68, 66, 102, 855, 855, 582, 646, 581, 645, 586, 1602, 578],
    [1095, 199, 327, 535, 551, 527, 69, 67, 103, 583, 583, 583, 710, 709, 647, 1611, 1611, 583],
    [1096, 200, 328, 560, 560, 584, 620, 618, 104, 841, 601, 585, 522, 521, 648, 1600, 588, 1604],
    [1097, 201, 329, 561, 561, 585, 621, 619, 105, 601, 841, 584, 586, 649, 650, 577, 581, 1601],
    [1098, 202, 330, 562, 562, 586, 588, 106, 108, 859, 859, 586, 650, 585, 649, 578, 582, 1602],
    [1099, 203, 331, 563, 563, 587, 589, 107, 109, 587, 587, 587, 714, 713, 651, 1603, 591, 1607],
    [1100, 204, 332, 564, 564, 588, 108, 586, 106, 861, 861, 588, 526, 525, 652, 584, 1604, 1600],
    [1101, 205, 333, 565, 565, 589, 109, 587, 107, 589, 589, 589, 590, 653, 654, 1609, 1613, 1605],
    [1102, 206, 334, 566, 566, 590, 76, 74, 110, 847, 607, 591, 654, 589, 653, 1610, 1614, 1606],
    [1103, 207, 335, 567, 567, 591, 77, 75, 111, 607, 847, 590, 718, 717, 655, 587, 1607, 1603],
    [1104, 208, 336, 536, 608, 552, 628, 626, 112, 832, 593, 833, 530, 529, 656, 1616, 600, 596],
    [1105, 209, 337, 537, 609, 553, 629, 627, 113, 592, 833, 832, 594, 657, 658, 593, 593, 593],
    [1106, 210, 338, 538, 610, 554, 596, 114, 116, 850, 851, 834, 658, 593, 657, 594, 594, 594],
    [1107, 211, 339, 539, 611, 555, 597, 115, 117, 578, 579, 835, 722, 721, 659, 1619, 603, 599],
    [1108, 212, 340, 540, 612, 556, 116, 594, 114, 852, 853, 836, 534, 533, 660, 600, 1616, 592],
    [1109, 213, 341, 541, 613, 557, 117, 595, 115, 580, 581, 837, 598, 661, 662, 1625, 1625, 597],
    [1110, 214, 342, 542, 614, 558, 84, 82, 118, 838, 599, 839, 662, 597, 661, 1626, 1626, 598],
    [1111, 215, 343, 543, 615, 559, 85, 83, 119, 598, 839, 838, 726, 725, 663, 603, 1619, 595],
    [1112, 216, 344, 568, 624, 616, 636, 634, 120, 856, 857, 840, 538, 537, 664, 592, 596, 1616],
    [1113, 217, 345, 569, 625, 617, 637, 635, 121, 584, 585, 841, 602, 665, 666, 1617, 605, 1621],
    [1114, 218, 346, 570, 626, 618, 604, 122, 124, 842, 603, 843, 666, 601, 665, 1618, 606, 1622],
    [1115, 219, 347, 571, 627, 619, 605, 123, 125, 602, 843, 842, 730, 729, 667, 595, 599, 1619],
    [1116, 220, 348, 572, 628, 620, 124, 602, 122, 844, 605, 845, 542, 541, 668, 1624, 1628, 1620],
    [1117, 221, 349, 573, 629, 621, 125, 603, 123, 604, 845, 844, 606, 669, 670, 601, 1621, 1617],
    [1118, 222, 350, 574, 630, 622, 92, 90, 126, 862, 863, 846, 670, 605, 669, 602, 1622, 1618],
    [1119, 223, 351, 575, 631, 623, 93, 91, 127, 590, 591, 847, 734, 733, 671, 1627, 1631, 1623],
    [1120, 224, 352, 592, 552, 536, 608, 608, 608, 865, 625, 609, 546, 545, 672, 1632, 616, 612],
    [1121, 225, 353, 593, 553, 537, 609, 609, 609, 625, 865, 608, 610, 673, 674, 609, 609, 609],
    [1122, 226, 354, 594, 554, 538, 576, 96, 612, 883, 883, 610, 674, 609, 673, 610, 610, 610],
    [1123, 227, 355, 595, 555, 539, 577, 97, 613, 611, 611, 611, 738, 737, 675, 1635, 619, 615],
    [1124, 228, 356, 596, 556, 540, 96, 576, 610, 885, 885, 612, 550, 549, 676, 616, 1632, 608],
    [1125, 229, 357, 597, 557, 541, 97, 577, 611, 613, 613, 613, 614, 677, 678, 1641, 1641, 613],
    [1126, 230, 358, 598, 558, 542, 64, 64, 614, 871, 631, 615, 678, 613, 677, 1642, 1642, 614],
    [1127, 231, 359, 599, 559, 543, 65, 65, 615, 631, 871, 614, 742, 741, 679, 619, 1635, 611],
    [1128, 232, 360, 624, 568, 600, 616, 616, 616, 889, 889, 616, 554, 553, 680, 608, 612, 1632],
    [1129, 233, 361, 625, 569, 601, 617, 617, 617, 617, 617, 617, 618, 681, 682, 1633, 621, 1637],
    [1130, 234, 362, 626, 570, 602, 584, 104, 620, 875, 635, 619, 682, 617, 681, 1634, 622, 1638],
    [1131, 235, 363, 627, 571, 603, 585, 105, 621, 635, 875, 618, 746, 745, 683, 611, 615, 1635],
    [1132, 236, 364, 628, 572, 604, 104, 584, 618, 877, 637, 621, 558, 557, 684, 1640, 1644, 1636],
    [1133, 237, 365, 629, 573, 605, 105, 585, 619, 637, 877, 620, 622, 685, 686, 617, 1637, 1633],
    [1134, 238, 366, 630, 574, 606, 72, 72, 622, 895, 895, 622, 686, 621, 685, 618, 1638, 1634],
    [1135, 239, 367, 631, 575, 607, 73, 73, 623, 623, 623, 623, 750, 749, 687, 1643, 1647, 1639],
    [1136, 240, 368, 600, 616, 568, 624, 624, 624, 880, 881, 864, 562, 561, 688, 624, 624, 624],
    [1137, 241, 369, 601, 617, 569, 625, 625, 625, 608, 609, 865, 626, 689, 690, 1649, 633, 629],
    [1138, 242, 370, 602, 618, 570, 592, 112, 628, 866, 627, 867, 690, 625, 689, 1650, 634, 630],
    [1139, 243, 371, 603, 619, 571, 593, 113, 629, 626, 867, 866, 754, 753, 691, 627, 627, 627],
    [1140, 244, 372, 604, 620, 572, 112, 592, 626, 868, 629, 869, 566, 565, 692, 1656, 1656, 628],
    [1141, 245, 373, 605, 621, 573, 113, 593, 627, 628, 869, 868, 630, 693, 694, 633, 1649, 625],
    [1142, 246, 374, 606, 622, 574, 80, 80, 630, 886, 887, 870, 694, 629, 693, 634, 1650, 626],
    [1143, 247, 375, 607, 623, 575, 81, 81, 631, 614, 615, 871, 758, 757, 695, 1659, 1659, 631],
    [1144, 248, 376, 632, 632, 632, 632, 632, 632, 872, 633, 873, 570, 569, 696, 1648, 636, 1652],
    [1145, 249, 377, 633, 633, 633, 633, 633, 633, 632, 873, 872, 634, 697, 698, 625, 629, 1649],
    [1146, 250, 378, 634, 634, 634, 600, 120, 636, 890, 891, 874, 698, 633, 697, 626, 630, 1650],
    [1147, 251, 379, 635, 635, 635, 601, 121, 637, 618, 619, 875, 762, 761, 699, 1651, 639, 1655],
    [1148, 252, 380, 636, 636, 636, 120, 600, 634, 892, 893, 876, 574, 573, 700, 632, 1652, 1648],
    [1149, 253, 381, 637, 637, 637, 121, 601, 635, 620, 621, 877, 638, 701, 702, 1657, 1661, 1653],
    [1150, 254, 382, 638, 638, 638, 88, 88, 638, 878, 639, 879, 702, 637, 701, 1658, 1662, 1654],
    [1151, 255, 383, 639, 639, 639, 89, 89, 639, 638, 879, 878, 766, 765, 703, 635, 1655, 1651],
    [1536, 384, 1280, 640, 640, 640, 676, 674, 160, 913, 913, 640, 513, 514, 576, 640, 640, 640],
    [1537, 385, 1281, 641, 641, 641, 677, 675, 161, 641, 641, 641, 577, 642, 578, 1665, 649, 645],
    [1538, 386, 1282, 642, 642, 642, 644, 162, 164, 899, 659, 643, 641, 578, 577, 1666, 650, 646],
    [1539, 387, 1283, 643, 643, 643, 645, 163, 165, 659, 899, 642, 705, 706, 579, 643, 643, 643],
    [1540, 388, 1284, 644, 644, 644, 164, 642, 162, 901, 661, 645, 517, 518, 580, 1672, 1672, 644],
    [1541, 389, 1285, 645, 645, 645, 165, 643, 163, 661, 901, 644, 581, 646, 582, 649, 1665, 641],
    [1542, 390, 1286, 646, 646, 646, 132, 130, 166, 919, 919, 646, 645, 582, 581, 650, 1666, 642],
    [1543, 391, 1287, 647, 647, 647, 133, 131, 167, 647, 647, 647, 709, 710, 583, 1675, 1675, 647],
    [1544, 392, 1288, 672, 656, 704, 684, 682, 168, 905, 665, 649, 521, 522, 584, 1664, 652, 1668],
    [1545, 393, 1289, 673, 657, 705, 685, 683, 169, 665, 905, 648, 585, 650, 586, 641, 645, 1665],
    [1546, 394, 1290, 674, 658, 706, 652, 170, 172, 923, 923, 650, 649, 586, 585, 642, 646, 1666],
    [1547, 395, 1291, 675, 659, 707, 653, 171, 173, 651, 651, 651, 713, 714, 587, 1667, 655, 1671],
    [1548, 396, 1292, 676, 660, 708, 172, 650, 170, 925, 925, 652, 525, 526, 588, 648, 1668, 1664],
    [1549, 397, 1293, 677, 661, 709, 173, 651, 171, 653, 653, 653, 589, 654, 590, 1673, 1677, 1669],
    [1550, 398, 1294, 678, 662, 710, 140, 138, 174, 911, 671, 655, 653, 590, 589, 1674, 1678, 1670],
    [1551, 399, 1295, 679, 663, 711, 141, 139, 175, 671, 911, 654, 717, 718, 591, 651, 1671, 1667],
    [1552, 400, 1296, 648, 704, 672, 692, 690, 176, 896, 657, 897, 529, 530, 592, 1680, 664, 660],
    [1553, 401, 1297, 649, 705, 673, 693, 691, 177, 656, 897, 896, 593, 658, 594, 657, 657, 657],
    [1554, 402, 1298, 650, 706, 674, 660, 178, 180, 914, 915, 898, 657, 594, 593, 658, 658, 658],
    [1555, 403, 1299, 651, 707, 675, 661, 179, 181, 642, 643, 899, 721, 722, 595, 1683, 667, 663],
    [1556, 404, 1300, 652, 708, 676, 180, 658, 178, 916, 917, 900, 533, 534, 596, 664, 1680, 656],
    [1557, 405, 1301, 653, 709, 677, 181, 659, 179, 644, 645, 901, 597, 662, 598, 1689, 1689, 661],
    [1558, 406, 1302, 654, 710, 678, 148, 146, 182, 902, 663, 903, 661, 598, 597, 1690, 1690, 662],
    [1559, 407, 1303, 655, 711, 679, 149, 147, 183, 662, 903, 902, 725, 726, 599, 667, 1683, 659],
    [1560, 408, 1304, 680, 720, 736, 700, 698, 184, 920, 921, 904, 537, 538, 600, 656, 660, 1680],
    [1561, 409, 1305, 681, 721, 737, 701, 699, 185, 648, 649, 905, 601, 666, 602, 1681, 669, 1685],
    [1562, 410, 1306, 682, 722, 738, 668, 186, 188, 906, 667, 907, 665, 602, 601, 1682, 670, 1686],
    [1563, 411, 1307, 683, 723, 739, 669, 187, 189, 666, 907, 906, 729, 730, 603, 659, 663, 1683],
    [1564, 412, 1308, 684, 724, 740, 188, 666, 186, 908, 669, 909, 541, 542, 604, 1688, 1692, 1684],
    [1565, 413, 1309, 685, 725, 741, 189, 667, 187, 668, 909, 908, 605, 670, 606, 665, 1685, 1681],
    [1566, 414, 1310, 686, 726, 742, 156, 154, 190, 926, 927, 910, 669, 606, 605, 666, 1686, 1682],
    [1567, 415, 1311, 687, 727, 743, 157, 155, 191, 654, 655, 911, 733, 734, 607, 1691, 1695, 1687],
    [1568, 416, 1312, 704, 648, 656, 672, 672, 672, 929, 689, 673, 545, 546, 608, 1696, 680, 676],
    [1569, 417, 1313, 705, 649, 657, 673, 673, 673, 689, 929, 672, 609, 674, 610, 673, 673, 673],
    [1570, 418, 1314, 706, 650, 658, 640, 160, 676, 947, 947, 674, 673, 610, 609, 674, 674, 674],
    [1571, 419, 1315, 707, 651, 659, 641, 161, 677, 675, 675, 675, 737, 738, 611, 1699, 683, 679],
    [1572, 420, 1316, 708, 652, 660, 160, 640, 674, 949, 949, 676, 549, 550, 612, 680, 1696, 672],
    [1573, 421, 1317, 709, 653, 661, 161, 641, 675, 677, 677, 677, 613, 678, 614, 1705, 1705, 677],
    [1574, 422, 1318, 710, 654, 662, 128, 128, 678, 935, 695, 679, 677, 614, 613, 1706, 1706, 678],
    [1575, 423, 1319, 711, 655, 663, 129, 129, 679, 695, 935, 678, 741, 742, 615, 683, 1699, 675],
    [1576, 424, 1320, 736, 664, 720, 680, 680, 680, 953, 953, 680, 553, 554, 616, 672, 676, 1696],
    [1577, 425, 1321, 737, 665, 721, 681, 681, 681, 681, 681, 681, 617, 682, 618, 1697, 685, 1701],
    [1578, 426, 1322, 738, 666, 722, 648, 168, 684, 939, 699, 683, 681, 618, 617, 1698, 686, 1702],
    [1579, 427, 1323, 739, 667, 723, 649, 169, 685, 699, 939, 682, 745, 746, 619, 675, 679, 1699],
    [1580, 428, 1324, 740, 668, 724, 168, 648, 682, 941, 701, 685, 557, 558, 620, 1704, 1708, 1700],
    [1581, 429, 1325, 741, 669, 725, 169, 649, 683, 701, 941, 684, 621, 686, 622, 681, 1701, 1697],
    [1582, 430, 1326, 742, 670, 726, 136, 136, 686, 959, 959, 686, 685, 622, 621, 682, 1702, 1698],
    [1583, 431, 1327, 743, 671, 727, 137, 137, 687, 687, 687, 687, 749, 750, 623, 1707, 1711, 1703],
    [1584, 432, 1328, 712, 712, 688, 688, 688, 688, 944, 945, 928, 561, 562, 624, 688, 688, 688],
    [1585, 433, 1329, 713, 713, 689, 689, 689, 689, 672, 673, 929, 625, 690, 626, 1713, 697, 693],
    [1586, 434, 1330, 714, 714, 690, 656, 176, 692, 930, 691, 931, 689, 626, 625, 1714, 698, 694],
    [1587, 435, 1331, 715, 715, 691, 657, 177, 693, 690, 931, 930, 753, 754, 627, 691, 691, 691],
    [1588, 436, 1332, 716, 716, 692, 176, 656, 690, 932, 693, 933, 565, 566, 628, 1720, 1720, 692],
    [1589, 437, 1333, 717, 717, 693, 177, 657, 691, 692, 933, 932, 629, 694, 630, 697, 1713, 689],
    [1590, 438, 1334, 718, 718, 694, 144, 144, 694, 950, 951, 934, 693, 630, 629, 698, 1714, 690],
    [1591, 439, 1335, 719, 719, 695, 145, 145, 695, 678, 679, 935, 757, 758, 631, 1723, 1723, 695],
    [1592, 440, 1336, 744, 728, 752, 696, 696, 696, 936, 697, 937, 569, 570, 632, 1712, 700, 1716],
    [1593, 441, 1337, 745, 729, 753, 697, 697, 697, 696, 937, 936, 633, 698, 634, 689, 693, 1713],
    [1594, 442, 1338, 746, 730, 754, 664, 184, 700, 954, 955, 938, 697, 634, 633, 690, 694, 1714],
    [1595, 443, 1339, 747, 731, 755, 665, 185, 701, 682, 683, 939, 761, 762, 635, 1715, 703, 1719],
    [1596, 444, 1340, 748, 732, 756, 184, 664, 698, 956, 957, 940, 573, 574, 636, 696, 1716, 1712],
    [1597, 445, 1341, 749, 733, 757, 185, 665, 699, 684, 685, 941, 637, 702, 638, 1721, 1725, 1717],
    [1598, 446, 1342, 750, 734, 758, 152, 152, 702, 942, 703, 943, 701, 638, 637, 1722, 1726, 1718],
    [1599, 447, 1343, 751, 735, 759, 153, 153, 703, 702, 943, 942, 765, 766, 639, 699, 1719, 1715],
    [1600, 448, 1344, 656, 672, 648, 740, 738, 224, 961, 721, 705, 515, 515, 704, 1728, 712, 708],
    [1601, 449, 1345, 657, 673, 649, 741, 739, 225, 721, 961, 704, 579, 643, 706, 705, 705, 705],
    [1602, 450, 1346, 658, 674, 650, 708, 226, 228, 979, 979, 706, 643, 579, 705, 706, 706, 706],
    [1603, 451, 1347, 659, 675, 651, 709, 227, 229, 707, 707, 707, 707, 707, 707, 1731, 715, 711],
    [1604, 452, 1348, 660, 676, 652, 228, 706, 226, 981, 981, 708, 519, 519, 708, 712, 1728, 704],
    [1605, 453, 1349, 661, 677, 653, 229, 707, 227, 709, 709, 709, 583, 647, 710, 1737, 1737, 709],
    [1606, 454, 1350, 662, 678, 654, 196, 194, 230, 967, 727, 711, 647, 583, 709, 1738, 1738, 710],
    [1607, 455, 1351, 663, 679, 655, 197, 195, 231, 727, 967, 710, 711, 711, 711, 715, 1731, 707],
    [1608, 456, 1352, 688, 688, 712, 748, 746, 232, 985, 985, 712, 523, 523, 712, 704, 708, 1728],
    [1609, 457, 1353, 689, 689, 713, 749, 747, 233, 713, 713, 713, 587, 651, 714, 1729, 717, 1733],
    [1610, 458, 1354, 690, 690, 714, 716, 234, 236, 971, 731, 715, 651, 587, 713, 1730, 718, 1734],
    [1611, 459, 1355, 691, 691, 715, 717, 235, 237, 731, 971, 714, 715, 715, 715, 707, 711, 1731],
    [1612, 460, 1356, 692, 692, 716, 236, 714, 234, 973, 733, 717, 527, 527, 716, 1736, 1740, 1732],
    [1613, 461, 1357, 693, 693, 717, 237, 715, 235, 733, 973, 716, 591, 655, 718, 713, 1733, 1729],
    [1614, 462, 1358, 694, 694, 718, 204, 202, 238, 991, 991, 718, 655, 591, 717, 714, 1734, 1730],
    [1615, 463, 1359, 695, 695, 719, 205, 203, 239, 719, 719, 719, 719, 719, 719, 1739, 1743, 1735],
    [1616, 464, 1360, 664, 736, 680, 756, 754, 240, 976, 977, 960, 531, 531, 720, 720, 720, 720],
    [1617, 465, 1361, 665, 737, 681, 757, 755, 241, 704, 705, 961, 595, 659, 722, 1745, 729, 725],
    [1618, 466, 1362, 666, 738, 682, 724, 242, 244, 962, 723, 963, 659, 595, 721, 1746, 730, 726],
    [1619, 467, 1363, 667, 739, 683, 725, 243, 245, 722, 963, 962, 723, 723, 723, 723, 723, 723],
    [1620, 468, 1364, 668, 740, 684, 244, 722, 242, 964, 725, 965, 535, 535, 724, 1752, 1752, 724],
    [1621, 469, 1365, 669, 741, 685, 245, 723, 243, 724, 965, 964, 599, 663, 726, 729, 1745, 721],
    [1622, 470, 1366, 670, 742, 686, 212, 210, 246, 982, 983, 966, 663, 599, 725, 730, 1746, 722],
    [1623, 471, 1367, 671, 743, 687, 213, 211, 247, 710, 711, 967, 727, 727, 727, 1755, 1755, 727],
    [1624, 472, 1368, 696, 752, 744, 764, 762, 248, 968, 729, 969, 539, 539, 728, 1744, 732, 1748],
    [1625, 473, 1369, 697, 753, 745, 765, 763, 249, 728, 969, 968, 603, 667, 730, 721, 725, 1745],
    [1626, 474, 1370, 698, 754, 746, 732, 250, 252, 986, 987, 970, 667, 603, 729, 722, 726, 1746],
    [1627, 475, 1371, 699, 755, 747, 733, 251, 253, 714, 715, 971, 731, 731, 731, 1747, 735, 1751],
    [1628, 476, 1372, 700, 756, 748, 252, 730, 250, 988, 989, 972, 543, 543, 732, 728, 1748, 1744],
    [1629, 477, 1373, 701, 757, 749, 253, 731, 251, 716, 717, 973, 607, 671, 734, 1753, 1757, 1749],
    [1630, 478, 1374, 702, 758, 750, 220, 218, 254, 974, 735, 975, 671, 607, 733, 1754, 1758, 1750],
    [1631, 479, 1375, 703, 759, 751, 221, 219, 255, 734, 975, 974, 735, 735, 735, 731, 1751, 1747],
    [1632, 480, 1376, 720, 680, 664, 736, 736, 736, 1009, 1009, 736, 547, 547, 736, 736, 736, 736],
    [1633, 481, 1377, 721, 681, 665, 737, 737, 737, 737, 737, 737, 611, 675, 738, 1761, 745, 741],
    [1634, 482, 1378, 722, 682, 666, 704, 224, 740, 995, 755, 739, 675, 611, 737, 1762, 746, 742],
    [1635, 483, 1379, 723, 683, 667, 705, 225, 741, 755, 995, 738, 739, 739, 739, 739, 739, 739],
    [1636, 484, 1380, 724, 684, 668, 224, 704, 738, 997, 757, 741, 551, 551, 740, 1768, 1768, 740],
    [1637, 485, 1381, 725, 685, 669, 225, 705, 739, 757, 997, 740, 615, 679, 742, 745, 1761, 737],
    [1638, 486, 1382, 726, 686, 670, 192, 192, 742, 1015, 1015, 742, 679, 615, 741, 746, 1762, 738],
    [1639, 487, 1383, 727, 687, 671, 193, 193, 743, 743, 743, 743, 743, 743, 743, 1771, 1771, 743],
    [1640, 488, 1384, 752, 696, 728, 744, 744, 744, 1001, 761, 745, 555, 555, 744, 1760, 748, 1764],
    [1641, 489, 1385, 753, 697, 729, 745, 745, 745, 761, 1001, 744, 619, 683, 746, 737, 741, 1761],
    [1642, 490, 1386, 754, 698, 730, 712, 232, 748, 1019, 1019, 746, 683, 619, 745, 738, 742, 1762],
    [1643, 491, 1387, 755, 699, 731, 713, 233, 749, 747, 747, 747, 747, 747, 747, 1763, 751, 1767],
    [1644, 492, 1388, 756, 700, 732, 232, 712, 746, 1021, 1021, 748, 559, 559, 748, 744, 1764, 1760],
    [1645, 493, 1389, 757, 701, 733, 233, 713, 747, 749, 749, 749, 623, 687, 750, 1769, 1773, 1765],
    [1646, 494, 1390, 758, 702, 734, 200, 200, 750, 1007, 767, 751, 687, 623, 749, 1770, 1774, 1766],
    [1647, 495, 1391, 759, 703, 735, 201, 201, 751, 767, 1007, 750, 751, 751, 751, 747, 1767, 1763],
    [1648, 496, 1392, 728, 744, 696, 752, 752, 752, 992, 753, 993, 563, 563, 752, 1776, 760, 756],
    [1649, 497, 1393, 729, 745, 697, 753, 753, 753, 752, 993, 992, 627, 691, 754, 753, 753, 753],
    [1650, 498, 1394, 730, 746, 698, 720, 240, 756, 1010, 1011, 994, 691, 627, 753, 754, 754, 754],
    [1651, 499, 1395, 731, 747, 699, 721, 241, 757, 738, 739, 995, 755, 755, 755, 1779, 763, 759],
    [1652, 500, 1396, 732, 748, 700, 240, 720, 754, 1012, 1013, 996, 567, 567, 756, 760, 1776, 752],
    [1653, 501, 1397, 733, 749, 701, 241, 721, 755, 740, 741, 997, 631, 695, 758, 1785, 1785, 757],
    [1654, 502, 1398, 734, 750, 702, 208, 208, 758, 998, 759, 999, 695, 631, 757, 1786, 1786, 758],
    [1655, 503, 1399, 735, 751, 703, 209, 209, 759, 758, 999, 998, 759, 759, 759, 763, 1779, 755],
    [1656, 504, 1400, 760, 760, 760, 760, 760, 760, 1016, 1017, 1000, 571, 571, 760, 752, 756, 1776],
    [1657, 505, 1401, 761, 761, 761, 761, 761, 761, 744, 745, 1001, 635, 699, 762, 1777, 765, 1781],
    [1658, 506, 1402, 762, 762, 762, 728, 248, 764, 1002, 763, 1003, 699, 635, 761, 1778, 766, 1782],
    [1659, 507, 1403, 763, 763, 763, 729, 249, 765, 762, 1003, 1002, 763, 763, 763, 755, 759, 1779],
    [1660, 508, 1404, 764, 764, 764, 248, 728, 762, 1004, 765, 1005, 575, 575, 764, 1784, 1788, 1780],
    [1661, 509, 1405, 765, 765, 765, 249, 729, 763, 764, 1005, 1004, 639, 703, 766, 761, 1781, 1777],
    [1662, 510, 1406, 766, 766, 766, 216, 216, 766, 1022, 1023, 1006, 703, 639, 765, 762, 1782, 1778],
    [1663, 511, 1407, 767, 767, 767, 217, 217, 767, 750, 751, 1007, 767, 767, 767, 1787, 1791, 1783],
    [1152, 1152, 768, 768, 768, 768, 804, 802, 288, 785, 784, 528, 768, 768, 768, 768, 768, 768],
    [1153, 1153, 769, 769, 769, 769, 805, 803, 289, 513, 512, 529, 832, 896, 770, 1793, 777, 773],
    [1154, 1154, 770, 770, 770, 770, 772, 290, 292, 771, 530, 531, 896, 832, 769, 1794, 778, 774],
    [1155, 1155, 771, 771, 771, 771, 773, 291, 293, 531, 770, 530, 960, 960, 771, 771, 771, 771],
    [1156, 1156, 772, 772, 772, 772, 292, 770, 290, 773, 532, 533, 772, 772, 772, 1800, 1800, 772],
    [1157, 1157, 773, 773, 773, 773, 293, 771, 291, 533, 772, 532, 836, 900, 774, 777, 1793, 769],
    [1158, 1158, 774, 774, 774, 774, 260, 258, 294, 791, 790, 534, 900, 836, 773, 778, 1794, 770],
    [1159, 1159, 775, 775, 775, 775, 261, 259, 295, 519, 518, 535, 964, 964, 775, 1803, 1803, 775],
    [1160, 1160, 776, 800, 784, 832, 812, 810, 296, 777, 536, 537, 776, 776, 776, 1792, 780, 1796],
    [1161, 1161, 777, 801, 785, 833, 813, 811, 297, 537, 776, 536, 840, 904, 778, 769, 773, 1793],
    [1162, 1162, 778, 802, 786, 834, 780, 298, 300, 795, 794, 538, 904, 840, 777, 770, 774, 1794],
    [1163, 1163, 779, 803, 787, 835, 781, 299, 301, 523, 522, 539, 968, 968, 779, 1795, 783, 1799],
    [1164, 1164, 780, 804, 788, 836, 300, 778, 298, 797, 796, 540, 780, 780, 780, 776, 1796, 1792],
    [1165, 1165, 781, 805, 789, 837, 301, 779, 299, 525, 524, 541, 844, 908, 782, 1801, 1805, 1797],
    [1166, 1166, 782, 806, 790, 838, 268, 266, 302, 783, 542, 543, 908, 844, 781, 1802, 1806, 1798],
    [1167, 1167, 783, 807, 791, 839, 269, 267, 303, 543, 782, 542, 972, 972, 783, 779, 1799, 1795],
    [1168, 1168, 784, 776, 832, 800, 820, 818, 304, 768, 528, 785, 784, 784, 784, 1808, 792, 788],
    [1169, 1169, 785, 777, 833, 801, 821, 819, 305, 528, 768, 784, 848, 912, 786, 785, 785, 785],
    [1170, 1170, 786, 778, 834, 802, 788, 306, 308, 786, 786, 786, 912, 848, 785, 786, 786, 786],
    [1171, 1171, 787, 779, 835, 803, 789, 307, 309, 514, 514, 787, 976, 976, 787, 1811, 795, 791],
    [1172, 1172, 788, 780, 836, 804, 308, 786, 306, 788, 788, 788, 788, 788, 788, 792, 1808, 784],
    [1173, 1173, 789, 781, 837, 805, 309, 787, 307, 516, 516, 789, 852, 916, 790, 1817, 1817, 789],
    [1174, 1174, 790, 782, 838, 806, 276, 274, 310, 774, 534, 791, 916, 852, 789, 1818, 1818, 790],
    [1175, 1175, 791, 783, 839, 807, 277, 275, 311, 534, 774, 790, 980, 980, 791, 795, 1811, 787],
    [1176, 1176, 792, 808, 848, 864, 828, 826, 312, 792, 792, 792, 792, 792, 792, 784, 788, 1808],
    [1177, 1177, 793, 809, 849, 865, 829, 827, 313, 520, 520, 793, 856, 920, 794, 1809, 797, 1813],
    [1178, 1178, 794, 810, 850, 866, 796, 314, 316, 778, 538, 795, 920, 856, 793, 1810, 798, 1814],
    [1179, 1179, 795, 811, 851, 867, 797, 315, 317, 538, 778, 794, 984, 984, 795, 787, 791, 1811],
    [1180, 1180, 796, 812, 852, 868, 316, 794, 314, 780, 540, 797, 796, 796, 796, 1816, 1820, 1812],
    [1181, 1181, 797, 813, 853, 869, 317, 795, 315, 540, 780, 796, 860, 924, 798, 793, 1813, 1809],
    [1182, 1182, 798, 814, 854, 870, 284, 282, 318, 798, 798, 798, 924, 860, 797, 794, 1814, 1810],
    [1183, 1183, 799, 815, 855, 871, 285, 283, 319, 526, 526, 799, 988, 988, 799, 1819, 1823, 1815],
    [1184, 1184, 800, 832, 776, 784, 800, 800, 800, 801, 560, 561, 800, 800, 800, 1824, 808, 804],
    [1185, 1185, 801, 833, 777, 785, 801, 801, 801, 561, 800, 560, 864, 928, 802, 801, 801, 801],
    [1186, 1186, 802, 834, 778, 786, 768, 288, 804, 819, 818, 562, 928, 864, 801, 802, 802, 802],
    [1187, 1187, 803, 835, 779, 787, 769, 289, 805, 547, 546, 563, 992, 992, 803, 1827, 811, 807],
    [1188, 1188, 804, 836, 780, 788, 288, 768, 802, 821, 820, 564, 804, 804, 804, 808, 1824, 800],
    [1189, 1189, 805, 837, 781, 789, 289, 769, 803, 549, 548, 565, 868, 932, 806, 1833, 1833, 805],
    [1190, 1190, 806, 838, 782, 790, 256, 256, 806, 807, 566, 567, 932, 868, 805, 1834, 1834, 806],
    [1191, 1191, 807, 839, 783, 791, 257, 257, 807, 567, 806, 566, 996, 996, 807, 811, 1827, 803],
    [1192, 1192, 808, 864, 792, 848, 808, 808, 808, 825, 824, 568, 808, 808, 808, 800, 804, 1824],
    [1193, 1193, 809, 865, 793, 849, 809, 809, 809, 553, 552, 569, 872, 936, 810, 1825, 813, 1829],
    [1194, 1194, 810, 866, 794, 850, 776, 296, 812, 811, 570, 571, 936, 872, 809, 1826, 814, 1830],
    [1195, 1195, 811, 867, 795, 851, 777, 297, 813, 571, 810, 570, 1000, 1000, 811, 803, 807, 1827],
    [1196, 1196, 812, 868, 796, 852, 296, 776, 810, 813, 572, 573, 812, 812, 812, 1832, 1836, 1828],
    [1197, 1197, 813, 869, 797, 853, 297, 777, 811, 573, 812, 572, 876, 940, 814, 809, 1829, 1825],
    [1198, 1198, 814, 870, 798, 854, 264, 264, 814, 831, 830, 574, 940, 876, 813, 810, 1830, 1826],
    [1199, 1199, 815, 871, 799, 855, 265, 265, 815, 559, 558, 575, 1004, 1004, 815, 1835, 1839, 1831],
    [1200, 1200, 816, 840, 840, 816, 816, 816, 816, 816, 816, 816, 816, 816, 816, 816, 816, 816],
    [1201, 1201, 817, 841, 841, 817, 817, 817, 817, 544, 544, 817, 880, 944, 818, 1841, 825, 821],
    [1202, 1202, 818, 842, 842, 818, 784, 304, 820, 802, 562, 819, 944, 880, 817, 1842, 826, 822],
    [1203, 1203, 819, 843, 843, 819, 785, 305, 821, 562, 802, 818, 1008, 1008, 819, 819, 819, 819],
    [1204, 1204, 820, 844, 844, 820, 304, 784, 818, 804, 564, 821, 820, 820, 820, 1848, 1848, 820],
    [1205, 1205, 821, 845, 845, 821, 305, 785, 819, 564, 804, 820, 884, 948, 822, 825, 1841, 817],
    [1206, 1206, 822, 846, 846, 822, 272, 272, 822, 822, 822, 822, 948, 884, 821, 826, 1842, 818],
    [1207, 1207, 823, 847, 847, 823, 273, 273, 823, 550, 550, 823, 1012, 1012, 823, 1851, 1851, 823],
    [1208, 1208, 824, 872, 856, 880, 824, 824, 824, 808, 568, 825, 824, 824, 824, 1840, 828, 1844],
    [1209, 1209, 825, 873, 857, 881, 825, 825, 825, 568, 808, 824, 888, 952, 826, 817, 821, 1841],
    [1210, 1210, 826, 874, 858, 882, 792, 312, 828, 826, 826, 826, 952, 888, 825, 818, 822, 1842],
    [1211, 1211, 827, 875, 859, 883, 793, 313, 829, 554, 554, 827, 1016, 1016, 827, 1843, 831, 1847],
    [1212, 1212, 828, 876, 860, 884, 312, 792, 826, 828, 828, 828, 828, 828, 828, 824, 1844, 1840],
    [1213, 1213, 829, 877, 861, 885, 313, 793, 827, 556, 556, 829, 892, 956, 830, 1849, 1853, 1845],
    [1214, 1214, 830, 878, 862, 886, 280, 280, 830, 814, 574, 831, 956, 892, 829, 1850, 1854, 1846],
    [1215, 1215, 831, 879, 863, 887, 281, 281, 831, 574, 814, 830, 1020, 1020, 831, 827, 1847, 1843],
    [1216, 1216, 832, 784, 800, 776, 868, 866, 352, 833, 592, 593, 770, 769, 896, 1856, 840, 836],
    [1217, 1217, 833, 785, 801, 777, 869, 867, 353, 593, 832, 592, 834, 897, 898, 833, 833, 833],
    [1218, 1218, 834, 786, 802, 778, 836, 354, 356, 851, 850, 594, 898, 833, 897, 834, 834, 834],
    [1219, 1219, 835, 787, 803, 779, 837, 355, 357, 579, 578, 595, 962, 961, 899, 1859, 843, 839],
    [1220, 1220, 836, 788, 804, 780, 356, 834, 354, 853, 852, 596, 774, 773, 900, 840, 1856, 832],
    [1221, 1221, 837, 789, 805, 781, 357, 835, 355, 581, 580, 597, 838, 901, 902, 1865, 1865, 837],
    [1222, 1222, 838, 790, 806, 782, 324, 322, 358, 839, 598, 599, 902, 837, 901, 1866, 1866, 838],
    [1223, 1223, 839, 791, 807, 783, 325, 323, 359, 599, 838, 598, 966, 965, 903, 843, 1859, 835],
    [1224, 1224, 840, 816, 816, 840, 876, 874, 360, 857, 856, 600, 778, 777, 904, 832, 836, 1856],
    [1225, 1225, 841, 817, 817, 841, 877, 875, 361, 585, 584, 601, 842, 905, 906, 1857, 845, 1861],
    [1226, 1226, 842, 818, 818, 842, 844, 362, 364, 843, 602, 603, 906, 841, 905, 1858, 846, 1862],
    [1227, 1227, 843, 819, 819, 843, 845, 363, 365, 603, 842, 602, 970, 969, 907, 835, 839, 1859],
    [1228, 1228, 844, 820, 820, 844, 364, 842, 362, 845, 604, 605, 782, 781, 908, 1864, 1868, 1860],
    [1229, 1229, 845, 821, 821, 845, 365, 843, 363, 605, 844, 604, 846, 909, 910, 841, 1861, 1857],
    [1230, 1230, 846, 822, 822, 846, 332, 330, 366, 863, 862, 606, 910, 845, 909, 842, 1862, 1858],
    [1231, 1231, 847, 823, 823, 847, 333, 331, 367, 591, 590, 607, 974, 973, 911, 1867, 1871, 1863],
    [1232, 1232, 848, 792, 864, 808, 884, 882, 368, 848, 848, 848, 786, 785, 912, 848, 848, 848],
    [1233, 1233, 849, 793, 865, 809, 885, 883, 369, 576, 576, 849, 850, 913, 914, 1873, 857, 853],
    [1234, 1234, 850, 794, 866, 810, 852, 370, 372, 834, 594, 851, 914, 849, 913, 1874, 858, 854],
    [1235, 1235, 851, 795, 867, 811, 853, 371, 373, 594, 834, 850, 978, 977, 915, 851, 851, 851],
    [1236, 1236, 852, 796, 868, 812, 372, 850, 370, 836, 596, 853, 790, 789, 916, 1880, 1880, 852],
    [1237, 1237, 853, 797, 869, 813, 373, 851, 371, 596, 836, 852, 854, 917, 918, 857, 1873, 849],
    [1238, 1238, 854, 798, 870, 814, 340, 338, 374, 854, 854, 854, 918, 853, 917, 858, 1874, 850],
    [1239, 1239, 855, 799, 871, 815, 341, 339, 375, 582, 582, 855, 982, 981, 919, 1883, 1883, 855],
    [1240, 1240, 856, 824, 880, 872, 892, 890, 376, 840, 600, 857, 794, 793, 920, 1872, 860, 1876],
    [1241, 1241, 857, 825, 881, 873, 893, 891, 377, 600, 840, 856, 858, 921, 922, 849, 853, 1873],
    [1242, 1242, 858, 826, 882, 874, 860, 378, 380, 858, 858, 858, 922, 857, 921, 850, 854, 1874],
    [1243, 1243, 859, 827, 883, 875, 861, 379, 381, 586, 586, 859, 986, 985, 923, 1875, 863, 1879],
    [1244, 1244, 860, 828, 884, 876, 380, 858, 378, 860, 860, 860, 798, 797, 924, 856, 1876, 1872],
    [1245, 1245, 861, 829, 885, 877, 381, 859, 379, 588, 588, 861, 862, 925, 926, 1881, 1885, 1877],
    [1246, 1246, 862, 830, 886, 878, 348, 346, 382, 846, 606, 863, 926, 861, 925, 1882, 1886, 1878],
    [1247, 1247, 863, 831, 887, 879, 349, 347, 383, 606, 846, 862, 990, 989, 927, 859, 1879, 1875],
    [1248, 1248, 864, 848, 808, 792, 864, 864, 864, 881, 880, 624, 802, 801, 928, 864, 864, 864],
    [1249, 1249, 865, 849, 809, 793, 865, 865, 865, 609, 608, 625, 866, 929, 930, 1889, 873, 869],
    [1250, 1250, 866, 850, 810, 794, 832, 352, 868, 867, 626, 627, 930, 865, 929, 1890, 874, 870],
    [1251, 1251, 867, 851, 811, 795, 833, 353, 869, 627, 866, 626, 994, 993, 931, 867, 867, 867],
    [1252, 1252, 868, 852, 812, 796, 352, 832, 866, 869, 628, 629, 806, 805, 932, 1896, 1896, 868],
    [1253, 1253, 869, 853, 813, 797, 353, 833, 867, 629, 868, 628, 870, 933, 934, 873, 1889, 865],
    [1254, 1254, 870, 854, 814, 798, 320, 320, 870, 887, 886, 630, 934, 869, 933, 874, 1890, 866],
    [1255, 1255, 871, 855, 815, 799, 321, 321, 871, 615, 614, 631, 998, 997, 935, 1899, 1899, 871],
    [1256, 1256, 872, 880, 824, 856, 872, 872, 872, 873, 632, 633, 810, 809, 936, 1888, 876, 1892],
    [1257, 1257, 873, 881, 825, 857, 873, 873, 873, 633, 872, 632, 874, 937, 938, 865, 869, 1889],
    [1258, 1258, 874, 882, 826, 858, 840, 360, 876, 891, 890, 634, 938, 873, 937, 866, 870, 1890],
    [1259, 1259, 875, 883, 827, 859, 841, 361, 877, 619, 618, 635, 1002, 1001, 939, 1891, 879, 1895],
    [1260, 1260, 876, 884, 828, 860, 360, 840, 874, 893, 892, 636, 814, 813, 940, 872, 1892, 1888],
    [1261, 1261, 877, 885, 829, 861, 361, 841, 875, 621, 620, 637, 878, 941, 942, 1897, 1901, 1893],
    [1262, 1262, 878, 886, 830, 862, 328, 328, 878, 879, 638, 639, 942, 877, 941, 1898, 1902, 1894],
    [1263, 1263, 879, 887, 831, 863, 329, 329, 879, 639, 878, 638, 1006, 1005, 943, 875, 1895, 1891],
    [1264, 1264, 880, 856, 872, 824, 880, 880, 880, 864, 624, 881, 818, 817, 944, 1904, 888, 884],
    [1265, 1265, 881, 857, 873, 825, 881, 881, 881, 624, 864, 880, 882, 945, 946, 881, 881, 881],
    [1266, 1266, 882, 858, 874, 826, 848, 368, 884, 882, 882, 882, 946, 881, 945, 882, 882, 882],
    [1267, 1267, 883, 859, 875, 827, 849, 369, 885, 610, 610, 883, 1010, 1009, 947, 1907, 891, 887],
    [1268, 1268, 884, 860, 876, 828, 368, 848, 882, 884, 884, 884, 822, 821, 948, 888, 1904, 880],
    [1269, 1269, 885, 861, 877, 829, 369, 849, 883, 612, 612, 885, 886, 949, 950, 1913, 1913, 885],
    [1270, 1270, 886, 862, 878, 830, 336, 336, 886, 870, 630, 887, 950, 885, 949, 1914, 1914, 886],
    [1271, 1271, 887, 863, 879, 831, 337, 337, 887, 630, 870, 886, 1014, 1013, 951, 891, 1907, 883],
    [1272, 1272, 888, 888, 888, 888, 888, 888, 888, 888, 888, 888, 826, 825, 952, 880, 884, 1904],
    [1273, 1273, 889, 889, 889, 889, 889, 889, 889, 616, 616, 889, 890, 953, 954, 1905, 893, 1909],
    [1274, 1274, 890, 890, 890, 890, 856, 376, 892, 874, 634, 891, 954, 889, 953, 1906, 894, 1910],
    [1275, 1275, 891, 891, 891, 891, 857, 377, 893, 634, 874, 890, 1018, 1017, 955, 883, 887, 1907],
    [1276, 1276, 892, 892, 892, 892, 376, 856, 890, 876, 636, 893, 830, 829, 956, 1912, 1916, 1908],
    [1277, 1277, 893, 893, 893, 893, 377, 857, 891, 636, 876, 892, 894, 957, 958, 889, 1909, 1905],
    [1278, 1278, 894, 894, 894, 894, 344, 344, 894, 894, 894, 894, 958, 893, 957, 890, 1910, 1906],
    [1279, 1279, 895, 895, 895, 895, 345, 345, 895, 622, 622, 895, 1022, 1021, 959, 1915, 1919, 1911],
    [1664, 1408, 1792, 896, 896, 896, 932, 930, 416, 897, 656, 657, 769, 770, 832, 1920, 904, 900],
    [1665, 1409, 1793, 897, 897, 897, 933, 931, 417, 657, 896, 656, 833, 898, 834, 897, 897, 897],
    [1666, 1410, 1794, 898, 898, 898, 900, 418, 420, 915, 914, 658, 897, 834, 833, 898, 898, 898],
    [1667, 1411, 1795, 899, 899, 899, 901, 419, 421, 643, 642, 659, 961, 962, 835, 1923, 907, 903],
    [1668, 1412, 1796, 900, 900, 900, 420, 898, 418, 917, 916, 660, 773, 774, 836, 904, 1920, 896],
    [1669, 1413, 1797, 901, 901, 901, 421, 899, 419, 645, 644, 661, 837, 902, 838, 1929, 1929, 901],
    [1670, 1414, 1798, 902, 902, 902, 388, 386, 422, 903, 662, 663, 901, 838, 837, 1930, 1930, 902],
    [1671, 1415, 1799, 903, 903, 903, 389, 387, 423, 663, 902, 662, 965, 966, 839, 907, 1923, 899],
    [1672, 1416, 1800, 928, 912, 960, 940, 938, 424, 921, 920, 664, 777, 778, 840, 896, 900, 1920],
    [1673, 1417, 1801, 929, 913, 961, 941, 939, 425, 649, 648, 665, 841, 906, 842, 1921, 909, 1925],
    [1674, 1418, 1802, 930, 914, 962, 908, 426, 428, 907, 666, 667, 905, 842, 841, 1922, 910, 1926],
    [1675, 1419, 1803, 931, 915, 963, 909, 427, 429, 667, 906, 666, 969, 970, 843, 899, 903, 1923],
    [1676, 1420, 1804, 932, 916, 964, 428, 906, 426, 909, 668, 669, 781, 782, 844, 1928, 1932, 1924],
    [1677, 1421, 1805, 933, 917, 965, 429, 907, 427, 669, 908, 668, 845, 910, 846, 905, 1925, 1921],
    [1678, 1422, 1806, 934, 918, 966, 396, 394, 430, 927, 926, 670, 909, 846, 845, 906, 1926, 1922],
    [1679, 1423, 1807, 935, 919, 967, 397, 395, 431, 655, 654, 671, 973, 974, 847, 1931, 1935, 1927],
    [1680, 1424, 1808, 904, 960, 928, 948, 946, 432, 912, 912, 912, 785, 786, 848, 912, 912, 912],
    [1681, 1425, 1809, 905, 961, 929, 949, 947, 433, 640, 640, 913, 849, 914, 850, 1937, 921, 917],
    [1682, 1426, 1810, 906, 962, 930, 916, 434, 436, 898, 658, 915, 913, 850, 849, 1938, 922, 918],
    [1683, 1427, 1811, 907, 963, 931, 917, 435, 437, 658, 898, 914, 977, 978, 851, 915, 915, 915],
    [1684, 1428, 1812, 908, 964, 932, 436, 914, 434, 900, 660, 917, 789, 790, 852, 1944, 1944, 916],
    [1685, 1429, 1813, 909, 965, 933, 437, 915, 435, 660, 900, 916, 853, 918, 854, 921, 1937, 913],
    [1686, 1430, 1814, 910, 966, 934, 404, 402, 438, 918, 918, 918, 917, 854, 853, 922, 1938, 914],
    [1687, 1431, 1815, 911, 967, 935, 405, 403, 439, 646, 646, 919, 981, 982, 855, 1947, 1947, 919],
    [1688, 1432, 1816, 936, 976, 992, 956, 954, 440, 904, 664, 921, 793, 794, 856, 1936, 924, 1940],
    [1689, 1433, 1817, 937, 977, 993, 957, 955, 441, 664, 904, 920, 857, 922, 858, 913, 917, 1937],
    [1690, 1434, 1818, 938, 978, 994, 924, 442, 444, 922, 922, 922, 921, 858, 857, 914, 918, 1938],
    [1691, 1435, 1819, 939, 979, 995, 925, 443, 445, 650, 650, 923, 985, 986, 859, 1939, 927, 1943],
    [1692, 1436, 1820, 940, 980, 996, 444, 922, 442, 924, 924, 924, 797, 798, 860, 920, 1940, 1936],
    [1693, 1437, 1821, 941, 981, 997, 445, 923, 443, 652, 652, 925, 861, 926, 862, 1945, 1949, 1941],
    [1694, 1438, 1822, 942, 982, 998, 412, 410, 446, 910, 670, 927, 925, 862, 861, 1946, 1950, 1942],
    [1695, 1439, 1823, 943, 983, 999, 413, 411, 447, 670, 910, 926, 989, 990, 863, 923, 1943, 1939],
    [1696, 1440, 1824, 960, 904, 912, 928, 928, 928, 945, 944, 688, 801, 802, 864, 928, 928, 928],
    [1697, 1441, 1825, 961, 905, 913, 929, 929, 929, 673, 672, 689, 865, 930, 866, 1953, 937, 933],
    [1698, 1442, 1826, 962, 906, 914, 896, 416, 932, 931, 690, 691, 929, 866, 865, 1954, 938, 934],
    [1699, 1443, 1827, 963, 907, 915, 897, 417, 933, 691, 930, 690, 993, 994, 867, 931, 931, 931],
    [1700, 1444, 1828, 964, 908, 916, 416, 896, 930, 933, 692, 693, 805, 806, 868, 1960, 1960, 932],
    [1701, 1445, 1829, 965, 909, 917, 417, 897, 931, 693, 932, 692, 869, 934, 870, 937, 1953, 929],
    [1702, 1446, 1830, 966, 910, 918, 384, 384, 934, 951, 950, 694, 933, 870, 869, 938, 1954, 930],
    [1703, 1447, 1831, 967, 911, 919, 385, 385, 935, 679, 678, 695, 997, 998, 871, 1963, 1963, 935],
    [1704, 1448, 1832, 992, 920, 976, 936, 936, 936, 937, 696, 697, 809, 810, 872, 1952, 940, 1956],
    [1705, 1449, 1833, 993, 921, 977, 937, 937, 937, 697, 936, 696, 873, 938, 874, 929, 933, 1953],
    [1706, 1450, 1834, 994, 922, 978, 904, 424, 940, 955, 954, 698, 937, 874, 873, 930, 934, 1954],
    [1707, 1451, 1835, 995, 923, 979, 905, 425, 941, 683, 682, 699, 1001, 1002, 875, 1955, 943, 1959],
    [1708, 1452, 1836, 996, 924, 980, 424, 904, 938, 957, 956, 700, 813, 814, 876, 936, 1956, 1952],
    [1709, 1453, 1837, 997, 925, 981, 425, 905, 939, 685, 684, 701, 877, 942, 878, 1961, 1965, 1957],
    [1710, 1454, 1838, 998, 926, 982, 392, 392, 942, 943, 702, 703, 941, 878, 877, 1962, 1966, 1958],
    [1711, 1455, 1839, 999, 927, 983, 393, 393, 943, 703, 942, 702, 1005, 1006, 879, 939, 1959, 1955],
    [1712, 1456, 1840, 968, 968, 944, 944, 944, 944, 928, 688, 945, 817, 818, 880, 1968, 952, 948],
    [1713, 1457, 1841, 969, 969, 945, 945, 945, 945, 688, 928, 944, 881, 946, 882, 945, 945, 945],
    [1714, 1458, 1842, 970, 970, 946, 912, 432, 948, 946, 946, 946, 945, 882, 881, 946, 946, 946],
    [1715, 1459, 1843, 971, 971, 947, 913, 433, 949, 674, 674, 947, 1009, 1010, 883, 1971, 955, 951],
    [1716, 1460, 1844, 972, 972, 948, 432, 912, 946, 948, 948, 948, 821, 822, 884, 952, 1968, 944],
    [1717, 1461, 1845, 973, 973, 949, 433, 913, 947, 676, 676, 949, 885, 950, 886, 1977, 1977, 949],
    [1718, 1462, 1846, 974, 974, 950, 400, 400, 950, 934, 694, 951, 949, 886, 885, 1978, 1978, 950],
    [1719, 1463, 1847, 975, 975, 951, 401, 401, 951, 694, 934, 950, 1013, 1014, 887, 955, 1971, 947],
    [1720, 1464, 1848, 1000, 984, 1008, 952, 952, 952, 952, 952, 952, 825, 826, 888, 944, 948, 1968],
    [1721, 1465, 1849, 1001, 985, 1009, 953, 953, 953, 680, 680, 953, 889, 954, 890, 1969, 957, 1973],
    [1722, 1466, 1850, 1002, 986, 1010, 920, 440, 956, 938, 698, 955, 953, 890, 889, 1970, 958, 1974],
    [1723, 1467, 1851, 1003, 987, 1011, 921, 441, 957, 698, 938, 954, 1017, 1018, 891, 947, 951, 1971],
    [1724, 1468, 1852, 1004, 988, 1012, 440, 920, 954, 940, 700, 957, 829, 830, 892, 1976, 1980, 1972],
    [1725, 1469, 1853, 1005, 989, 1013, 441, 921, 955, 700, 940, 956, 893, 958, 894, 953, 1973, 1969],
    [1726, 1470, 1854, 1006, 990, 1014, 408, 408, 958, 958, 958, 958, 957, 894, 893, 954, 1974, 1970],
    [1727, 1471, 1855, 1007, 991, 1015, 409, 409, 959, 686, 686, 959, 1021, 1022, 895, 1979, 1983, 1975],
    [1728, 1472, 1856, 912, 928, 904, 996, 994, 480, 977, 976, 720, 771, 771, 960, 960, 960, 960],
    [1729, 1473, 1857, 913, 929, 905, 997, 995, 481, 705, 704, 721, 835, 899, 962, 1985, 969, 965],
    [1730, 1474, 1858, 914, 930, 906, 964, 482, 484, 963, 722, 723, 899, 835, 961, 1986, 970, 966],
    [1731, 1475, 1859, 915, 931, 907, 965, 483, 485, 723, 962, 722, 963, 963, 963, 963, 963, 963],
    [1732, 1476, 1860, 916, 932, 908, 484, 962, 482, 965, 724, 725, 775, 775, 964, 1992, 1992, 964],
    [1733, 1477, 1861, 917, 933, 909, 485, 963, 483, 725, 964, 724, 839, 903, 966, 969, 1985, 961],
    [1734, 1478, 1862, 918, 934, 910, 452, 450, 486, 983, 982, 726, 903, 839, 965, 970, 1986, 962],
    [1735, 1479, 1863, 919, 935, 911, 453, 451, 487, 711, 710, 727, 967, 967, 967, 1995, 1995, 967],
    [1736, 1480, 1864, 944, 944, 968, 1004, 1002, 488, 969, 728, 729, 779, 779, 968, 1984, 972, 1988],
    [1737, 1481, 1865, 945, 945, 969, 1005, 1003, 489, 729, 968, 728, 843, 907, 970, 961, 965, 1985],
    [1738, 1482, 1866, 946, 946, 970, 972, 490, 492, 987, 986, 730, 907, 843, 969, 962, 966, 1986],
    [1739, 1483, 1867, 947, 947, 971, 973, 491, 493, 715, 714, 731, 971, 971, 971, 1987, 975, 1991],
    [1740, 1484, 1868, 948, 948, 972, 492, 970, 490, 989, 988, 732, 783, 783, 972, 968, 1988, 1984],
    [1741, 1485, 1869, 949, 949, 973, 493, 971, 491, 717, 716, 733, 847, 911, 974, 1993, 1997, 1989],
    [1742, 1486, 1870, 950, 950, 974, 460, 458, 494, 975, 734, 735, 911, 847, 973, 1994, 1998, 1990],
    [1743, 1487, 1871, 951, 951, 975, 461, 459, 495, 735, 974, 734, 975, 975, 975, 971, 1991, 1987],
    [1744, 1488, 1872, 920, 992, 936, 1012, 1010, 496, 960, 720, 977, 787, 787, 976, 2000, 984, 980],
    [1745, 1489, 1873, 921, 993, 937, 1013, 1011, 497, 720, 960, 976, 851, 915, 978, 977, 977, 977],
    [1746, 1490, 1874, 922, 994, 938, 980, 498, 500, 978, 978, 978, 915, 851, 977, 978, 978, 978],
    [1747, 1491, 1875, 923, 995, 939, 981, 499, 501, 706, 706, 979, 979, 979, 979, 2003, 987, 983],
    [1748, 1492, 1876, 924, 996, 940, 500, 978, 498, 980, 980, 980, 791, 791, 980, 984, 2000, 976],
    [1749, 1493, 1877, 925, 997, 941, 501, 979, 499, 708, 708, 981, 855, 919, 982, 2009, 2009, 981],
    [1750, 1494, 1878, 926, 998, 942, 468, 466, 502, 966, 726, 983, 919, 855, 981, 2010, 2010, 982],
    [1751, 1495, 1879, 927, 999, 943, 469, 467, 503, 726, 966, 982, 983, 983, 983, 987, 2003, 979],
    [1752, 1496, 1880, 952, 1008, 1000, 1020, 1018, 504, 984, 984, 984, 795, 795, 984, 976, 980, 2000],
    [1753, 1497, 1881, 953, 1009, 1001, 1021, 1019, 505, 712, 712, 985, 859, 923, 986, 2001, 989, 2005],
    [1754, 1498, 1882, 954, 1010, 1002, 988, 506, 508, 970, 730, 987, 923, 859, 985, 2002, 990, 2006],
    [1755, 1499, 1883, 955, 1011, 1003, 989, 507, 509, 730, 970, 986, 987, 987, 987, 979, 983, 2003],
    [1756, 1500, 1884, 956, 1012, 1004, 508, 986, 506, 972, 732, 989, 799, 799, 988, 2008, 2012, 2004],
    [1757, 1501, 1885, 957, 1013, 1005, 509, 987, 507, 732, 972, 988, 863, 927, 990, 985, 2005, 2001],
    [1758, 1502, 1886, 958, 1014, 1006, 476, 474, 510, 990, 990, 990, 927, 863, 989, 986, 2006, 2002],
    [1759, 1503, 1887, 959, 1015, 1007, 477, 475, 511, 718, 718, 991, 991, 991, 991, 2011, 2015, 2007],
    [1760, 1504, 1888, 976, 936, 920, 992, 992, 992, 993, 752, 753, 803, 803, 992, 2016, 1000, 996],
    [1761, 1505, 1889, 977, 937, 921, 993, 993, 993, 753, 992, 752, 867, 931, 994, 993, 993, 993],
    [1762, 1506, 1890, 978, 938, 922, 960, 480, 996, 1011, 1010, 754, 931, 867, 993, 994, 994, 994],
    [1763, 1507, 1891, 979, 939, 923, 961, 481, 997, 739, 738, 755, 995, 995, 995, 2019, 1003, 999],
    [1764, 1508, 1892, 980, 940, 924, 480, 960, 994, 1013, 1012, 756, 807, 807, 996, 1000, 2016, 992],
    [1765, 1509, 1893, 981, 941, 925, 481, 961, 995, 741, 740, 757, 871, 935, 998, 2025, 2025, 997],
    [1766, 1510, 1894, 982, 942, 926, 448, 448, 998, 999, 758, 759, 935, 871, 997, 2026, 2026, 998],
    [1767, 1511, 1895, 983, 943, 927, 449, 449, 999, 759, 998, 758, 999, 999, 999, 1003, 2019, 995],
    [1768, 1512, 1896, 1008, 952, 984, 1000, 1000, 1000, 1017, 1016, 760, 811, 811, 1000, 992, 996, 2016],
    [1769, 1513, 1897, 1009, 953, 985, 1001, 1001, 1001, 745, 744, 761, 875, 939, 1002, 2017, 1005, 2021],
    [1770, 1514, 1898, 1010, 954, 986, 968, 488, 1004, 1003, 762, 763, 939, 875, 1001, 2018, 1006, 2022],
    [1771, 1515, 1899, 1011, 955, 987, 969, 489, 1005, 763, 1002, 762, 1003, 1003, 1003, 995, 999, 2019],
    [1772, 1516, 1900, 1012, 956, 988, 488, 968, 1002, 1005, 764, 765, 815, 815, 1004, 2024, 2028, 2020],
    [1773, 1517, 1901, 1013, 957, 989, 489, 969, 1003, 765, 1004, 764, 879, 943, 1006, 1001, 2021, 2017],
    [1774, 1518, 1902, 1014, 958, 990, 456, 456, 1006, 1023, 1022, 766, 943, 879, 1005, 1002, 2022, 2018],
    [1775, 1519, 1903, 1015, 959, 991, 457, 457, 1007, 751, 750, 767, 1007, 1007, 1007, 2027, 2031, 2023],
    [1776, 1520, 1904, 984, 1000, 952, 1008, 1008, 1008, 1008, 1008, 1008, 819, 819, 1008, 1008, 1008, 1008],
    [1777, 1521, 1905, 985, 1001, 953, 1009, 1009, 1009, 736, 736, 1009, 883, 947, 1010, 2033, 1017, 1013],
    [1778, 1522, 1906, 986, 1002, 954, 976, 496, 1012, 994, 754, 1011, 947, 883, 1009, 2034, 1018, 1014],
    [1779, 1523, 1907, 987, 1003, 955, 977, 497, 1013, 754, 994, 1010, 1011, 1011, 1011, 1011, 1011, 1011],
    [1780, 1524, 1908, 988, 1004, 956, 496, 976, 1010, 996, 756, 1013, 823, 823, 1012, 2040, 2040, 1012],
    [1781, 1525, 1909, 989, 1005, 957, 497, 977, 1011, 756, 996, 1012, 887, 951, 1014, 1017, 2033, 1009],
    [1782, 1526, 1910, 990, 1006, 958, 464, 464, 1014, 1014, 1014, 1014, 951, 887, 1013, 1018, 2034, 1010],
    [1783, 1527, 1911, 991, 1007, 959, 465, 465, 1015, 742, 742, 1015, 1015, 1015, 1015, 2043, 2043, 1015],
    [1784, 1528, 1912, 1016, 1016, 1016, 1016, 1016, 1016, 1000, 760, 1017, 827, 827, 1016, 2032, 1020, 2036],
    [1785, 1529, 1913, 1017, 1017, 1017, 1017, 1017, 1017, 760, 1000, 1016, 891, 955, 1018, 1009, 1013, 2033],
    [1786, 1530, 1914, 1018, 1018, 1018, 984, 504, 1020, 1018, 1018, 1018, 955, 891, 1017, 1010, 1014, 2034],
    [1787, 1531, 1915, 1019, 1019, 1019, 985, 505, 1021, 746, 746, 1019, 1019, 1019, 1019, 2035, 1023, 2039],
    [1788, 1532, 1916, 1020, 1020, 1020, 504, 984, 1018, 1020, 1020, 1020, 831, 831, 1020, 1016, 2036, 2032],
    [1789, 1533, 1917, 1021, 1021, 1021, 505, 985, 1019, 748, 748, 1021, 895, 959, 1022, 2041, 2045, 2037],
    [1790, 1534, 1918, 1022, 1022, 1022, 472, 472, 1022, 1006, 766, 1023, 959, 895, 1021, 2042, 2046, 2038],
    [1791, 1535, 1919, 1023, 1023, 1023, 473, 473, 1023, 766, 1006, 1022, 1023, 1023, 1023, 1019, 2039, 2035],
    [256, 512, 128, 1024, 1024, 1024, 1574, 1574, 1024, 1281, 1041, 1025, 1024, 1024, 1024, 1028, 8, 12],
    [257, 513, 129, 1025, 1025, 1025, 1575, 1575, 1025, 1041, 1281, 1024, 1088, 1152, 1026, 5, 1, 9],
    [258, 514, 130, 1026, 1026, 1026, 1542, 1062, 1028, 1299, 1299, 1026, 1152, 1088, 1025, 6, 2, 10],
    [259, 515, 131, 1027, 1027, 1027, 1543, 1063, 1029, 1027, 1027, 1027, 1216, 1216, 1027, 1031, 11, 15],
    [260, 516, 132, 1028, 1028, 1028, 1062, 1542, 1026, 1301, 1301, 1028, 1028, 1028, 1028, 12, 1024, 8],
    [261, 517, 133, 1029, 1029, 1029, 1063, 1543, 1027, 1029, 1029, 1029, 1092, 1156, 1030, 1037, 1033, 13],
    [262, 518, 134, 1030, 1030, 1030, 1030, 1030, 1030, 1287, 1047, 1031, 1156, 1092, 1029, 1038, 1034, 14],
    [263, 519, 135, 1031, 1031, 1031, 1031, 1031, 1031, 1047, 1287, 1030, 1220, 1220, 1031, 15, 1027, 11],
    [264, 520, 136, 1056, 1040, 1088, 1582, 1582, 1032, 1305, 1305, 1032, 1032, 1032, 1032, 4, 4, 1032],
    [265, 521, 137, 1057, 1041, 1089, 1583, 1583, 1033, 1033, 1033, 1033, 1096, 1160, 1034, 1029, 13, 1037],
    [266, 522, 138, 1058, 1042, 1090, 1550, 1070, 1036, 1291, 1051, 1035, 1160, 1096, 1033, 1030, 14, 1038],
    [267, 523, 139, 1059, 1043, 1091, 1551, 1071, 1037, 1051, 1291, 1034, 1224, 1224, 1035, 7, 7, 1035],
    [268, 524, 140, 1060, 1044, 1092, 1070, 1550, 1034, 1293, 1053, 1037, 1036, 1036, 1036, 1036, 1036, 1036],
    [269, 525, 141, 1061, 1045, 1093, 1071, 1551, 1035, 1053, 1293, 1036, 1100, 1164, 1038, 13, 1029, 1033],
    [270, 526, 142, 1062, 1046, 1094, 1038, 1038, 1038, 1311, 1311, 1038, 1164, 1100, 1037, 14, 1030, 1034],
    [271, 527, 143, 1063, 1047, 1095, 1039, 1039, 1039, 1039, 1039, 1039, 1228, 1228, 1039, 1039, 1039, 1039],
    [272, 528, 144, 1032, 1088, 1056, 1590, 1590, 1040, 1296, 1297, 1280, 1040, 1040, 1040, 20, 16, 24],
    [273, 529, 145, 1033, 1089, 1057, 1591, 1591, 1041, 1024, 1025, 1281, 1104, 1168, 1042, 1045, 25, 29],
    [274, 530, 146, 1034, 1090, 1058, 1558, 1078, 1044, 1282, 1043, 1283, 1168, 1104, 1041, 1046, 26, 30],
    [275, 531, 147, 1035, 1091, 1059, 1559, 1079, 1045, 1042, 1283, 1282, 1232, 1232, 1043, 23, 19, 27],
    [276, 532, 148, 1036, 1092, 1060, 1078, 1558, 1042, 1284, 1045, 1285, 1044, 1044, 1044, 1052, 1048, 28],
    [277, 533, 149, 1037, 1093, 1061, 1079, 1559, 1043, 1044, 1285, 1284, 1108, 1172, 1046, 29, 1041, 25],
    [278, 534, 150, 1038, 1094, 1062, 1046, 1046, 1046, 1302, 1303, 1286, 1172, 1108, 1045, 30, 1042, 26],
    [279, 535, 151, 1039, 1095, 1063, 1047, 1047, 1047, 1030, 1031, 1287, 1236, 1236, 1047, 1055, 1051, 31],
    [280, 536, 152, 1064, 1104, 1120, 1598, 1598, 1048, 1288, 1049, 1289, 1048, 1048, 1048, 1044, 28, 1052],
    [281, 537, 153, 1065, 1105, 1121, 1599, 1599, 1049, 1048, 1289, 1288, 1112, 1176, 1050, 21, 21, 1049],
    [282, 538, 154, 1066, 1106, 1122, 1566, 1086, 1052, 1306, 1307, 1290, 1176, 1112, 1049, 22, 22, 1050],
    [283, 539, 155, 1067, 1107, 1123, 1567, 1087, 1053, 1034, 1035, 1291, 1240, 1240, 1051, 1047, 31, 1055],
    [284, 540, 156, 1068, 1108, 1124, 1086, 1566, 1050, 1308, 1309, 1292, 1052, 1052, 1052, 28, 1044, 1048],
    [285, 541, 157, 1069, 1109, 1125, 1087, 1567, 1051, 1036, 1037, 1293, 1116, 1180, 1054, 1053, 1053, 1053],
    [286, 542, 158, 1070, 1110, 1126, 1054, 1054, 1054, 1294, 1055, 1295, 1180, 1116, 1053, 1054, 1054, 1054],
    [287, 543, 159, 1071, 1111, 1127, 1055, 1055, 1055, 1054, 1295, 1294, 1244, 1244, 1055, 31, 1047, 1051],
    [288, 544, 160, 1088, 1032, 1040, 1570, 1572, 1536, 1329, 1329, 1056, 1056, 1056, 1056, 36, 32, 40],
    [289, 545, 161, 1089, 1033, 1041, 1571, 1573, 1537, 1057, 1057, 1057, 1120, 1184, 1058, 1061, 41, 45],
    [290, 546, 162, 1090, 1034, 1042, 1538, 1060, 1540, 1315, 1075, 1059, 1184, 1120, 1057, 1062, 42, 46],
    [291, 547, 163, 1091, 1035, 1043, 1539, 1061, 1541, 1075, 1315, 1058, 1248, 1248, 1059, 39, 35, 43],
    [292, 548, 164, 1092, 1036, 1044, 1058, 1540, 1538, 1317, 1077, 1061, 1060, 1060, 1060, 1068, 1064, 44],
    [293, 549, 165, 1093, 1037, 1045, 1059, 1541, 1539, 1077, 1317, 1060, 1124, 1188, 1062, 45, 1057, 41],
    [294, 550, 166, 1094, 1038, 1046, 1026, 1028, 1542, 1335, 1335, 1062, 1188, 1124, 1061, 46, 1058, 42],
    [295, 551, 167, 1095, 1039, 1047, 1027, 1029, 1543, 1063, 1063, 1063, 1252, 1252, 1063, 1071, 1067, 47],
    [296, 552, 168, 1120, 1048, 1104, 1578, 1580, 1544, 1321, 1081, 1065, 1064, 1064, 1064, 1060, 44, 1068],
    [297, 553, 169, 1121, 1049, 1105, 1579, 1581, 1545, 1081, 1321, 1064, 1128, 1192, 1066, 37, 37, 1065],
    [298, 554, 170, 1122, 1050, 1106, 1546, 1068, 1548, 1339, 1339, 1066, 1192, 1128, 1065, 38, 38, 1066],
    [299, 555, 171, 1123, 1051, 1107, 1547, 1069, 1549, 1067, 1067, 1067, 1256, 1256, 1067, 1063, 47, 1071],
    [300, 556, 172, 1124, 1052, 1108, 1066, 1548, 1546, 1341, 1341, 1068, 1068, 1068, 1068, 44, 1060, 1064],
    [301, 557, 173, 1125, 1053, 1109, 1067, 1549, 1547, 1069, 1069, 1069, 1132, 1196, 1070, 1069, 1069, 1069],
    [302, 558, 174, 1126, 1054, 1110, 1034, 1036, 1550, 1327, 1087, 1071, 1196, 1132, 1069, 1070, 1070, 1070],
    [303, 559, 175, 1127, 1055, 1111, 1035, 1037, 1551, 1087, 1327, 1070, 1260, 1260, 1071, 47, 1063, 1067],
    [304, 560, 176, 1096, 1096, 1072, 1586, 1588, 1552, 1312, 1073, 1313, 1072, 1072, 1072, 1076, 56, 60],
    [305, 561, 177, 1097, 1097, 1073, 1587, 1589, 1553, 1072, 1313, 1312, 1136, 1200, 1074, 53, 49, 57],
    [306, 562, 178, 1098, 1098, 1074, 1554, 1076, 1556, 1330, 1331, 1314, 1200, 1136, 1073, 54, 50, 58],
    [307, 563, 179, 1099, 1099, 1075, 1555, 1077, 1557, 1058, 1059, 1315, 1264, 1264, 1075, 1079, 59, 63],
    [308, 564, 180, 1100, 1100, 1076, 1074, 1556, 1554, 1332, 1333, 1316, 1076, 1076, 1076, 60, 1072, 56],
    [309, 565, 181, 1101, 1101, 1077, 1075, 1557, 1555, 1060, 1061, 1317, 1140, 1204, 1078, 1085, 1081, 61],
    [310, 566, 182, 1102, 1102, 1078, 1042, 1044, 1558, 1318, 1079, 1319, 1204, 1140, 1077, 1086, 1082, 62],
    [311, 567, 183, 1103, 1103, 1079, 1043, 1045, 1559, 1078, 1319, 1318, 1268, 1268, 1079, 63, 1075, 59],
    [312, 568, 184, 1128, 1112, 1136, 1594, 1596, 1560, 1336, 1337, 1320, 1080, 1080, 1080, 52, 52, 1080],
    [313, 569, 185, 1129, 1113, 1137, 1595, 1597, 1561, 1064, 1065, 1321, 1144, 1208, 1082, 1077, 61, 1085],
    [314, 570, 186, 1130, 1114, 1138, 1562, 1084, 1564, 1322, 1083, 1323, 1208, 1144, 1081, 1078, 62, 1086],
    [315, 571, 187, 1131, 1115, 1139, 1563, 1085, 1565, 1082, 1323, 1322, 1272, 1272, 1083, 55, 55, 1083],
    [316, 572, 188, 1132, 1116, 1140, 1082, 1564, 1562, 1324, 1085, 1325, 1084, 1084, 1084, 1084, 1084, 1084],
    [317, 573, 189, 1133, 1117, 1141, 1083, 1565, 1563, 1084, 1325, 1324, 1148, 1212, 1086, 61, 1077, 1081],
    [318, 574, 190, 1134, 1118, 1142, 1050, 1052, 1566, 1342, 1343, 1326, 1212, 1148, 1085, 62, 1078, 1082],
    [319, 575, 191, 1135, 1119, 1143, 1051, 1053, 1567, 1070, 1071, 1327, 1276, 1276, 1087, 1087, 1087, 1087],
    [320, 576, 192, 1040, 1056, 1032, 1638, 1638, 1088, 1361, 1361, 1088, 1026, 1025, 1152, 68, 64, 72],
    [321, 577, 193, 1041, 1057, 1033, 1639, 1639, 1089, 1089, 1089, 1089, 1090, 1153, 1154, 1093, 73, 77],
    [322, 578, 194, 1042, 1058, 1034, 1606, 1126, 1092, 1347, 1107, 1091, 1154, 1089, 1153, 1094, 74, 78],
    [323, 579, 195, 1043, 1059, 1035, 1607, 1127, 1093, 1107, 1347, 1090, 1218, 1217, 1155, 71, 67, 75],
    [324, 580, 196, 1044, 1060, 1036, 1126, 1606, 1090, 1349, 1109, 1093, 1030, 1029, 1156, 1100, 1096, 76],
    [325, 581, 197, 1045, 1061, 1037, 1127, 1607, 1091, 1109, 1349, 1092, 1094, 1157, 1158, 77, 1089, 73],
    [326, 582, 198, 1046, 1062, 1038, 1094, 1094, 1094, 1367, 1367, 1094, 1158, 1093, 1157, 78, 1090, 74],
    [327, 583, 199, 1047, 1063, 1039, 1095, 1095, 1095, 1095, 1095, 1095, 1222, 1221, 1159, 1103, 1099, 79],
    [328, 584, 200, 1072, 1072, 1096, 1646, 1646, 1096, 1353, 1113, 1097, 1034, 1033, 1160, 1092, 76, 1100],
    [329, 585, 201, 1073, 1073, 1097, 1647, 1647, 1097, 1113, 1353, 1096, 1098, 1161, 1162, 69, 69, 1097],
    [330, 586, 202, 1074, 1074, 1098, 1614, 1134, 1100, 1371, 1371, 1098, 1162, 1097, 1161, 70, 70, 1098],
    [331, 587, 203, 1075, 1075, 1099, 1615, 1135, 1101, 1099, 1099, 1099, 1226, 1225, 1163, 1095, 79, 1103],
    [332, 588, 204, 1076, 1076, 1100, 1134, 1614, 1098, 1373, 1373, 1100, 1038, 1037, 1164, 76, 1092, 1096],
    [333, 589, 205, 1077, 1077, 1101, 1135, 1615, 1099, 1101, 1101, 1101, 1102, 1165, 1166, 1101, 1101, 1101],
    [334, 590, 206, 1078, 1078, 1102, 1102, 1102, 1102, 1359, 1119, 1103, 1166, 1101, 1165, 1102, 1102, 1102],
    [335, 591, 207, 1079, 1079, 1103, 1103, 1103, 1103, 1119, 1359, 1102, 1230, 1229, 1167, 79, 1095, 1099],
    [336, 592, 208, 1048, 1120, 1064, 1654, 1654, 1104, 1344, 1105, 1345, 1042, 1041, 1168, 1108, 88, 92],
    [337, 593, 209, 1049, 1121, 1065, 1655, 1655, 1105, 1104, 1345, 1344, 1106, 1169, 1170, 85, 81, 89],
    [338, 594, 210, 1050, 1122, 1066, 1622, 1142, 1108, 1362, 1363, 1346, 1170, 1105, 1169, 86, 82, 90],
    [339, 595, 211, 1051, 1123, 1067, 1623, 1143, 1109, 1090, 1091, 1347, 1234, 1233, 1171, 1111, 91, 95],
    [340, 596, 212, 1052, 1124, 1068, 1142, 1622, 1106, 1364, 1365, 1348, 1046, 1045, 1172, 92, 1104, 88],
    [341, 597, 213, 1053, 1125, 1069, 1143, 1623, 1107, 1092, 1093, 1349, 1110, 1173, 1174, 1117, 1113, 93],
    [342, 598, 214, 1054, 1126, 1070, 1110, 1110, 1110, 1350, 1111, 1351, 1174, 1109, 1173, 1118, 1114, 94],
    [343, 599, 215, 1055, 1127, 1071, 1111, 1111, 1111, 1110, 1351, 1350, 1238, 1237, 1175, 95, 1107, 91],
    [344, 600, 216, 1080, 1136, 1128, 1662, 1662, 1112, 1368, 1369, 1352, 1050, 1049, 1176, 84, 84, 1112],
    [345, 601, 217, 1081, 1137, 1129, 1663, 1663, 1113, 1096, 1097, 1353, 1114, 1177, 1178, 1109, 93, 1117],
    [346, 602, 218, 1082, 1138, 1130, 1630, 1150, 1116, 1354, 1115, 1355, 1178, 1113, 1177, 1110, 94, 1118],
    [347, 603, 219, 1083, 1139, 1131, 1631, 1151, 1117, 1114, 1355, 1354, 1242, 1241, 1179, 87, 87, 1115],
    [348, 604, 220, 1084, 1140, 1132, 1150, 1630, 1114, 1356, 1117, 1357, 1054, 1053, 1180, 1116, 1116, 1116],
    [349, 605, 221, 1085, 1141, 1133, 1151, 1631, 1115, 1116, 1357, 1356, 1118, 1181, 1182, 93, 1109, 1113],
    [350, 606, 222, 1086, 1142, 1134, 1118, 1118, 1118, 1374, 1375, 1358, 1182, 1117, 1181, 94, 1110, 1114],
    [351, 607, 223, 1087, 1143, 1135, 1119, 1119, 1119, 1102, 1103, 1359, 1246, 1245, 1183, 1119, 1119, 1119],
    [352, 608, 224, 1104, 1064, 1048, 1634, 1636, 1600, 1377, 1137, 1121, 1058, 1057, 1184, 1124, 104, 108],
    [353, 609, 225, 1105, 1065, 1049, 1635, 1637, 1601, 1137, 1377, 1120, 1122, 1185, 1186, 101, 97, 105],
    [354, 610, 226, 1106, 1066, 1050, 1602, 1124, 1604, 1395, 1395, 1122, 1186, 1121, 1185, 102, 98, 106],
    [355, 611, 227, 1107, 1067, 1051, 1603, 1125, 1605, 1123, 1123, 1123, 1250, 1249, 1187, 1127, 107, 111],
    [356, 612, 228, 1108, 1068, 1052, 1122, 1604, 1602, 1397, 1397, 1124, 1062, 1061, 1188, 108, 1120, 104],
    [357, 613, 229, 1109, 1069, 1053, 1123, 1605, 1603, 1125, 1125, 1125, 1126, 1189, 1190, 1133, 1129, 109],
    [358, 614, 230, 1110, 1070, 1054, 1090, 1092, 1606, 1383, 1143, 1127, 1190, 1125, 1189, 1134, 1130, 110],
    [359, 615, 231, 1111, 1071, 1055, 1091, 1093, 1607, 1143, 1383, 1126, 1254, 1253, 1191, 111, 1123, 107],
    [360, 616, 232, 1136, 1080, 1112, 1642, 1644, 1608, 1401, 1401, 1128, 1066, 1065, 1192, 100, 100, 1128],
    [361, 617, 233, 1137, 1081, 1113, 1643, 1645, 1609, 1129, 1129, 1129, 1130, 1193, 1194, 1125, 109, 1133],
    [362, 618, 234, 1138, 1082, 1114, 1610, 1132, 1612, 1387, 1147, 1131, 1194, 1129, 1193, 1126, 110, 1134],
    [363, 619, 235, 1139, 1083, 1115, 1611, 1133, 1613, 1147, 1387, 1130, 1258, 1257, 1195, 103, 103, 1131],
    [364, 620, 236, 1140, 1084, 1116, 1130, 1612, 1610, 1389, 1149, 1133, 1070, 1069, 1196, 1132, 1132, 1132],
    [365, 621, 237, 1141, 1085, 1117, 1131, 1613, 1611, 1149, 1389, 1132, 1134, 1197, 1198, 109, 1125, 1129],
    [366, 622, 238, 1142, 1086, 1118, 1098, 1100, 1614, 1407, 1407, 1134, 1198, 1133, 1197, 110, 1126, 1130],
    [367, 623, 239, 1143, 1087, 1119, 1099, 1101, 1615, 1135, 1135, 1135, 1262, 1261, 1199, 1135, 1135, 1135],
    [368, 624, 240, 1112, 1128, 1080, 1650, 1652, 1616, 1392, 1393, 1376, 1074, 1073, 1200, 116, 112, 120],
    [369, 625, 241, 1113, 1129, 1081, 1651, 1653, 1617, 1120, 1121, 1377, 1138, 1201, 1202, 1141, 121, 125],
    [370, 626, 242, 1114, 1130, 1082, 1618, 1140, 1620, 1378, 1139, 1379, 1202, 1137, 1201, 1142, 122, 126],
    [371, 627, 243, 1115, 1131, 1083, 1619, 1141, 1621, 1138, 1379, 1378, 1266, 1265, 1203, 119, 115, 123],
    [372, 628, 244, 1116, 1132, 1084, 1138, 1620, 1618, 1380, 1141, 1381, 1078, 1077, 1204, 1148, 1144, 124],
    [373, 629, 245, 1117, 1133, 1085, 1139, 1621, 1619, 1140, 1381, 1380, 1142, 1205, 1206, 125, 1137, 121],
    [374, 630, 246, 1118, 1134, 1086, 1106, 1108, 1622, 1398, 1399, 1382, 1206, 1141, 1205, 126, 1138, 122],
    [375, 631, 247, 1119, 1135, 1087, 1107, 1109, 1623, 1126, 1127, 1383, 1270, 1269, 1207, 1151, 1147, 127],
    [376, 632, 248, 1144, 1144, 1144, 1658, 1660, 1624, 1384, 1145, 1385, 1082, 1081, 1208, 1140, 124, 1148],
    [377, 633, 249, 1145, 1145, 1145, 1659, 1661, 1625, 1144, 1385, 1384, 1146, 1209, 1210, 117, 117, 1145],
    [378, 634, 250, 1146, 1146, 1146, 1626, 1148, 1628, 1402, 1403, 1386, 1210, 1145, 1209, 118, 118, 1146],
    [379, 635, 251, 1147, 1147, 1147, 1627, 1149, 1629, 1130, 1131, 1387, 1274, 1273, 1211, 1143, 127, 1151],
    [380, 636, 252, 1148, 1148, 1148, 1146, 1628, 1626, 1404, 1405, 1388, 1086, 1085, 1212, 124, 1140, 1144],
    [381, 637, 253, 1149, 1149, 1149, 1147, 1629, 1627, 1132, 1133, 1389, 1150, 1213, 1214, 1149, 1149, 1149],
    [382, 638, 254, 1150, 1150, 1150, 1114, 1116, 1630, 1390, 1151, 1391, 1214, 1149, 1213, 1150, 1150, 1150],
    [383, 639, 255, 1151, 1151, 1151, 1115, 1117, 1631, 1150, 1391, 1390, 1278, 1277, 1215, 127, 1143, 1147],
    [768, 768, 1152, 1152, 1152, 1152, 1702, 1702, 1152, 1425, 1425, 1152, 1025, 1026, 1088, 132, 128, 136],
    [769, 769, 1153, 1153, 1153, 1153, 1703, 1703, 1153, 1153, 1153, 1153, 1089, 1154, 1090, 1157, 137, 141],
    [770, 770, 1154, 1154, 1154, 1154, 1670, 1190, 1156, 1411, 1171, 1155, 1153, 1090, 1089, 1158, 138, 142],
    [771, 771, 1155, 1155, 1155, 1155, 1671, 1191, 1157, 1171, 1411, 1154, 1217, 1218, 1091, 135, 131, 139],
    [772, 772, 1156, 1156, 1156, 1156, 1190, 1670, 1154, 1413, 1173, 1157, 1029, 1030, 1092, 1164, 1160, 140],
    [773, 773, 1157, 1157, 1157, 1157, 1191, 1671, 1155, 1173, 1413, 1156, 1093, 1158, 1094, 141, 1153, 137],
    [774, 774, 1158, 1158, 1158, 1158, 1158, 1158, 1158, 1431, 1431, 1158, 1157, 1094, 1093, 142, 1154, 138],
    [775, 775, 1159, 1159, 1159, 1159, 1159, 1159, 1159, 1159, 1159, 1159, 1221, 1222, 1095, 1167, 1163, 143],
    [776, 776, 1160, 1184, 1168, 1216, 1710, 1710, 1160, 1417, 1177, 1161, 1033, 1034, 1096, 1156, 140, 1164],
    [777, 777, 1161, 1185, 1169, 1217, 1711, 1711, 1161, 1177, 1417, 1160, 1097, 1162, 1098, 133, 133, 1161],
    [778, 778, 1162, 1186, 1170, 1218, 1678, 1198, 1164, 1435, 1435, 1162, 1161, 1098, 1097, 134, 134, 1162],
    [779, 779, 1163, 1187, 1171, 1219, 1679, 1199, 1165, 1163, 1163, 1163, 1225, 1226, 1099, 1159, 143, 1167],
    [780, 780, 1164, 1188, 1172, 1220, 1198, 1678, 1162, 1437, 1437, 1164, 1037, 1038, 1100, 140, 1156, 1160],
    [781, 781, 1165, 1189, 1173, 1221, 1199, 1679, 1163, 1165, 1165, 1165, 1101, 1166, 1102, 1165, 1165, 1165],
    [782, 782, 1166, 1190, 1174, 1222, 1166, 1166, 1166, 1423, 1183, 1167, 1165, 1102, 1101, 1166, 1166, 1166],
    [783, 783, 1167, 1191, 1175, 1223, 1167, 1167, 1167, 1183, 1423, 1166, 1229, 1230, 1103, 143, 1159, 1163],
    [784, 784, 1168, 1160, 1216, 1184, 1718, 1718, 1168, 1408, 1169, 1409, 1041, 1042, 1104, 1172, 152, 156],
    [785, 785, 1169, 1161, 1217, 1185, 1719, 1719, 1169, 1168, 1409, 1408, 1105, 1170, 1106, 149, 145, 153],
    [786, 786, 1170, 1162, 1218, 1186, 1686, 1206, 1172, 1426, 1427, 1410, 1169, 1106, 1105, 150, 146, 154],
    [787, 787, 1171, 1163, 1219, 1187, 1687, 1207, 1173, 1154, 1155, 1411, 1233, 1234, 1107, 1175, 155, 159],
    [788, 788, 1172, 1164, 1220, 1188, 1206, 1686, 1170, 1428, 1429, 1412, 1045, 1046, 1108, 156, 1168, 152],
    [789, 789, 1173, 1165, 1221, 1189, 1207, 1687, 1171, 1156, 1157, 1413, 1109, 1174, 1110, 1181, 1177, 157],
    [790, 790, 1174, 1166, 1222, 1190, 1174, 1174, 1174, 1414, 1175, 1415, 1173, 1110, 1109, 1182, 1178, 158],
    [791, 791, 1175, 1167, 1223, 1191, 1175, 1175, 1175, 1174, 1415, 1414, 1237, 1238, 1111, 159, 1171, 155],
    [792, 792, 1176, 1192, 1232, 1248, 1726, 1726, 1176, 1432, 1433, 1416, 1049, 1050, 1112, 148, 148, 1176],
    [793, 793, 1177, 1193, 1233, 1249, 1727, 1727, 1177, 1160, 1161, 1417, 1113, 1178, 1114, 1173, 157, 1181],
    [794, 794, 1178, 1194, 1234, 1250, 1694, 1214, 1180, 1418, 1179, 1419, 1177, 1114, 1113, 1174, 158, 1182],
    [795, 795, 1179, 1195, 1235, 1251, 1695, 1215, 1181, 1178, 1419, 1418, 1241, 1242, 1115, 151, 151, 1179],
    [796, 796, 1180, 1196, 1236, 1252, 1214, 1694, 1178, 1420, 1181, 1421, 1053, 1054, 1116, 1180, 1180, 1180],
    [797, 797, 1181, 1197, 1237, 1253, 1215, 1695, 1179, 1180, 1421, 1420, 1117, 1182, 1118, 157, 1173, 1177],
    [798, 798, 1182, 1198, 1238, 1254, 1182, 1182, 1182, 1438, 1439, 1422, 1181, 1118, 1117, 158, 1174, 1178],
    [799, 799, 1183, 1199, 1239, 1255, 1183, 1183, 1183, 1166, 1167, 1423, 1245, 1246, 1119, 1183, 1183, 1183],
    [800, 800, 1184, 1216, 1160, 1168, 1698, 1700, 1664, 1441, 1201, 1185, 1057, 1058, 1120, 1188, 168, 172],
    [801, 801, 1185, 1217, 1161, 1169, 1699, 1701, 1665, 1201, 1441, 1184, 1121, 1186, 1122, 165, 161, 169],
    [802, 802, 1186, 1218, 1162, 1170, 1666, 1188, 1668, 1459, 1459, 1186, 1185, 1122, 1121, 166, 162, 170],
    [803, 803, 1187, 1219, 1163, 1171, 1667, 1189, 1669, 1187, 1187, 1187, 1249, 1250, 1123, 1191, 171, 175],
    [804, 804, 1188, 1220, 1164, 1172, 1186, 1668, 1666, 1461, 1461, 1188, 1061, 1062, 1124, 172, 1184, 168],
    [805, 805, 1189, 1221, 1165, 1173, 1187, 1669, 1667, 1189, 1189, 1189, 1125, 1190, 1126, 1197, 1193, 173],
    [806, 806, 1190, 1222, 1166, 1174, 1154, 1156, 1670, 1447, 1207, 1191, 1189, 1126, 1125, 1198, 1194, 174],
    [807, 807, 1191, 1223, 1167, 1175, 1155, 1157, 1671, 1207, 1447, 1190, 1253, 1254, 1127, 175, 1187, 171],
    [808, 808, 1192, 1248, 1176, 1232, 1706, 1708, 1672, 1465, 1465, 1192, 1065, 1066, 1128, 164, 164, 1192],
    [809, 809, 1193, 1249, 1177, 1233, 1707, 1709, 1673, 1193, 1193, 1193, 1129, 1194, 1130, 1189, 173, 1197],
    [810, 810, 1194, 1250, 1178, 1234, 1674, 1196, 1676, 1451, 1211, 1195, 1193, 1130, 1129, 1190, 174, 1198],
    [811, 811, 1195, 1251, 1179, 1235, 1675, 1197, 1677, 1211, 1451, 1194, 1257, 1258, 1131, 167, 167, 1195],
    [812, 812, 1196, 1252, 1180, 1236, 1194, 1676, 1674, 1453, 1213, 1197, 1069, 1070, 1132, 1196, 1196, 1196],
    [813, 813, 1197, 1253, 1181, 1237, 1195, 1677, 1675, 1213, 1453, 1196, 1133, 1198, 1134, 173, 1189, 1193],
    [814, 814, 1198, 1254, 1182, 1238, 1162, 1164, 1678, 1471, 1471, 1198, 1197, 1134, 1133, 174, 1190, 1194],
    [815, 815, 1199, 1255, 1183, 1239, 1163, 1165, 1679, 1199, 1199, 1199, 1261, 1262, 1135, 1199, 1199, 1199],
    [816, 816, 1200, 1224, 1224, 1200, 1714, 1716, 1680, 1456, 1457, 1440, 1073, 1074, 1136, 180, 176, 184],
    [817, 817, 1201, 1225, 1225, 1201, 1715, 1717, 1681, 1184, 1185, 1441, 1137, 1202, 1138, 1205, 185, 189],
    [818, 818, 1202, 1226, 1226, 1202, 1682, 1204, 1684, 1442, 1203, 1443, 1201, 1138, 1137, 1206, 186, 190],
    [819, 819, 1203, 1227, 1227, 1203, 1683, 1205, 1685, 1202, 1443, 1442, 1265, 1266, 1139, 183, 179, 187],
    [820, 820, 1204, 1228, 1228, 1204, 1202, 1684, 1682, 1444, 1205, 1445, 1077, 1078, 1140, 1212, 1208, 188],
    [821, 821, 1205, 1229, 1229, 1205, 1203, 1685, 1683, 1204, 1445, 1444, 1141, 1206, 1142, 189, 1201, 185],
    [822, 822, 1206, 1230, 1230, 1206, 1170, 1172, 1686, 1462, 1463, 1446, 1205, 1142, 1141, 190, 1202, 186],
    [823, 823, 1207, 1231, 1231, 1207, 1171, 1173, 1687, 1190, 1191, 1447, 1269, 1270, 1143, 1215, 1211, 191],
    [824, 824, 1208, 1256, 1240, 1264, 1722, 1724, 1688, 1448, 1209, 1449, 1081, 1082, 1144, 1204, 188, 1212],
    [825, 825, 1209, 1257, 1241, 1265, 1723, 1725, 1689, 1208, 1449, 1448, 1145, 1210, 1146, 181, 181, 1209],
    [826, 826, 1210, 1258, 1242, 1266, 1690, 1212, 1692, 1466, 1467, 1450, 1209, 1146, 1145, 182, 182, 1210],
    [827, 827, 1211, 1259, 1243, 1267, 1691, 1213, 1693, 1194, 1195, 1451, 1273, 1274, 1147, 1207, 191, 1215],
    [828, 828, 1212, 1260, 1244, 1268, 1210, 1692, 1690, 1468, 1469, 1452, 1085, 1086, 1148, 188, 1204, 1208],
    [829, 829, 1213, 1261, 1245, 1269, 1211, 1693, 1691, 1196, 1197, 1453, 1149, 1214, 1150, 1213, 1213, 1213],
    [830, 830, 1214, 1262, 1246, 1270, 1178, 1180, 1694, 1454, 1215, 1455, 1213, 1150, 1149, 1214, 1214, 1214],
    [831, 831, 1215, 1263, 1247, 1271, 1179, 1181, 1695, 1214, 1455, 1454, 1277, 1278, 1151, 191, 1207, 1211],
    [832, 832, 1216, 1168, 1184, 1160, 1766, 1766, 1216, 1473, 1233, 1217, 1027, 1027, 1216, 1220, 200, 204],
    [833, 833, 1217, 1169, 1185, 1161, 1767, 1767, 1217, 1233, 1473, 1216, 1091, 1155, 1218, 197, 193, 201],
    [834, 834, 1218, 1170, 1186, 1162, 1734, 1254, 1220, 1491, 1491, 1218, 1155, 1091, 1217, 198, 194, 202],
    [835, 835, 1219, 1171, 1187, 1163, 1735, 1255, 1221, 1219, 1219, 1219, 1219, 1219, 1219, 1223, 203, 207],
    [836, 836, 1220, 1172, 1188, 1164, 1254, 1734, 1218, 1493, 1493, 1220, 1031, 1031, 1220, 204, 1216, 200],
    [837, 837, 1221, 1173, 1189, 1165, 1255, 1735, 1219, 1221, 1221, 1221, 1095, 1159, 1222, 1229, 1225, 205],
    [838, 838, 1222, 1174, 1190, 1166, 1222, 1222, 1222, 1479, 1239, 1223, 1159, 1095, 1221, 1230, 1226, 206],
    [839, 839, 1223, 1175, 1191, 1167, 1223, 1223, 1223, 1239, 1479, 1222, 1223, 1223, 1223, 207, 1219, 203],
    [840, 840, 1224, 1200, 1200, 1224, 1774, 1774, 1224, 1497, 1497, 1224, 1035, 1035, 1224, 196, 196, 1224],
    [841, 841, 1225, 1201, 1201, 1225, 1775, 1775, 1225, 1225, 1225, 1225, 1099, 1163, 1226, 1221, 205, 1229],
    [842, 842, 1226, 1202, 1202, 1226, 1742, 1262, 1228, 1483, 1243, 1227, 1163, 1099, 1225, 1222, 206, 1230],
    [843, 843, 1227, 1203, 1203, 1227, 1743, 1263, 1229, 1243, 1483, 1226, 1227, 1227, 1227, 199, 199, 1227],
    [844, 844, 1228, 1204, 1204, 1228, 1262, 1742, 1226, 1485, 1245, 1229, 1039, 1039, 1228, 1228, 1228, 1228],
    [845, 845, 1229, 1205, 1205, 1229, 1263, 1743, 1227, 1245, 1485, 1228, 1103, 1167, 1230, 205, 1221, 1225],
    [846, 846, 1230, 1206, 1206, 1230, 1230, 1230, 1230, 1503, 1503, 1230, 1167, 1103, 1229, 206, 1222, 1226],
    [847, 847, 1231, 1207, 1207, 1231, 1231, 1231, 1231, 1231, 1231, 1231, 1231, 1231, 1231, 1231, 1231, 1231],
    [848, 848, 1232, 1176, 1248, 1192, 1782, 1782, 1232, 1488, 1489, 1472, 1043, 1043, 1232, 212, 208, 216],
    [849, 849, 1233, 1177, 1249, 1193, 1783, 1783, 1233, 1216, 1217, 1473, 1107, 1171, 1234, 1237, 217, 221],
    [850, 850, 1234, 1178, 1250, 1194, 1750, 1270, 1236, 1474, 1235, 1475, 1171, 1107, 1233, 1238, 218, 222],
    [851, 851, 1235, 1179, 1251, 1195, 1751, 1271, 1237, 1234, 1475, 1474, 1235, 1235, 1235, 215, 211, 219],
    [852, 852, 1236, 1180, 1252, 1196, 1270, 1750, 1234, 1476, 1237, 1477, 1047, 1047, 1236, 1244, 1240, 220],
    [853, 853, 1237, 1181, 1253, 1197, 1271, 1751, 1235, 1236, 1477, 1476, 1111, 1175, 1238, 221, 1233, 217],
    [854, 854, 1238, 1182, 1254, 1198, 1238, 1238, 1238, 1494, 1495, 1478, 1175, 1111, 1237, 222, 1234, 218],
    [855, 855, 1239, 1183, 1255, 1199, 1239, 1239, 1239, 1222, 1223, 1479, 1239, 1239, 1239, 1247, 1243, 223],
    [856, 856, 1240, 1208, 1264, 1256, 1790, 1790, 1240, 1480, 1241, 1481, 1051, 1051, 1240, 1236, 220, 1244],
    [857, 857, 1241, 1209, 1265, 1257, 1791, 1791, 1241, 1240, 1481, 1480, 1115, 1179, 1242, 213, 213, 1241],
    [858, 858, 1242, 1210, 1266, 1258, 1758, 1278, 1244, 1498, 1499, 1482, 1179, 1115, 1241, 214, 214, 1242],
    [859, 859, 1243, 1211, 1267, 1259, 1759, 1279, 1245, 1226, 1227, 1483, 1243, 1243, 1243, 1239, 223, 1247],
    [860, 860, 1244, 1212, 1268, 1260, 1278, 1758, 1242, 1500, 1501, 1484, 1055, 1055, 1244, 220, 1236, 1240],
    [861, 861, 1245, 1213, 1269, 1261, 1279, 1759, 1243, 1228, 1229, 1485, 1119, 1183, 1246, 1245, 1245, 1245],
    [862, 862, 1246, 1214, 1270, 1262, 1246, 1246, 1246, 1486, 1247, 1487, 1183, 1119, 1245, 1246, 1246, 1246],
    [863, 863, 1247, 1215, 1271, 1263, 1247, 1247, 1247, 1246, 1487, 1486, 1247, 1247, 1247, 223, 1239, 1243],
    [864, 864, 1248, 1232, 1192, 1176, 1762, 1764, 1728, 1521, 1521, 1248, 1059, 1059, 1248, 228, 224, 232],
    [865, 865, 1249, 1233, 1193, 1177, 1763, 1765, 1729, 1249, 1249, 1249, 1123, 1187, 1250, 1253, 233, 237],
    [866, 866, 1250, 1234, 1194, 1178, 1730, 1252, 1732, 1507, 1267, 1251, 1187, 1123, 1249, 1254, 234, 238],
    [867, 867, 1251, 1235, 1195, 1179, 1731, 1253, 1733, 1267, 1507, 1250, 1251, 1251, 1251, 231, 227, 235],
    [868, 868, 1252, 1236, 1196, 1180, 1250, 1732, 1730, 1509, 1269, 1253, 1063, 1063, 1252, 1260, 1256, 236],
    [869, 869, 1253, 1237, 1197, 1181, 1251, 1733, 1731, 1269, 1509, 1252, 1127, 1191, 1254, 237, 1249, 233],
    [870, 870, 1254, 1238, 1198, 1182, 1218, 1220, 1734, 1527, 1527, 1254, 1191, 1127, 1253, 238, 1250, 234],
    [871, 871, 1255, 1239, 1199, 1183, 1219, 1221, 1735, 1255, 1255, 1255, 1255, 1255, 1255, 1263, 1259, 239],
    [872, 872, 1256, 1264, 1208, 1240, 1770, 1772, 1736, 1513, 1273, 1257, 1067, 1067, 1256, 1252, 236, 1260],
    [873, 873, 1257, 1265, 1209, 1241, 1771, 1773, 1737, 1273, 1513, 1256, 1131, 1195, 1258, 229, 229, 1257],
    [874, 874, 1258, 1266, 1210, 1242, 1738, 1260, 1740, 1531, 1531, 1258, 1195, 1131, 1257, 230, 230, 1258],
    [875, 875, 1259, 1267, 1211, 1243, 1739, 1261, 1741, 1259, 1259, 1259, 1259, 1259, 1259, 1255, 239, 1263],
    [876, 876, 1260, 1268, 1212, 1244, 1258, 1740, 1738, 1533, 1533, 1260, 1071, 1071, 1260, 236, 1252, 1256],
    [877, 877, 1261, 1269, 1213, 1245, 1259, 1741, 1739, 1261, 1261, 1261, 1135, 1199, 1262, 1261, 1261, 1261],
    [878, 878, 1262, 1270, 1214, 1246, 1226, 1228, 1742, 1519, 1279, 1263, 1199, 1135, 1261, 1262, 1262, 1262],
    [879, 879, 1263, 1271, 1215, 1247, 1227, 1229, 1743, 1279, 1519, 1262, 1263, 1263, 1263, 239, 1255, 1259],
    [880, 880, 1264, 1240, 1256, 1208, 1778, 1780, 1744, 1504, 1265, 1505, 1075, 1075, 1264, 1268, 248, 252],
    [881, 881, 1265, 1241, 1257, 1209, 1779, 1781, 1745, 1264, 1505, 1504, 1139, 1203, 1266, 245, 241, 249],
    [882, 882, 1266, 1242, 1258, 1210, 1746, 1268, 1748, 1522, 1523, 1506, 1203, 1139, 1265, 246, 242, 250],
    [883, 883, 1267, 1243, 1259, 1211, 1747, 1269, 1749, 1250, 1251, 1507, 1267, 1267, 1267, 1271, 251, 255],
    [884, 884, 1268, 1244, 1260, 1212, 1266, 1748, 1746, 1524, 1525, 1508, 1079, 1079, 1268, 252, 1264, 248],
    [885, 885, 1269, 1245, 1261, 1213, 1267, 1749, 1747, 1252, 1253, 1509, 1143, 1207, 1270, 1277, 1273, 253],
    [886, 886, 1270, 1246, 1262, 1214, 1234, 1236, 1750, 1510, 1271, 1511, 1207, 1143, 1269, 1278, 1274, 254],
    [887, 887, 1271, 1247, 1263, 1215, 1235, 1237, 1751, 1270, 1511, 1510, 1271, 1271, 1271, 255, 1267, 251],
    [888, 888, 1272, 1272, 1272, 1272, 1786, 1788, 1752, 1528, 1529, 1512, 1083, 1083, 1272, 244, 244, 1272],
    [889, 889, 1273, 1273, 1273, 1273, 1787, 1789, 1753, 1256, 1257, 1513, 1147, 1211, 1274, 1269, 253, 1277],
    [890, 890, 1274, 1274, 1274, 1274, 1754, 1276, 1756, 1514, 1275, 1515, 1211, 1147, 1273, 1270, 254, 1278],
    [891, 891, 1275, 1275, 1275, 1275, 1755, 1277, 1757, 1274, 1515, 1514, 1275, 1275, 1275, 247, 247, 1275],
    [892, 892, 1276, 1276, 1276, 1276, 1274, 1756, 1754, 1516, 1277, 1517, 1087, 1087, 1276, 1276, 1276, 1276],
    [893, 893, 1277, 1277, 1277, 1277, 1275, 1757, 1755, 1276, 1517, 1516, 1151, 1215, 1278, 253, 1269, 1273],
    [894, 894, 1278, 1278, 1278, 1278, 1242, 1244, 1758, 1534, 1535, 1518, 1215, 1151, 1277, 254, 1270, 1274],
    [895, 895, 1279, 1279, 1279, 1279, 1243, 1245, 1759, 1262, 1263, 1519, 1279, 1279, 1279, 1279, 1279, 1279],
    [384, 1536, 640, 1280, 1280, 1280, 1830, 1830, 1280, 1297, 1296, 1040, 1280, 1280, 1280, 260, 256, 264],
    [385, 1537, 641, 1281, 1281, 1281, 1831, 1831, 1281, 1025, 1024, 1041, 1344, 1408, 1282, 1285, 265, 269],
    [386, 1538, 642, 1282, 1282, 1282, 1798, 1318, 1284, 1283, 1042, 1043, 1408, 1344, 1281, 1286, 266, 270],
    [387, 1539, 643, 1283, 1283, 1283, 1799, 1319, 1285, 1043, 1282, 1042, 1472, 1472, 1283, 263, 259, 267],
    [388, 1540, 644, 1284, 1284, 1284, 1318, 1798, 1282, 1285, 1044, 1045, 1284, 1284, 1284, 1292, 1288, 268],
    [389, 1541, 645, 1285, 1285, 1285, 1319, 1799, 1283, 1045, 1284, 1044, 1348, 1412, 1286, 269, 1281, 265],
    [390, 1542, 646, 1286, 1286, 1286, 1286, 1286, 1286, 1303, 1302, 1046, 1412, 1348, 1285, 270, 1282, 266],
    [391, 1543, 647, 1287, 1287, 1287, 1287, 1287, 1287, 1031, 1030, 1047, 1476, 1476, 1287, 1295, 1291, 271],
    [392, 1544, 648, 1312, 1296, 1344, 1838, 1838, 1288, 1289, 1048, 1049, 1288, 1288, 1288, 1284, 268, 1292],
    [393, 1545, 649, 1313, 1297, 1345, 1839, 1839, 1289, 1049, 1288, 1048, 1352, 1416, 1290, 261, 261, 1289],
    [394, 1546, 650, 1314, 1298, 1346, 1806, 1326, 1292, 1307, 1306, 1050, 1416, 1352, 1289, 262, 262, 1290],
    [395, 1547, 651, 1315, 1299, 1347, 1807, 1327, 1293, 1035, 1034, 1051, 1480, 1480, 1291, 1287, 271, 1295],
    [396, 1548, 652, 1316, 1300, 1348, 1326, 1806, 1290, 1309, 1308, 1052, 1292, 1292, 1292, 268, 1284, 1288],
    [397, 1549, 653, 1317, 1301, 1349, 1327, 1807, 1291, 1037, 1036, 1053, 1356, 1420, 1294, 1293, 1293, 1293],
    [398, 1550, 654, 1318, 1302, 1350, 1294, 1294, 1294, 1295, 1054, 1055, 1420, 1356, 1293, 1294, 1294, 1294],
    [399, 1551, 655, 1319, 1303, 1351, 1295, 1295, 1295, 1055, 1294, 1054, 1484, 1484, 1295, 271, 1287, 1291],
    [400, 1552, 656, 1288, 1344, 1312, 1846, 1846, 1296, 1280, 1040, 1297, 1296, 1296, 1296, 1300, 280, 284],
    [401, 1553, 657, 1289, 1345, 1313, 1847, 1847, 1297, 1040, 1280, 1296, 1360, 1424, 1298, 277, 273, 281],
    [402, 1554, 658, 1290, 1346, 1314, 1814, 1334, 1300, 1298, 1298, 1298, 1424, 1360, 1297, 278, 274, 282],
    [403, 1555, 659, 1291, 1347, 1315, 1815, 1335, 1301, 1026, 1026, 1299, 1488, 1488, 1299, 1303, 283, 287],
    [404, 1556, 660, 1292, 1348, 1316, 1334, 1814, 1298, 1300, 1300, 1300, 1300, 1300, 1300, 284, 1296, 280],
    [405, 1557, 661, 1293, 1349, 1317, 1335, 1815, 1299, 1028, 1028, 1301, 1364, 1428, 1302, 1309, 1305, 285],
    [406, 1558, 662, 1294, 1350, 1318, 1302, 1302, 1302, 1286, 1046, 1303, 1428, 1364, 1301, 1310, 1306, 286],
    [407, 1559, 663, 1295, 1351, 1319, 1303, 1303, 1303, 1046, 1286, 1302, 1492, 1492, 1303, 287, 1299, 283],
    [408, 1560, 664, 1320, 1360, 1376, 1854, 1854, 1304, 1304, 1304, 1304, 1304, 1304, 1304, 276, 276, 1304],
    [409, 1561, 665, 1321, 1361, 1377, 1855, 1855, 1305, 1032, 1032, 1305, 1368, 1432, 1306, 1301, 285, 1309],
    [410, 1562, 666, 1322, 1362, 1378, 1822, 1342, 1308, 1290, 1050, 1307, 1432, 1368, 1305, 1302, 286, 1310],
    [411, 1563, 667, 1323, 1363, 1379, 1823, 1343, 1309, 1050, 1290, 1306, 1496, 1496, 1307, 279, 279, 1307],
    [412, 1564, 668, 1324, 1364, 1380, 1342, 1822, 1306, 1292, 1052, 1309, 1308, 1308, 1308, 1308, 1308, 1308],
    [413, 1565, 669, 1325, 1365, 1381, 1343, 1823, 1307, 1052, 1292, 1308, 1372, 1436, 1310, 285, 1301, 1305],
    [414, 1566, 670, 1326, 1366, 1382, 1310, 1310, 1310, 1310, 1310, 1310, 1436, 1372, 1309, 286, 1302, 1306],
    [415, 1567, 671, 1327, 1367, 1383, 1311, 1311, 1311, 1038, 1038, 1311, 1500, 1500, 1311, 1311, 1311, 1311],
    [416, 1568, 672, 1344, 1288, 1296, 1826, 1828, 1792, 1313, 1072, 1073, 1312, 1312, 1312, 1316, 296, 300],
    [417, 1569, 673, 1345, 1289, 1297, 1827, 1829, 1793, 1073, 1312, 1072, 1376, 1440, 1314, 293, 289, 297],
    [418, 1570, 674, 1346, 1290, 1298, 1794, 1316, 1796, 1331, 1330, 1074, 1440, 1376, 1313, 294, 290, 298],
    [419, 1571, 675, 1347, 1291, 1299, 1795, 1317, 1797, 1059, 1058, 1075, 1504, 1504, 1315, 1319, 299, 303],
    [420, 1572, 676, 1348, 1292, 1300, 1314, 1796, 1794, 1333, 1332, 1076, 1316, 1316, 1316, 300, 1312, 296],
    [421, 1573, 677, 1349, 1293, 1301, 1315, 1797, 1795, 1061, 1060, 1077, 1380, 1444, 1318, 1325, 1321, 301],
    [422, 1574, 678, 1350, 1294, 1302, 1282, 1284, 1798, 1319, 1078, 1079, 1444, 1380, 1317, 1326, 1322, 302],
    [423, 1575, 679, 1351, 1295, 1303, 1283, 1285, 1799, 1079, 1318, 1078, 1508, 1508, 1319, 303, 1315, 299],
    [424, 1576, 680, 1376, 1304, 1360, 1834, 1836, 1800, 1337, 1336, 1080, 1320, 1320, 1320, 292, 292, 1320],
    [425, 1577, 681, 1377, 1305, 1361, 1835, 1837, 1801, 1065, 1064, 1081, 1384, 1448, 1322, 1317, 301, 1325],
    [426, 1578, 682, 1378, 1306, 1362, 1802, 1324, 1804, 1323, 1082, 1083, 1448, 1384, 1321, 1318, 302, 1326],
    [427, 1579, 683, 1379, 1307, 1363, 1803, 1325, 1805, 1083, 1322, 1082, 1512, 1512, 1323, 295, 295, 1323],
    [428, 1580, 684, 1380, 1308, 1364, 1322, 1804, 1802, 1325, 1084, 1085, 1324, 1324, 1324, 1324, 1324, 1324],
    [429, 1581, 685, 1381, 1309, 1365, 1323, 1805, 1803, 1085, 1324, 1084, 1388, 1452, 1326, 301, 1317, 1321],
    [430, 1582, 686, 1382, 1310, 1366, 1290, 1292, 1806, 1343, 1342, 1086, 1452, 1388, 1325, 302, 1318, 1322],
    [431, 1583, 687, 1383, 1311, 1367, 1291, 1293, 1807, 1071, 1070, 1087, 1516, 1516, 1327, 1327, 1327, 1327],
    [432, 1584, 688, 1352, 1352, 1328, 1842, 1844, 1808, 1328, 1328, 1328, 1328, 1328, 1328, 308, 304, 312],
    [433, 1585, 689, 1353, 1353, 1329, 1843, 1845, 1809, 1056, 1056, 1329, 1392, 1456, 1330, 1333, 313, 317],
    [434, 1586, 690, 1354, 1354, 1330, 1810, 1332, 1812, 1314, 1074, 1331, 1456, 1392, 1329, 1334, 314, 318],
    [435, 1587, 691, 1355, 1355, 1331, 1811, 1333, 1813, 1074, 1314, 1330, 1520, 1520, 1331, 311, 307, 315],
    [436, 1588, 692, 1356, 1356, 1332, 1330, 1812, 1810, 1316, 1076, 1333, 1332, 1332, 1332, 1340, 1336, 316],
    [437, 1589, 693, 1357, 1357, 1333, 1331, 1813, 1811, 1076, 1316, 1332, 1396, 1460, 1334, 317, 1329, 313],
    [438, 1590, 694, 1358, 1358, 1334, 1298, 1300, 1814, 1334, 1334, 1334, 1460, 1396, 1333, 318, 1330, 314],
    [439, 1591, 695, 1359, 1359, 1335, 1299, 1301, 1815, 1062, 1062, 1335, 1524, 1524, 1335, 1343, 1339, 319],
    [440, 1592, 696, 1384, 1368, 1392, 1850, 1852, 1816, 1320, 1080, 1337, 1336, 1336, 1336, 1332, 316, 1340],
    [441, 1593, 697, 1385, 1369, 1393, 1851, 1853, 1817, 1080, 1320, 1336, 1400, 1464, 1338, 309, 309, 1337],
    [442, 1594, 698, 1386, 1370, 1394, 1818, 1340, 1820, 1338, 1338, 1338, 1464, 1400, 1337, 310, 310, 1338],
    [443, 1595, 699, 1387, 1371, 1395, 1819, 1341, 1821, 1066, 1066, 1339, 1528, 1528, 1339, 1335, 319, 1343],
    [444, 1596, 700, 1388, 1372, 1396, 1338, 1820, 1818, 1340, 1340, 1340, 1340, 1340, 1340, 316, 1332, 1336],
    [445, 1597, 701, 1389, 1373, 1397, 1339, 1821, 1819, 1068, 1068, 1341, 1404, 1468, 1342, 1341, 1341, 1341],
    [446, 1598, 702, 1390, 1374, 1398, 1306, 1308, 1822, 1326, 1086, 1343, 1468, 1404, 1341, 1342, 1342, 1342],
    [447, 1599, 703, 1391, 1375, 1399, 1307, 1309, 1823, 1086, 1326, 1342, 1532, 1532, 1343, 319, 1335, 1339],
    [448, 1600, 704, 1296, 1312, 1288, 1894, 1894, 1344, 1345, 1104, 1105, 1282, 1281, 1408, 1348, 328, 332],
    [449, 1601, 705, 1297, 1313, 1289, 1895, 1895, 1345, 1105, 1344, 1104, 1346, 1409, 1410, 325, 321, 329],
    [450, 1602, 706, 1298, 1314, 1290, 1862, 1382, 1348, 1363, 1362, 1106, 1410, 1345, 1409, 326, 322, 330],
    [451, 1603, 707, 1299, 1315, 1291, 1863, 1383, 1349, 1091, 1090, 1107, 1474, 1473, 1411, 1351, 331, 335],
    [452, 1604, 708, 1300, 1316, 1292, 1382, 1862, 1346, 1365, 1364, 1108, 1286, 1285, 1412, 332, 1344, 328],
    [453, 1605, 709, 1301, 1317, 1293, 1383, 1863, 1347, 1093, 1092, 1109, 1350, 1413, 1414, 1357, 1353, 333],
    [454, 1606, 710, 1302, 1318, 1294, 1350, 1350, 1350, 1351, 1110, 1111, 1414, 1349, 1413, 1358, 1354, 334],
    [455, 1607, 711, 1303, 1319, 1295, 1351, 1351, 1351, 1111, 1350, 1110, 1478, 1477, 1415, 335, 1347, 331],
    [456, 1608, 712, 1328, 1328, 1352, 1902, 1902, 1352, 1369, 1368, 1112, 1290, 1289, 1416, 324, 324, 1352],
    [457, 1609, 713, 1329, 1329, 1353, 1903, 1903, 1353, 1097, 1096, 1113, 1354, 1417, 1418, 1349, 333, 1357],
    [458, 1610, 714, 1330, 1330, 1354, 1870, 1390, 1356, 1355, 1114, 1115, 1418, 1353, 1417, 1350, 334, 1358],
    [459, 1611, 715, 1331, 1331, 1355, 1871, 1391, 1357, 1115, 1354, 1114, 1482, 1481, 1419, 327, 327, 1355],
    [460, 1612, 716, 1332, 1332, 1356, 1390, 1870, 1354, 1357, 1116, 1117, 1294, 1293, 1420, 1356, 1356, 1356],
    [461, 1613, 717, 1333, 1333, 1357, 1391, 1871, 1355, 1117, 1356, 1116, 1358, 1421, 1422, 333, 1349, 1353],
    [462, 1614, 718, 1334, 1334, 1358, 1358, 1358, 1358, 1375, 1374, 1118, 1422, 1357, 1421, 334, 1350, 1354],
    [463, 1615, 719, 1335, 1335, 1359, 1359, 1359, 1359, 1103, 1102, 1119, 1486, 1485, 1423, 1359, 1359, 1359],
    [464, 1616, 720, 1304, 1376, 1320, 1910, 1910, 1360, 1360, 1360, 1360, 1298, 1297, 1424, 340, 336, 344],
    [465, 1617, 721, 1305, 1377, 1321, 1911, 1911, 1361, 1088, 1088, 1361, 1362, 1425, 1426, 1365, 345, 349],
    [466, 1618, 722, 1306, 1378, 1322, 1878, 1398, 1364, 1346, 1106, 1363, 1426, 1361, 1425, 1366, 346, 350],
    [467, 1619, 723, 1307, 1379, 1323, 1879, 1399, 1365, 1106, 1346, 1362, 1490, 1489, 1427, 343, 339, 347],
    [468, 1620, 724, 1308, 1380, 1324, 1398, 1878, 1362, 1348, 1108, 1365, 1302, 1301, 1428, 1372, 1368, 348],
    [469, 1621, 725, 1309, 1381, 1325, 1399, 1879, 1363, 1108, 1348, 1364, 1366, 1429, 1430, 349, 1361, 345],
    [470, 1622, 726, 1310, 1382, 1326, 1366, 1366, 1366, 1366, 1366, 1366, 1430, 1365, 1429, 350, 1362, 346],
    [471, 1623, 727, 1311, 1383, 1327, 1367, 1367, 1367, 1094, 1094, 1367, 1494, 1493, 1431, 1375, 1371, 351],
    [472, 1624, 728, 1336, 1392, 1384, 1918, 1918, 1368, 1352, 1112, 1369, 1306, 1305, 1432, 1364, 348, 1372],
    [473, 1625, 729, 1337, 1393, 1385, 1919, 1919, 1369, 1112, 1352, 1368, 1370, 1433, 1434, 341, 341, 1369],
    [474, 1626, 730, 1338, 1394, 1386, 1886, 1406, 1372, 1370, 1370, 1370, 1434, 1369, 1433, 342, 342, 1370],
    [475, 1627, 731, 1339, 1395, 1387, 1887, 1407, 1373, 1098, 1098, 1371, 1498, 1497, 1435, 1367, 351, 1375],
    [476, 1628, 732, 1340, 1396, 1388, 1406, 1886, 1370, 1372, 1372, 1372, 1310, 1309, 1436, 348, 1364, 1368],
    [477, 1629, 733, 1341, 1397, 1389, 1407, 1887, 1371, 1100, 1100, 1373, 1374, 1437, 1438, 1373, 1373, 1373],
    [478, 1630, 734, 1342, 1398, 1390, 1374, 1374, 1374, 1358, 1118, 1375, 1438, 1373, 1437, 1374, 1374, 1374],
    [479, 1631, 735, 1343, 1399, 1391, 1375, 1375, 1375, 1118, 1358, 1374, 1502, 1501, 1439, 351, 1367, 1371],
    [480, 1632, 736, 1360, 1320, 1304, 1890, 1892, 1856, 1393, 1392, 1136, 1314, 1313, 1440, 356, 352, 360],
    [481, 1633, 737, 1361, 1321, 1305, 1891, 1893, 1857, 1121, 1120, 1137, 1378, 1441, 1442, 1381, 361, 365],
    [482, 1634, 738, 1362, 1322, 1306, 1858, 1380, 1860, 1379, 1138, 1139, 1442, 1377, 1441, 1382, 362, 366],
    [483, 1635, 739, 1363, 1323, 1307, 1859, 1381, 1861, 1139, 1378, 1138, 1506, 1505, 1443, 359, 355, 363],
    [484, 1636, 740, 1364, 1324, 1308, 1378, 1860, 1858, 1381, 1140, 1141, 1318, 1317, 1444, 1388, 1384, 364],
    [485, 1637, 741, 1365, 1325, 1309, 1379, 1861, 1859, 1141, 1380, 1140, 1382, 1445, 1446, 365, 1377, 361],
    [486, 1638, 742, 1366, 1326, 1310, 1346, 1348, 1862, 1399, 1398, 1142, 1446, 1381, 1445, 366, 1378, 362],
    [487, 1639, 743, 1367, 1327, 1311, 1347, 1349, 1863, 1127, 1126, 1143, 1510, 1509, 1447, 1391, 1387, 367],
    [488, 1640, 744, 1392, 1336, 1368, 1898, 1900, 1864, 1385, 1144, 1145, 1322, 1321, 1448, 1380, 364, 1388],
    [489, 1641, 745, 1393, 1337, 1369, 1899, 1901, 1865, 1145, 1384, 1144, 1386, 1449, 1450, 357, 357, 1385],
    [490, 1642, 746, 1394, 1338, 1370, 1866, 1388, 1868, 1403, 1402, 1146, 1450, 1385, 1449, 358, 358, 1386],
    [491, 1643, 747, 1395, 1339, 1371, 1867, 1389, 1869, 1131, 1130, 1147, 1514, 1513, 1451, 1383, 367, 1391],
    [492, 1644, 748, 1396, 1340, 1372, 1386, 1868, 1866, 1405, 1404, 1148, 1326, 1325, 1452, 364, 1380, 1384],
    [493, 1645, 749, 1397, 1341, 1373, 1387, 1869, 1867, 1133, 1132, 1149, 1390, 1453, 1454, 1389, 1389, 1389],
    [494, 1646, 750, 1398, 1342, 1374, 1354, 1356, 1870, 1391, 1150, 1151, 1454, 1389, 1453, 1390, 1390, 1390],
    [495, 1647, 751, 1399, 1343, 1375, 1355, 1357, 1871, 1151, 1390, 1150, 1518, 1517, 1455, 367, 1383, 1387],
    [496, 1648, 752, 1368, 1384, 1336, 1906, 1908, 1872, 1376, 1136, 1393, 1330, 1329, 1456, 1396, 376, 380],
    [497, 1649, 753, 1369, 1385, 1337, 1907, 1909, 1873, 1136, 1376, 1392, 1394, 1457, 1458, 373, 369, 377],
    [498, 1650, 754, 1370, 1386, 1338, 1874, 1396, 1876, 1394, 1394, 1394, 1458, 1393, 1457, 374, 370, 378],
    [499, 1651, 755, 1371, 1387, 1339, 1875, 1397, 1877, 1122, 1122, 1395, 1522, 1521, 1459, 1399, 379, 383],
    [500, 1652, 756, 1372, 1388, 1340, 1394, 1876, 1874, 1396, 1396, 1396, 1334, 1333, 1460, 380, 1392, 376],
    [501, 1653, 757, 1373, 1389, 1341, 1395, 1877, 1875, 1124, 1124, 1397, 1398, 1461, 1462, 1405, 1401, 381],
    [502, 1654, 758, 1374, 1390, 1342, 1362, 1364, 1878, 1382, 1142, 1399, 1462, 1397, 1461, 1406, 1402, 382],
    [503, 1655, 759, 1375, 1391, 1343, 1363, 1365, 1879, 1142, 1382, 1398, 1526, 1525, 1463, 383, 1395, 379],
    [504, 1656, 760, 1400, 1400, 1400, 1914, 1916, 1880, 1400, 1400, 1400, 1338, 1337, 1464, 372, 372, 1400],
    [505, 1657, 761, 1401, 1401, 1401, 1915, 1917, 1881, 1128, 1128, 1401, 1402, 1465, 1466, 1397, 381, 1405],
    [506, 1658, 762, 1402, 1402, 1402, 1882, 1404, 1884, 1386, 1146, 1403, 1466, 1401, 1465, 1398, 382, 1406],
    [507, 1659, 763, 1403, 1403, 1403, 1883, 1405, 1885, 1146, 1386, 1402, 1530, 1529, 1467, 375, 375, 1403],
    [508, 1660, 764, 1404, 1404, 1404, 1402, 1884, 1882, 1388, 1148, 1405, 1342, 1341, 1468, 1404, 1404, 1404],
    [509, 1661, 765, 1405, 1405, 1405, 1403, 1885, 1883, 1148, 1388, 1404, 1406, 1469, 1470, 381, 1397, 1401],
    [510, 1662, 766, 1406, 1406, 1406, 1370, 1372, 1886, 1406, 1406, 1406, 1470, 1405, 1469, 382, 1398, 1402],
    [511, 1663, 767, 1407, 1407, 1407, 1371, 1373, 1887, 1134, 1134, 1407, 1534, 1533, 1471, 1407, 1407, 1407],
    [896, 1792, 1664, 1408, 1408, 1408, 1958, 1958, 1408, 1409, 1168, 1169, 1281, 1282, 1344, 1412, 392, 396],
    [897, 1793, 1665, 1409, 1409, 1409, 1959, 1959, 1409, 1169, 1408, 1168, 1345, 1410, 1346, 389, 385, 393],
    [898, 1794, 1666, 1410, 1410, 1410, 1926, 1446, 1412, 1427, 1426, 1170, 1409, 1346, 1345, 390, 386, 394],
    [899, 1795, 1667, 1411, 1411, 1411, 1927, 1447, 1413, 1155, 1154, 1171, 1473, 1474, 1347, 1415, 395, 399],
    [900, 1796, 1668, 1412, 1412, 1412, 1446, 1926, 1410, 1429, 1428, 1172, 1285, 1286, 1348, 396, 1408, 392],
    [901, 1797, 1669, 1413, 1413, 1413, 1447, 1927, 1411, 1157, 1156, 1173, 1349, 1414, 1350, 1421, 1417, 397],
    [902, 1798, 1670, 1414, 1414, 1414, 1414, 1414, 1414, 1415, 1174, 1175, 1413, 1350, 1349, 1422, 1418, 398],
    [903, 1799, 1671, 1415, 1415, 1415, 1415, 1415, 1415, 1175, 1414, 1174, 1477, 1478, 1351, 399, 1411, 395],
    [904, 1800, 1672, 1440, 1424, 1472, 1966, 1966, 1416, 1433, 1432, 1176, 1289, 1290, 1352, 388, 388, 1416],
    [905, 1801, 1673, 1441, 1425, 1473, 1967, 1967, 1417, 1161, 1160, 1177, 1353, 1418, 1354, 1413, 397, 1421],
    [906, 1802, 1674, 1442, 1426, 1474, 1934, 1454, 1420, 1419, 1178, 1179, 1417, 1354, 1353, 1414, 398, 1422],
    [907, 1803, 1675, 1443, 1427, 1475, 1935, 1455, 1421, 1179, 1418, 1178, 1481, 1482, 1355, 391, 391, 1419],
    [908, 1804, 1676, 1444, 1428, 1476, 1454, 1934, 1418, 1421, 1180, 1181, 1293, 1294, 1356, 1420, 1420, 1420],
    [909, 1805, 1677, 1445, 1429, 1477, 1455, 1935, 1419, 1181, 1420, 1180, 1357, 1422, 1358, 397, 1413, 1417],
    [910, 1806, 1678, 1446, 1430, 1478, 1422, 1422, 1422, 1439, 1438, 1182, 1421, 1358, 1357, 398, 1414, 1418],
    [911, 1807, 1679, 1447, 1431, 1479, 1423, 1423, 1423, 1167, 1166, 1183, 1485, 1486, 1359, 1423, 1423, 1423],
    [912, 1808, 1680, 1416, 1472, 1440, 1974, 1974, 1424, 1424, 1424, 1424, 1297, 1298, 1360, 404, 400, 408],
    [913, 1809, 1681, 1417, 1473, 1441, 1975, 1975, 1425, 1152, 1152, 1425, 1361, 1426, 1362, 1429, 409, 413],
    [914, 1810, 1682, 1418, 1474, 1442, 1942, 1462, 1428, 1410, 1170, 1427, 1425, 1362, 1361, 1430, 410, 414],
    [915, 1811, 1683, 1419, 1475, 1443, 1943, 1463, 1429, 1170, 1410, 1426, 1489, 1490, 1363, 407, 403, 411],
    [916, 1812, 1684, 1420, 1476, 1444, 1462, 1942, 1426, 1412, 1172, 1429, 1301, 1302, 1364, 1436, 1432, 412],
    [917, 1813, 1685, 1421, 1477, 1445, 1463, 1943, 1427, 1172, 1412, 1428, 1365, 1430, 1366, 413, 1425, 409],
    [918, 1814, 1686, 1422, 1478, 1446, 1430, 1430, 1430, 1430, 1430, 1430, 1429, 1366, 1365, 414, 1426, 410],
    [919, 1815, 1687, 1423, 1479, 1447, 1431, 1431, 1431, 1158, 1158, 1431, 1493, 1494, 1367, 1439, 1435, 415],
    [920, 1816, 1688, 1448, 1488, 1504, 1982, 1982, 1432, 1416, 1176, 1433, 1305, 1306, 1368, 1428, 412, 1436],
    [921, 1817, 1689, 1449, 1489, 1505, 1983, 1983, 1433, 1176, 1416, 1432, 1369, 1434, 1370, 405, 405, 1433],
    [922, 1818, 1690, 1450, 1490, 1506, 1950, 1470, 1436, 1434, 1434, 1434, 1433, 1370, 1369, 406, 406, 1434],
    [923, 1819, 1691, 1451, 1491, 1507, 1951, 1471, 1437, 1162, 1162, 1435, 1497, 1498, 1371, 1431, 415, 1439],
    [924, 1820, 1692, 1452, 1492, 1508, 1470, 1950, 1434, 1436, 1436, 1436, 1309, 1310, 1372, 412, 1428, 1432],
    [925, 1821, 1693, 1453, 1493, 1509, 1471, 1951, 1435, 1164, 1164, 1437, 1373, 1438, 1374, 1437, 1437, 1437],
    [926, 1822, 1694, 1454, 1494, 1510, 1438, 1438, 1438, 1422, 1182, 1439, 1437, 1374, 1373, 1438, 1438, 1438],
    [927, 1823, 1695, 1455, 1495, 1511, 1439, 1439, 1439, 1182, 1422, 1438, 1501, 1502, 1375, 415, 1431, 1435],
    [928, 1824, 1696, 1472, 1416, 1424, 1954, 1956, 1920, 1457, 1456, 1200, 1313, 1314, 1376, 420, 416, 424],
    [929, 1825, 1697, 1473, 1417, 1425, 1955, 1957, 1921, 1185, 1184, 1201, 1377, 1442, 1378, 1445, 425, 429],
    [930, 1826, 1698, 1474, 1418, 1426, 1922, 1444, 1924, 1443, 1202, 1203, 1441, 1378, 1377, 1446, 426, 430],
    [931, 1827, 1699, 1475, 1419, 1427, 1923, 1445, 1925, 1203, 1442, 1202, 1505, 1506, 1379, 423, 419, 427],
    [932, 1828, 1700, 1476, 1420, 1428, 1442, 1924, 1922, 1445, 1204, 1205, 1317, 1318, 1380, 1452, 1448, 428],
    [933, 1829, 1701, 1477, 1421, 1429, 1443, 1925, 1923, 1205, 1444, 1204, 1381, 1446, 1382, 429, 1441, 425],
    [934, 1830, 1702, 1478, 1422, 1430, 1410, 1412, 1926, 1463, 1462, 1206, 1445, 1382, 1381, 430, 1442, 426],
    [935, 1831, 1703, 1479, 1423, 1431, 1411, 1413, 1927, 1191, 1190, 1207, 1509, 1510, 1383, 1455, 1451, 431],
    [936, 1832, 1704, 1504, 1432, 1488, 1962, 1964, 1928, 1449, 1208, 1209, 1321, 1322, 1384, 1444, 428, 1452],
    [937, 1833, 1705, 1505, 1433, 1489, 1963, 1965, 1929, 1209, 1448, 1208, 1385, 1450, 1386, 421, 421, 1449],
    [938, 1834, 1706, 1506, 1434, 1490, 1930, 1452, 1932, 1467, 1466, 1210, 1449, 1386, 1385, 422, 422, 1450],
    [939, 1835, 1707, 1507, 1435, 1491, 1931, 1453, 1933, 1195, 1194, 1211, 1513, 1514, 1387, 1447, 431, 1455],
    [940, 1836, 1708, 1508, 1436, 1492, 1450, 1932, 1930, 1469, 1468, 1212, 1325, 1326, 1388, 428, 1444, 1448],
    [941, 1837, 1709, 1509, 1437, 1493, 1451, 1933, 1931, 1197, 1196, 1213, 1389, 1454, 1390, 1453, 1453, 1453],
    [942, 1838, 1710, 1510, 1438, 1494, 1418, 1420, 1934, 1455, 1214, 1215, 1453, 1390, 1389, 1454, 1454, 1454],
    [943, 1839, 1711, 1511, 1439, 1495, 1419, 1421, 1935, 1215, 1454, 1214, 1517, 1518, 1391, 431, 1447, 1451],
    [944, 1840, 1712, 1480, 1480, 1456, 1970, 1972, 1936, 1440, 1200, 1457, 1329, 1330, 1392, 1460, 440, 444],
    [945, 1841, 1713, 1481, 1481, 1457, 1971, 1973, 1937, 1200, 1440, 1456, 1393, 1458, 1394, 437, 433, 441],
    [946, 1842, 1714, 1482, 1482, 1458, 1938, 1460, 1940, 1458, 1458, 1458, 1457, 1394, 1393, 438, 434, 442],
    [947, 1843, 1715, 1483, 1483, 1459, 1939, 1461, 1941, 1186, 1186, 1459, 1521, 1522, 1395, 1463, 443, 447],
    [948, 1844, 1716, 1484, 1484, 1460, 1458, 1940, 1938, 1460, 1460, 1460, 1333, 1334, 1396, 444, 1456, 440],
    [949, 1845, 1717, 1485, 1485, 1461, 1459, 1941, 1939, 1188, 1188, 1461, 1397, 1462, 1398, 1469, 1465, 445],
    [950, 1846, 1718, 1486, 1486, 1462, 1426, 1428, 1942, 1446, 1206, 1463, 1461, 1398, 1397, 1470, 1466, 446],
    [951, 1847, 1719, 1487, 1487, 1463, 1427, 1429, 1943, 1206, 1446, 1462, 1525, 1526, 1399, 447, 1459, 443],
    [952, 1848, 1720, 1512, 1496, 1520, 1978, 1980, 1944, 1464, 1464, 1464, 1337, 1338, 1400, 436, 436, 1464],
    [953, 1849, 1721, 1513, 1497, 1521, 1979, 1981, 1945, 1192, 1192, 1465, 1401, 1466, 1402, 1461, 445, 1469],
    [954, 1850, 1722, 1514, 1498, 1522, 1946, 1468, 1948, 1450, 1210, 1467, 1465, 1402, 1401, 1462, 446, 1470],
    [955, 1851, 1723, 1515, 1499, 1523, 1947, 1469, 1949, 1210, 1450, 1466, 1529, 1530, 1403, 439, 439, 1467],
    [956, 1852, 1724, 1516, 1500, 1524, 1466, 1948, 1946, 1452, 1212, 1469, 1341, 1342, 1404, 1468, 1468, 1468],
    [957, 1853, 1725, 1517, 1501, 1525, 1467, 1949, 1947, 1212, 1452, 1468, 1405, 1470, 1406, 445, 1461, 1465],
    [958, 1854, 1726, 1518, 1502, 1526, 1434, 1436, 1950, 1470, 1470, 1470, 1469, 1406, 1405, 446, 1462, 1466],
    [959, 1855, 1727, 1519, 1503, 1527, 1435, 1437, 1951, 1198, 1198, 1471, 1533, 1534, 1407, 1471, 1471, 1471],
    [960, 1856, 1728, 1424, 1440, 1416, 2022, 2022, 1472, 1489, 1488, 1232, 1283, 1283, 1472, 452, 448, 456],
    [961, 1857, 1729, 1425, 1441, 1417, 2023, 2023, 1473, 1217, 1216, 1233, 1347, 1411, 1474, 1477, 457, 461],
    [962, 1858, 1730, 1426, 1442, 1418, 1990, 1510, 1476, 1475, 1234, 1235, 1411, 1347, 1473, 1478, 458, 462],
    [963, 1859, 1731, 1427, 1443, 1419, 1991, 1511, 1477, 1235, 1474, 1234, 1475, 1475, 1475, 455, 451, 459],
    [964, 1860, 1732, 1428, 1444, 1420, 1510, 1990, 1474, 1477, 1236, 1237, 1287, 1287, 1476, 1484, 1480, 460],
    [965, 1861, 1733, 1429, 1445, 1421, 1511, 1991, 1475, 1237, 1476, 1236, 1351, 1415, 1478, 461, 1473, 457],
    [966, 1862, 1734, 1430, 1446, 1422, 1478, 1478, 1478, 1495, 1494, 1238, 1415, 1351, 1477, 462, 1474, 458],
    [967, 1863, 1735, 1431, 1447, 1423, 1479, 1479, 1479, 1223, 1222, 1239, 1479, 1479, 1479, 1487, 1483, 463],
    [968, 1864, 1736, 1456, 1456, 1480, 2030, 2030, 1480, 1481, 1240, 1241, 1291, 1291, 1480, 1476, 460, 1484],
    [969, 1865, 1737, 1457, 1457, 1481, 2031, 2031, 1481, 1241, 1480, 1240, 1355, 1419, 1482, 453, 453, 1481],
    [970, 1866, 1738, 1458, 1458, 1482, 1998, 1518, 1484, 1499, 1498, 1242, 1419, 1355, 1481, 454, 454, 1482],
    [971, 1867, 1739, 1459, 1459, 1483, 1999, 1519, 1485, 1227, 1226, 1243, 1483, 1483, 1483, 1479, 463, 1487],
    [972, 1868, 1740, 1460, 1460, 1484, 1518, 1998, 1482, 1501, 1500, 1244, 1295, 1295, 1484, 460, 1476, 1480],
    [973, 1869, 1741, 1461, 1461, 1485, 1519, 1999, 1483, 1229, 1228, 1245, 1359, 1423, 1486, 1485, 1485, 1485],
    [974, 1870, 1742, 1462, 1462, 1486, 1486, 1486, 1486, 1487, 1246, 1247, 1423, 1359, 1485, 1486, 1486, 1486],
    [975, 1871, 1743, 1463, 1463, 1487, 1487, 1487, 1487, 1247, 1486, 1246, 1487, 1487, 1487, 463, 1479, 1483],
    [976, 1872, 1744, 1432, 1504, 1448, 2038, 2038, 1488, 1472, 1232, 1489, 1299, 1299, 1488, 1492, 472, 476],
    [977, 1873, 1745, 1433, 1505, 1449, 2039, 2039, 1489, 1232, 1472, 1488, 1363, 1427, 1490, 469, 465, 473],
    [978, 1874, 1746, 1434, 1506, 1450, 2006, 1526, 1492, 1490, 1490, 1490, 1427, 1363, 1489, 470, 466, 474],
    [979, 1875, 1747, 1435, 1507, 1451, 2007, 1527, 1493, 1218, 1218, 1491, 1491, 1491, 1491, 1495, 475, 479],
    [980, 1876, 1748, 1436, 1508, 1452, 1526, 2006, 1490, 1492, 1492, 1492, 1303, 1303, 1492, 476, 1488, 472],
    [981, 1877, 1749, 1437, 1509, 1453, 1527, 2007, 1491, 1220, 1220, 1493, 1367, 1431, 1494, 1501, 1497, 477],
    [982, 1878, 1750, 1438, 1510, 1454, 1494, 1494, 1494, 1478, 1238, 1495, 1431, 1367, 1493, 1502, 1498, 478],
    [983, 1879, 1751, 1439, 1511, 1455, 1495, 1495, 1495, 1238, 1478, 1494, 1495, 1495, 1495, 479, 1491, 475],
    [984, 1880, 1752, 1464, 1520, 1512, 2046, 2046, 1496, 1496, 1496, 1496, 1307, 1307, 1496, 468, 468, 1496],
    [985, 1881, 1753, 1465, 1521, 1513, 2047, 2047, 1497, 1224, 1224, 1497, 1371, 1435, 1498, 1493, 477, 1501],
    [986, 1882, 1754, 1466, 1522, 1514, 2014, 1534, 1500, 1482, 1242, 1499, 1435, 1371, 1497, 1494, 478, 1502],
    [987, 1883, 1755, 1467, 1523, 1515, 2015, 1535, 1501, 1242, 1482, 1498, 1499, 1499, 1499, 471, 471, 1499],
    [988, 1884, 1756, 1468, 1524, 1516, 1534, 2014, 1498, 1484, 1244, 1501, 1311, 1311, 1500, 1500, 1500, 1500],
    [989, 1885, 1757, 1469, 1525, 1517, 1535, 2015, 1499, 1244, 1484, 1500, 1375, 1439, 1502, 477, 1493, 1497],
    [990, 1886, 1758, 1470, 1526, 1518, 1502, 1502, 1502, 1502, 1502, 1502, 1439, 1375, 1501, 478, 1494, 1498],
    [991, 1887, 1759, 1471, 1527, 1519, 1503, 1503, 1503, 1230, 1230, 1503, 1503, 1503, 1503, 1503, 1503, 1503],
    [992, 1888, 1760, 1488, 1448, 1432, 2018, 2020, 1984, 1505, 1264, 1265, 1315, 1315, 1504, 1508, 488, 492],
    [993, 1889, 1761, 1489, 1449, 1433, 2019, 2021, 1985, 1265, 1504, 1264, 1379, 1443, 1506, 485, 481, 489],
    [994, 1890, 1762, 1490, 1450, 1434, 1986, 1508, 1988, 1523, 1522, 1266, 1443, 1379, 1505, 486, 482, 490],
    [995, 1891, 1763, 1491, 1451, 1435, 1987, 1509, 1989, 1251, 1250, 1267, 1507, 1507, 1507, 1511, 491, 495],
    [996, 1892, 1764, 1492, 1452, 1436, 1506, 1988, 1986, 1525, 1524, 1268, 1319, 1319, 1508, 492, 1504, 488],
    [997, 1893, 1765, 1493, 1453, 1437, 1507, 1989, 1987, 1253, 1252, 1269, 1383, 1447, 1510, 1517, 1513, 493],
    [998, 1894, 1766, 1494, 1454, 1438, 1474, 1476, 1990, 1511, 1270, 1271, 1447, 1383, 1509, 1518, 1514, 494],
    [999, 1895, 1767, 1495, 1455, 1439, 1475, 1477, 1991, 1271, 1510, 1270, 1511, 1511, 1511, 495, 1507, 491],
    [1000, 1896, 1768, 1520, 1464, 1496, 2026, 2028, 1992, 1529, 1528, 1272, 1323, 1323, 1512, 484, 484, 1512],
    [1001, 1897, 1769, 1521, 1465, 1497, 2027, 2029, 1993, 1257, 1256, 1273, 1387, 1451, 1514, 1509, 493, 1517],
    [1002, 1898, 1770, 1522, 1466, 1498, 1994, 1516, 1996, 1515, 1274, 1275, 1451, 1387, 1513, 1510, 494, 1518],
    [1003, 1899, 1771, 1523, 1467, 1499, 1995, 1517, 1997, 1275, 1514, 1274, 1515, 1515, 1515, 487, 487, 1515],
    [1004, 1900, 1772, 1524, 1468, 1500, 1514, 1996, 1994, 1517, 1276, 1277, 1327, 1327, 1516, 1516, 1516, 1516],
    [1005, 1901, 1773, 1525, 1469, 1501, 1515, 1997, 1995, 1277, 1516, 1276, 1391, 1455, 1518, 493, 1509, 1513],
    [1006, 1902, 1774, 1526, 1470, 1502, 1482, 1484, 1998, 1535, 1534, 1278, 1455, 1391, 1517, 494, 1510, 1514],
    [1007, 1903, 1775, 1527, 1471, 1503, 1483, 1485, 1999, 1263, 1262, 1279, 1519, 1519, 1519, 1519, 1519, 1519],
    [1008, 1904, 1776, 1496, 1512, 1464, 2034, 2036, 2000, 1520, 1520, 1520, 1331, 1331, 1520, 500, 496, 504],
    [1009, 1905, 1777, 1497, 1513, 1465, 2035, 2037, 2001, 1248, 1248, 1521, 1395, 1459, 1522, 1525, 505, 509],
    [1010, 1906, 1778, 1498, 1514, 1466, 2002, 1524, 2004, 1506, 1266, 1523, 1459, 1395, 1521, 1526, 506, 510],
    [1011, 1907, 1779, 1499, 1515, 1467, 2003, 1525, 2005, 1266, 1506, 1522, 1523, 1523, 1523, 503, 499, 507],
    [1012, 1908, 1780, 1500, 1516, 1468, 1522, 2004, 2002, 1508, 1268, 1525, 1335, 1335, 1524, 1532, 1528, 508],
    [1013, 1909, 1781, 1501, 1517, 1469, 1523, 2005, 2003, 1268, 1508, 1524, 1399, 1463, 1526, 509, 1521, 505],
    [1014, 1910, 1782, 1502, 1518, 1470, 1490, 1492, 2006, 1526, 1526, 1526, 1463, 1399, 1525, 510, 1522, 506],
    [1015, 1911, 1783, 1503, 1519, 1471, 1491, 1493, 2007, 1254, 1254, 1527, 1527, 1527, 1527, 1535, 1531, 511],
    [1016, 1912, 1784, 1528, 1528, 1528, 2042, 2044, 2008, 1512, 1272, 1529, 1339, 1339, 1528, 1524, 508, 1532],
    [1017, 1913, 1785, 1529, 1529, 1529, 2043, 2045, 2009, 1272, 1512, 1528, 1403, 1467, 1530, 501, 501, 1529],
    [1018, 1914, 1786, 1530, 1530, 1530, 2010, 1532, 2012, 1530, 1530, 1530, 1467, 1403, 1529, 502, 502, 1530],
    [1019, 1915, 1787, 1531, 1531, 1531, 2011, 1533, 2013, 1258, 1258, 1531, 1531, 1531, 1531, 1527, 511, 1535],
    [1020, 1916, 1788, 1532, 1532, 1532, 1530, 2012, 2010, 1532, 1532, 1532, 1343, 1343, 1532, 508, 1524, 1528],
    [1021, 1917, 1789, 1533, 1533, 1533, 1531, 2013, 2011, 1260, 1260, 1533, 1407, 1471, 1534, 1533, 1533, 1533],
    [1022, 1918, 1790, 1534, 1534, 1534, 1498, 1500, 2014, 1518, 1278, 1535, 1471, 1407, 1533, 1534, 1534, 1534],
    [1023, 1919, 1791, 1535, 1535, 1535, 1499, 1501, 2015, 1278, 1518, 1534, 1535, 1535, 1535, 511, 1527, 1531],
    [1280, 640, 384, 1536, 1536, 1536, 1572, 1570, 1056, 1809, 1809, 1536, 1536, 1536, 1536, 516, 512, 520],
    [1281, 641, 385, 1537, 1537, 1537, 1573, 1571, 1057, 1537, 1537, 1537, 1600, 1664, 1538, 1541, 521, 525],
    [1282, 642, 386, 1538, 1538, 1538, 1540, 1058, 1060, 1795, 1555, 1539, 1664, 1600, 1537, 1542, 522, 526],
    [1283, 643, 387, 1539, 1539, 1539, 1541, 1059, 1061, 1555, 1795, 1538, 1728, 1728, 1539, 519, 515, 523],
    [1284, 644, 388, 1540, 1540, 1540, 1060, 1538, 1058, 1797, 1557, 1541, 1540, 1540, 1540, 1548, 1544, 524],
    [1285, 645, 389, 1541, 1541, 1541, 1061, 1539, 1059, 1557, 1797, 1540, 1604, 1668, 1542, 525, 1537, 521],
    [1286, 646, 390, 1542, 1542, 1542, 1028, 1026, 1062, 1815, 1815, 1542, 1668, 1604, 1541, 526, 1538, 522],
    [1287, 647, 391, 1543, 1543, 1543, 1029, 1027, 1063, 1543, 1543, 1543, 1732, 1732, 1543, 1551, 1547, 527],
    [1288, 648, 392, 1568, 1552, 1600, 1580, 1578, 1064, 1801, 1561, 1545, 1544, 1544, 1544, 1540, 524, 1548],
    [1289, 649, 393, 1569, 1553, 1601, 1581, 1579, 1065, 1561, 1801, 1544, 1608, 1672, 1546, 517, 517, 1545],
    [1290, 650, 394, 1570, 1554, 1602, 1548, 1066, 1068, 1819, 1819, 1546, 1672, 1608, 1545, 518, 518, 1546],
    [1291, 651, 395, 1571, 1555, 1603, 1549, 1067, 1069, 1547, 1547, 1547, 1736, 1736, 1547, 1543, 527, 1551],
    [1292, 652, 396, 1572, 1556, 1604, 1068, 1546, 1066, 1821, 1821, 1548, 1548, 1548, 1548, 524, 1540, 1544],
    [1293, 653, 397, 1573, 1557, 1605, 1069, 1547, 1067, 1549, 1549, 1549, 1612, 1676, 1550, 1549, 1549, 1549],
    [1294, 654, 398, 1574, 1558, 1606, 1036, 1034, 1070, 1807, 1567, 1551, 1676, 1612, 1549, 1550, 1550, 1550],
    [1295, 655, 399, 1575, 1559, 1607, 1037, 1035, 1071, 1567, 1807, 1550, 1740, 1740, 1551, 527, 1543, 1547],
    [1296, 656, 400, 1544, 1600, 1568, 1588, 1586, 1072, 1792, 1553, 1793, 1552, 1552, 1552, 1556, 536, 540],
    [1297, 657, 401, 1545, 1601, 1569, 1589, 1587, 1073, 1552, 1793, 1792, 1616, 1680, 1554, 533, 529, 537],
    [1298, 658, 402, 1546, 1602, 1570, 1556, 1074, 1076, 1810, 1811, 1794, 1680, 1616, 1553, 534, 530, 538],
    [1299, 659, 403, 1547, 1603, 1571, 1557, 1075, 1077, 1538, 1539, 1795, 1744, 1744, 1555, 1559, 539, 543],
    [1300, 660, 404, 1548, 1604, 1572, 1076, 1554, 1074, 1812, 1813, 1796, 1556, 1556, 1556, 540, 1552, 536],
    [1301, 661, 405, 1549, 1605, 1573, 1077, 1555, 1075, 1540, 1541, 1797, 1620, 1684, 1558, 1565, 1561, 541],
    [1302, 662, 406, 1550, 1606, 1574, 1044, 1042, 1078, 1798, 1559, 1799, 1684, 1620, 1557, 1566, 1562, 542],
    [1303, 663, 407, 1551, 1607, 1575, 1045, 1043, 1079, 1558, 1799, 1798, 1748, 1748, 1559, 543, 1555, 539],
    [1304, 664, 408, 1576, 1616, 1632, 1596, 1594, 1080, 1816, 1817, 1800, 1560, 1560, 1560, 532, 532, 1560],
    [1305, 665, 409, 1577, 1617, 1633, 1597, 1595, 1081, 1544, 1545, 1801, 1624, 1688, 1562, 1557, 541, 1565],
    [1306, 666, 410, 1578, 1618, 1634, 1564, 1082, 1084, 1802, 1563, 1803, 1688, 1624, 1561, 1558, 542, 1566],
    [1307, 667, 411, 1579, 1619, 1635, 1565, 1083, 1085, 1562, 1803, 1802, 1752, 1752, 1563, 535, 535, 1563],
    [1308, 668, 412, 1580, 1620, 1636, 1084, 1562, 1082, 1804, 1565, 1805, 1564, 1564, 1564, 1564, 1564, 1564],
    [1309, 669, 413, 1581, 1621, 1637, 1085, 1563, 1083, 1564, 1805, 1804, 1628, 1692, 1566, 541, 1557, 1561],
    [1310, 670, 414, 1582, 1622, 1638, 1052, 1050, 1086, 1822, 1823, 1806, 1692, 1628, 1565, 542, 1558, 1562],
    [1311, 671, 415, 1583, 1623, 1639, 1053, 1051, 1087, 1550, 1551, 1807, 1756, 1756, 1567, 1567, 1567, 1567],
    [1312, 672, 416, 1600, 1544, 1552, 1568, 1568, 1568, 1825, 1585, 1569, 1568, 1568, 1568, 1572, 552, 556],
    [1313, 673, 417, 1601, 1545, 1553, 1569, 1569, 1569, 1585, 1825, 1568, 1632, 1696, 1570, 549, 545, 553],
    [1314, 674, 418, 1602, 1546, 1554, 1536, 1056, 1572, 1843, 1843, 1570, 1696, 1632, 1569, 550, 546, 554],
    [1315, 675, 419, 1603, 1547, 1555, 1537, 1057, 1573, 1571, 1571, 1571, 1760, 1760, 1571, 1575, 555, 559],
    [1316, 676, 420, 1604, 1548, 1556, 1056, 1536, 1570, 1845, 1845, 1572, 1572, 1572, 1572, 556, 1568, 552],
    [1317, 677, 421, 1605, 1549, 1557, 1057, 1537, 1571, 1573, 1573, 1573, 1636, 1700, 1574, 1581, 1577, 557],
    [1318, 678, 422, 1606, 1550, 1558, 1024, 1024, 1574, 1831, 1591, 1575, 1700, 1636, 1573, 1582, 1578, 558],
    [1319, 679, 423, 1607, 1551, 1559, 1025, 1025, 1575, 1591, 1831, 1574, 1764, 1764, 1575, 559, 1571, 555],
    [1320, 680, 424, 1632, 1560, 1616, 1576, 1576, 1576, 1849, 1849, 1576, 1576, 1576, 1576, 548, 548, 1576],
    [1321, 681, 425, 1633, 1561, 1617, 1577, 1577, 1577, 1577, 1577, 1577, 1640, 1704, 1578, 1573, 557, 1581],
    [1322, 682, 426, 1634, 1562, 1618, 1544, 1064, 1580, 1835, 1595, 1579, 1704, 1640, 1577, 1574, 558, 1582],
    [1323, 683, 427, 1635, 1563, 1619, 1545, 1065, 1581, 1595, 1835, 1578, 1768, 1768, 1579, 551, 551, 1579],
    [1324, 684, 428, 1636, 1564, 1620, 1064, 1544, 1578, 1837, 1597, 1581, 1580, 1580, 1580, 1580, 1580, 1580],
    [1325, 685, 429, 1637, 1565, 1621, 1065, 1545, 1579, 1597, 1837, 1580, 1644, 1708, 1582, 557, 1573, 1577],
    [1326, 686, 430, 1638, 1566, 1622, 1032, 1032, 1582, 1855, 1855, 1582, 1708, 1644, 1581, 558, 1574, 1578],
    [1327, 687, 431, 1639, 1567, 1623, 1033, 1033, 1583, 1583, 1583, 1583, 1772, 1772, 1583, 1583, 1583, 1583],
    [1328, 688, 432, 1608, 1608, 1584, 1584, 1584, 1584, 1840, 1841, 1824, 1584, 1584, 1584, 564, 560, 568],
    [1329, 689, 433, 1609, 1609, 1585, 1585, 1585, 1585, 1568, 1569, 1825, 1648, 1712, 1586, 1589, 569, 573],
    [1330, 690, 434, 1610, 1610, 1586, 1552, 1072, 1588, 1826, 1587, 1827, 1712, 1648, 1585, 1590, 570, 574],
    [1331, 691, 435, 1611, 1611, 1587, 1553, 1073, 1589, 1586, 1827, 1826, 1776, 1776, 1587, 567, 563, 571],
    [1332, 692, 436, 1612, 1612, 1588, 1072, 1552, 1586, 1828, 1589, 1829, 1588, 1588, 1588, 1596, 1592, 572],
    [1333, 693, 437, 1613, 1613, 1589, 1073, 1553, 1587, 1588, 1829, 1828, 1652, 1716, 1590, 573, 1585, 569],
    [1334, 694, 438, 1614, 1614, 1590, 1040, 1040, 1590, 1846, 1847, 1830, 1716, 1652, 1589, 574, 1586, 570],
    [1335, 695, 439, 1615, 1615, 1591, 1041, 1041, 1591, 1574, 1575, 1831, 1780, 1780, 1591, 1599, 1595, 575],
    [1336, 696, 440, 1640, 1624, 1648, 1592, 1592, 1592, 1832, 1593, 1833, 1592, 1592, 1592, 1588, 572, 1596],
    [1337, 697, 441, 1641, 1625, 1649, 1593, 1593, 1593, 1592, 1833, 1832, 1656, 1720, 1594, 565, 565, 1593],
    [1338, 698, 442, 1642, 1626, 1650, 1560, 1080, 1596, 1850, 1851, 1834, 1720, 1656, 1593, 566, 566, 1594],
    [1339, 699, 443, 1643, 1627, 1651, 1561, 1081, 1597, 1578, 1579, 1835, 1784, 1784, 1595, 1591, 575, 1599],
    [1340, 700, 444, 1644, 1628, 1652, 1080, 1560, 1594, 1852, 1853, 1836, 1596, 1596, 1596, 572, 1588, 1592],
    [1341, 701, 445, 1645, 1629, 1653, 1081, 1561, 1595, 1580, 1581, 1837, 1660, 1724, 1598, 1597, 1597, 1597],
    [1342, 702, 446, 1646, 1630, 1654, 1048, 1048, 1598, 1838, 1599, 1839, 1724, 1660, 1597, 1598, 1598, 1598],
    [1343, 703, 447, 1647, 1631, 1655, 1049, 1049, 1599, 1598, 1839, 1838, 1788, 1788, 1599, 575, 1591, 1595],
    [1344, 704, 448, 1552, 1568, 1544, 1636, 1634, 1120, 1857, 1617, 1601, 1538, 1537, 1664, 1604, 584, 588],
    [1345, 705, 449, 1553, 1569, 1545, 1637, 1635, 1121, 1617, 1857, 1600, 1602, 1665, 1666, 581, 577, 585],
    [1346, 706, 450, 1554, 1570, 1546, 1604, 1122, 1124, 1875, 1875, 1602, 1666, 1601, 1665, 582, 578, 586],
    [1347, 707, 451, 1555, 1571, 1547, 1605, 1123, 1125, 1603, 1603, 1603, 1730, 1729, 1667, 1607, 587, 591],
    [1348, 708, 452, 1556, 1572, 1548, 1124, 1602, 1122, 1877, 1877, 1604, 1542, 1541, 1668, 588, 1600, 584],
    [1349, 709, 453, 1557, 1573, 1549, 1125, 1603, 1123, 1605, 1605, 1605, 1606, 1669, 1670, 1613, 1609, 589],
    [1350, 710, 454, 1558, 1574, 1550, 1092, 1090, 1126, 1863, 1623, 1607, 1670, 1605, 1669, 1614, 1610, 590],
    [1351, 711, 455, 1559, 1575, 1551, 1093, 1091, 1127, 1623, 1863, 1606, 1734, 1733, 1671, 591, 1603, 587],
    [1352, 712, 456, 1584, 1584, 1608, 1644, 1642, 1128, 1881, 1881, 1608, 1546, 1545, 1672, 580, 580, 1608],
    [1353, 713, 457, 1585, 1585, 1609, 1645, 1643, 1129, 1609, 1609, 1609, 1610, 1673, 1674, 1605, 589, 1613],
    [1354, 714, 458, 1586, 1586, 1610, 1612, 1130, 1132, 1867, 1627, 1611, 1674, 1609, 1673, 1606, 590, 1614],
    [1355, 715, 459, 1587, 1587, 1611, 1613, 1131, 1133, 1627, 1867, 1610, 1738, 1737, 1675, 583, 583, 1611],
    [1356, 716, 460, 1588, 1588, 1612, 1132, 1610, 1130, 1869, 1629, 1613, 1550, 1549, 1676, 1612, 1612, 1612],
    [1357, 717, 461, 1589, 1589, 1613, 1133, 1611, 1131, 1629, 1869, 1612, 1614, 1677, 1678, 589, 1605, 1609],
    [1358, 718, 462, 1590, 1590, 1614, 1100, 1098, 1134, 1887, 1887, 1614, 1678, 1613, 1677, 590, 1606, 1610],
    [1359, 719, 463, 1591, 1591, 1615, 1101, 1099, 1135, 1615, 1615, 1615, 1742, 1741, 1679, 1615, 1615, 1615],
    [1360, 720, 464, 1560, 1632, 1576, 1652, 1650, 1136, 1872, 1873, 1856, 1554, 1553, 1680, 596, 592, 600],
    [1361, 721, 465, 1561, 1633, 1577, 1653, 1651, 1137, 1600, 1601, 1857, 1618, 1681, 1682, 1621, 601, 605],
    [1362, 722, 466, 1562, 1634, 1578, 1620, 1138, 1140, 1858, 1619, 1859, 1682, 1617, 1681, 1622, 602, 606],
    [1363, 723, 467, 1563, 1635, 1579, 1621, 1139, 1141, 1618, 1859, 1858, 1746, 1745, 1683, 599, 595, 603],
    [1364, 724, 468, 1564, 1636, 1580, 1140, 1618, 1138, 1860, 1621, 1861, 1558, 1557, 1684, 1628, 1624, 604],
    [1365, 725, 469, 1565, 1637, 1581, 1141, 1619, 1139, 1620, 1861, 1860, 1622, 1685, 1686, 605, 1617, 601],
    [1366, 726, 470, 1566, 1638, 1582, 1108, 1106, 1142, 1878, 1879, 1862, 1686, 1621, 1685, 606, 1618, 602],
    [1367, 727, 471, 1567, 1639, 1583, 1109, 1107, 1143, 1606, 1607, 1863, 1750, 1749, 1687, 1631, 1627, 607],
    [1368, 728, 472, 1592, 1648, 1640, 1660, 1658, 1144, 1864, 1625, 1865, 1562, 1561, 1688, 1620, 604, 1628],
    [1369, 729, 473, 1593, 1649, 1641, 1661, 1659, 1145, 1624, 1865, 1864, 1626, 1689, 1690, 597, 597, 1625],
    [1370, 730, 474, 1594, 1650, 1642, 1628, 1146, 1148, 1882, 1883, 1866, 1690, 1625, 1689, 598, 598, 1626],
    [1371, 731, 475, 1595, 1651, 1643, 1629, 1147, 1149, 1610, 1611, 1867, 1754, 1753, 1691, 1623, 607, 1631],
    [1372, 732, 476, 1596, 1652, 1644, 1148, 1626, 1146, 1884, 1885, 1868, 1566, 1565, 1692, 604, 1620, 1624],
    [1373, 733, 477, 1597, 1653, 1645, 1149, 1627, 1147, 1612, 1613, 1869, 1630, 1693, 1694, 1629, 1629, 1629],
    [1374, 734, 478, 1598, 1654, 1646, 1116, 1114, 1150, 1870, 1631, 1871, 1694, 1629, 1693, 1630, 1630, 1630],
    [1375, 735, 479, 1599, 1655, 1647, 1117, 1115, 1151, 1630, 1871, 1870, 1758, 1757, 1695, 607, 1623, 1627],
    [1376, 736, 480, 1616, 1576, 1560, 1632, 1632, 1632, 1905, 1905, 1632, 1570, 1569, 1696, 612, 608, 616],
    [1377, 737, 481, 1617, 1577, 1561, 1633, 1633, 1633, 1633, 1633, 1633, 1634, 1697, 1698, 1637, 617, 621],
    [1378, 738, 482, 1618, 1578, 1562, 1600, 1120, 1636, 1891, 1651, 1635, 1698, 1633, 1697, 1638, 618, 622],
    [1379, 739, 483, 1619, 1579, 1563, 1601, 1121, 1637, 1651, 1891, 1634, 1762, 1761, 1699, 615, 611, 619],
    [1380, 740, 484, 1620, 1580, 1564, 1120, 1600, 1634, 1893, 1653, 1637, 1574, 1573, 1700, 1644, 1640, 620],
    [1381, 741, 485, 1621, 1581, 1565, 1121, 1601, 1635, 1653, 1893, 1636, 1638, 1701, 1702, 621, 1633, 617],
    [1382, 742, 486, 1622, 1582, 1566, 1088, 1088, 1638, 1911, 1911, 1638, 1702, 1637, 1701, 622, 1634, 618],
    [1383, 743, 487, 1623, 1583, 1567, 1089, 1089, 1639, 1639, 1639, 1639, 1766, 1765, 1703, 1647, 1643, 623],
    [1384, 744, 488, 1648, 1592, 1624, 1640, 1640, 1640, 1897, 1657, 1641, 1578, 1577, 1704, 1636, 620, 1644],
    [1385, 745, 489, 1649, 1593, 1625, 1641, 1641, 1641, 1657, 1897, 1640, 1642, 1705, 1706, 613, 613, 1641],
    [1386, 746, 490, 1650, 1594, 1626, 1608, 1128, 1644, 1915, 1915, 1642, 1706, 1641, 1705, 614, 614, 1642],
    [1387, 747, 491, 1651, 1595, 1627, 1609, 1129, 1645, 1643, 1643, 1643, 1770, 1769, 1707, 1639, 623, 1647],
    [1388, 748, 492, 1652, 1596, 1628, 1128, 1608, 1642, 1917, 1917, 1644, 1582, 1581, 1708, 620, 1636, 1640],
    [1389, 749, 493, 1653, 1597, 1629, 1129, 1609, 1643, 1645, 1645, 1645, 1646, 1709, 1710, 1645, 1645, 1645],
    [1390, 750, 494, 1654, 1598, 1630, 1096, 1096, 1646, 1903, 1663, 1647, 1710, 1645, 1709, 1646, 1646, 1646],
    [1391, 751, 495, 1655, 1599, 1631, 1097, 1097, 1647, 1663, 1903, 1646, 1774, 1773, 1711, 623, 1639, 1643],
    [1392, 752, 496, 1624, 1640, 1592, 1648, 1648, 1648, 1888, 1649, 1889, 1586, 1585, 1712, 1652, 632, 636],
    [1393, 753, 497, 1625, 1641, 1593, 1649, 1649, 1649, 1648, 1889, 1888, 1650, 1713, 1714, 629, 625, 633],
    [1394, 754, 498, 1626, 1642, 1594, 1616, 1136, 1652, 1906, 1907, 1890, 1714, 1649, 1713, 630, 626, 634],
    [1395, 755, 499, 1627, 1643, 1595, 1617, 1137, 1653, 1634, 1635, 1891, 1778, 1777, 1715, 1655, 635, 639],
    [1396, 756, 500, 1628, 1644, 1596, 1136, 1616, 1650, 1908, 1909, 1892, 1590, 1589, 1716, 636, 1648, 632],
    [1397, 757, 501, 1629, 1645, 1597, 1137, 1617, 1651, 1636, 1637, 1893, 1654, 1717, 1718, 1661, 1657, 637],
    [1398, 758, 502, 1630, 1646, 1598, 1104, 1104, 1654, 1894, 1655, 1895, 1718, 1653, 1717, 1662, 1658, 638],
    [1399, 759, 503, 1631, 1647, 1599, 1105, 1105, 1655, 1654, 1895, 1894, 1782, 1781, 1719, 639, 1651, 635],
    [1400, 760, 504, 1656, 1656, 1656, 1656, 1656, 1656, 1912, 1913, 1896, 1594, 1593, 1720, 628, 628, 1656],
    [1401, 761, 505, 1657, 1657, 1657, 1657, 1657, 1657, 1640, 1641, 1897, 1658, 1721, 1722, 1653, 637, 1661],
    [1402, 762, 506, 1658, 1658, 1658, 1624, 1144, 1660, 1898, 1659, 1899, 1722, 1657, 1721, 1654, 638, 1662],
    [1403, 763, 507, 1659, 1659, 1659, 1625, 1145, 1661, 1658, 1899, 1898, 1786, 1785, 1723, 631, 631, 1659],
    [1404, 764, 508, 1660, 1660, 1660, 1144, 1624, 1658, 1900, 1661, 1901, 1598, 1597, 1724, 1660, 1660, 1660],
    [1405, 765, 509, 1661, 1661, 1661, 1145, 1625, 1659, 1660, 1901, 1900, 1662, 1725, 1726, 637, 1653, 1657],
    [1406, 766, 510, 1662, 1662, 1662, 1112, 1112, 1662, 1918, 1919, 1902, 1726, 1661, 1725, 638, 1654, 1658],
    [1407, 767, 511, 1663, 1663, 1663, 1113, 1113, 1663, 1646, 1647, 1903, 1790, 1789, 1727, 1663, 1663, 1663],
    [1792, 896, 1408, 1664, 1664, 1664, 1700, 1698, 1184, 1921, 1681, 1665, 1537, 1538, 1600, 1668, 648, 652],
    [1793, 897, 1409, 1665, 1665, 1665, 1701, 1699, 1185, 1681, 1921, 1664, 1601, 1666, 1602, 645, 641, 649],
    [1794, 898, 1410, 1666, 1666, 1666, 1668, 1186, 1188, 1939, 1939, 1666, 1665, 1602, 1601, 646, 642, 650],
    [1795, 899, 1411, 1667, 1667, 1667, 1669, 1187, 1189, 1667, 1667, 1667, 1729, 1730, 1603, 1671, 651, 655],
    [1796, 900, 1412, 1668, 1668, 1668, 1188, 1666, 1186, 1941, 1941, 1668, 1541, 1542, 1604, 652, 1664, 648],
    [1797, 901, 1413, 1669, 1669, 1669, 1189, 1667, 1187, 1669, 1669, 1669, 1605, 1670, 1606, 1677, 1673, 653],
    [1798, 902, 1414, 1670, 1670, 1670, 1156, 1154, 1190, 1927, 1687, 1671, 1669, 1606, 1605, 1678, 1674, 654],
    [1799, 903, 1415, 1671, 1671, 1671, 1157, 1155, 1191, 1687, 1927, 1670, 1733, 1734, 1607, 655, 1667, 651],
    [1800, 904, 1416, 1696, 1680, 1728, 1708, 1706, 1192, 1945, 1945, 1672, 1545, 1546, 1608, 644, 644, 1672],
    [1801, 905, 1417, 1697, 1681, 1729, 1709, 1707, 1193, 1673, 1673, 1673, 1609, 1674, 1610, 1669, 653, 1677],
    [1802, 906, 1418, 1698, 1682, 1730, 1676, 1194, 1196, 1931, 1691, 1675, 1673, 1610, 1609, 1670, 654, 1678],
    [1803, 907, 1419, 1699, 1683, 1731, 1677, 1195, 1197, 1691, 1931, 1674, 1737, 1738, 1611, 647, 647, 1675],
    [1804, 908, 1420, 1700, 1684, 1732, 1196, 1674, 1194, 1933, 1693, 1677, 1549, 1550, 1612, 1676, 1676, 1676],
    [1805, 909, 1421, 1701, 1685, 1733, 1197, 1675, 1195, 1693, 1933, 1676, 1613, 1678, 1614, 653, 1669, 1673],
    [1806, 910, 1422, 1702, 1686, 1734, 1164, 1162, 1198, 1951, 1951, 1678, 1677, 1614, 1613, 654, 1670, 1674],
    [1807, 911, 1423, 1703, 1687, 1735, 1165, 1163, 1199, 1679, 1679, 1679, 1741, 1742, 1615, 1679, 1679, 1679],
    [1808, 912, 1424, 1672, 1728, 1696, 1716, 1714, 1200, 1936, 1937, 1920, 1553, 1554, 1616, 660, 656, 664],
    [1809, 913, 1425, 1673, 1729, 1697, 1717, 1715, 1201, 1664, 1665, 1921, 1617, 1682, 1618, 1685, 665, 669],
    [1810, 914, 1426, 1674, 1730, 1698, 1684, 1202, 1204, 1922, 1683, 1923, 1681, 1618, 1617, 1686, 666, 670],
    [1811, 915, 1427, 1675, 1731, 1699, 1685, 1203, 1205, 1682, 1923, 1922, 1745, 1746, 1619, 663, 659, 667],
    [1812, 916, 1428, 1676, 1732, 1700, 1204, 1682, 1202, 1924, 1685, 1925, 1557, 1558, 1620, 1692, 1688, 668],
    [1813, 917, 1429, 1677, 1733, 1701, 1205, 1683, 1203, 1684, 1925, 1924, 1621, 1686, 1622, 669, 1681, 665],
    [1814, 918, 1430, 1678, 1734, 1702, 1172, 1170, 1206, 1942, 1943, 1926, 1685, 1622, 1621, 670, 1682, 666],
    [1815, 919, 1431, 1679, 1735, 1703, 1173, 1171, 1207, 1670, 1671, 1927, 1749, 1750, 1623, 1695, 1691, 671],
    [1816, 920, 1432, 1704, 1744, 1760, 1724, 1722, 1208, 1928, 1689, 1929, 1561, 1562, 1624, 1684, 668, 1692],
    [1817, 921, 1433, 1705, 1745, 1761, 1725, 1723, 1209, 1688, 1929, 1928, 1625, 1690, 1626, 661, 661, 1689],
    [1818, 922, 1434, 1706, 1746, 1762, 1692, 1210, 1212, 1946, 1947, 1930, 1689, 1626, 1625, 662, 662, 1690],
    [1819, 923, 1435, 1707, 1747, 1763, 1693, 1211, 1213, 1674, 1675, 1931, 1753, 1754, 1627, 1687, 671, 1695],
    [1820, 924, 1436, 1708, 1748, 1764, 1212, 1690, 1210, 1948, 1949, 1932, 1565, 1566, 1628, 668, 1684, 1688],
    [1821, 925, 1437, 1709, 1749, 1765, 1213, 1691, 1211, 1676, 1677, 1933, 1629, 1694, 1630, 1693, 1693, 1693],
    [1822, 926, 1438, 1710, 1750, 1766, 1180, 1178, 1214, 1934, 1695, 1935, 1693, 1630, 1629, 1694, 1694, 1694],
    [1823, 927, 1439, 1711, 1751, 1767, 1181, 1179, 1215, 1694, 1935, 1934, 1757, 1758, 1631, 671, 1687, 1691],
    [1824, 928, 1440, 1728, 1672, 1680, 1696, 1696, 1696, 1969, 1969, 1696, 1569, 1570, 1632, 676, 672, 680],
    [1825, 929, 1441, 1729, 1673, 1681, 1697, 1697, 1697, 1697, 1697, 1697, 1633, 1698, 1634, 1701, 681, 685],
    [1826, 930, 1442, 1730, 1674, 1682, 1664, 1184, 1700, 1955, 1715, 1699, 1697, 1634, 1633, 1702, 682, 686],
    [1827, 931, 1443, 1731, 1675, 1683, 1665, 1185, 1701, 1715, 1955, 1698, 1761, 1762, 1635, 679, 675, 683],
    [1828, 932, 1444, 1732, 1676, 1684, 1184, 1664, 1698, 1957, 1717, 1701, 1573, 1574, 1636, 1708, 1704, 684],
    [1829, 933, 1445, 1733, 1677, 1685, 1185, 1665, 1699, 1717, 1957, 1700, 1637, 1702, 1638, 685, 1697, 681],
    [1830, 934, 1446, 1734, 1678, 1686, 1152, 1152, 1702, 1975, 1975, 1702, 1701, 1638, 1637, 686, 1698, 682],
    [1831, 935, 1447, 1735, 1679, 1687, 1153, 1153, 1703, 1703, 1703, 1703, 1765, 1766, 1639, 1711, 1707, 687],
    [1832, 936, 1448, 1760, 1688, 1744, 1704, 1704, 1704, 1961, 1721, 1705, 1577, 1578, 1640, 1700, 684, 1708],
    [1833, 937, 1449, 1761, 1689, 1745, 1705, 1705, 1705, 1721, 1961, 1704, 1641, 1706, 1642, 677, 677, 1705],
    [1834, 938, 1450, 1762, 1690, 1746, 1672, 1192, 1708, 1979, 1979, 1706, 1705, 1642, 1641, 678, 678, 1706],
    [1835, 939, 1451, 1763, 1691, 1747, 1673, 1193, 1709, 1707, 1707, 1707, 1769, 1770, 1643, 1703, 687, 1711],
    [1836, 940, 1452, 1764, 1692, 1748, 1192, 1672, 1706, 1981, 1981, 1708, 1581, 1582, 1644, 684, 1700, 1704],
    [1837, 941, 1453, 1765, 1693, 1749, 1193, 1673, 1707, 1709, 1709, 1709, 1645, 1710, 1646, 1709, 1709, 1709],
    [1838, 942, 1454, 1766, 1694, 1750, 1160, 1160, 1710, 1967, 1727, 1711, 1709, 1646, 1645, 1710, 1710, 1710],
    [1839, 943, 1455, 1767, 1695, 1751, 1161, 1161, 1711, 1727, 1967, 1710, 1773, 1774, 1647, 687, 1703, 1707],
    [1840, 944, 1456, 1736, 1736, 1712, 1712, 1712, 1712, 1952, 1713, 1953, 1585, 1586, 1648, 1716, 696, 700],
    [1841, 945, 1457, 1737, 1737, 1713, 1713, 1713, 1713, 1712, 1953, 1952, 1649, 1714, 1650, 693, 689, 697],
    [1842, 946, 1458, 1738, 1738, 1714, 1680, 1200, 1716, 1970, 1971, 1954, 1713, 1650, 1649, 694, 690, 698],
    [1843, 947, 1459, 1739, 1739, 1715, 1681, 1201, 1717, 1698, 1699, 1955, 1777, 1778, 1651, 1719, 699, 703],
    [1844, 948, 1460, 1740, 1740, 1716, 1200, 1680, 1714, 1972, 1973, 1956, 1589, 1590, 1652, 700, 1712, 696],
    [1845, 949, 1461, 1741, 1741, 1717, 1201, 1681, 1715, 1700, 1701, 1957, 1653, 1718, 1654, 1725, 1721, 701],
    [1846, 950, 1462, 1742, 1742, 1718, 1168, 1168, 1718, 1958, 1719, 1959, 1717, 1654, 1653, 1726, 1722, 702],
    [1847, 951, 1463, 1743, 1743, 1719, 1169, 1169, 1719, 1718, 1959, 1958, 1781, 1782, 1655, 703, 1715, 699],
    [1848, 952, 1464, 1768, 1752, 1776, 1720, 1720, 1720, 1976, 1977, 1960, 1593, 1594, 1656, 692, 692, 1720],
    [1849, 953, 1465, 1769, 1753, 1777, 1721, 1721, 1721, 1704, 1705, 1961, 1657, 1722, 1658, 1717, 701, 1725],
    [1850, 954, 1466, 1770, 1754, 1778, 1688, 1208, 1724, 1962, 1723, 1963, 1721, 1658, 1657, 1718, 702, 1726],
    [1851, 955, 1467, 1771, 1755, 1779, 1689, 1209, 1725, 1722, 1963, 1962, 1785, 1786, 1659, 695, 695, 1723],
    [1852, 956, 1468, 1772, 1756, 1780, 1208, 1688, 1722, 1964, 1725, 1965, 1597, 1598, 1660, 1724, 1724, 1724],
    [1853, 957, 1469, 1773, 1757, 1781, 1209, 1689, 1723, 1724, 1965, 1964, 1661, 1726, 1662, 701, 1717, 1721],
    [1854, 958, 1470, 1774, 1758, 1782, 1176, 1176, 1726, 1982, 1983, 1966, 1725, 1662, 1661, 702, 1718, 1722],
    [1855, 959, 1471, 1775, 1759, 1783, 1177, 1177, 1727, 1710, 1711, 1967, 1789, 1790, 1663, 1727, 1727, 1727],
    [1856, 960, 1472, 1680, 1696, 1672, 1764, 1762, 1248, 2001, 2001, 1728, 1539, 1539, 1728, 708, 704, 712],
    [1857, 961, 1473, 1681, 1697, 1673, 1765, 1763, 1249, 1729, 1729, 1729, 1603, 1667, 1730, 1733, 713, 717],
    [1858, 962, 1474, 1682, 1698, 1674, 1732, 1250, 1252, 1987, 1747, 1731, 1667, 1603, 1729, 1734, 714, 718],
    [1859, 963, 1475, 1683, 1699, 1675, 1733, 1251, 1253, 1747, 1987, 1730, 1731, 1731, 1731, 711, 707, 715],
    [1860, 964, 1476, 1684, 1700, 1676, 1252, 1730, 1250, 1989, 1749, 1733, 1543, 1543, 1732, 1740, 1736, 716],
    [1861, 965, 1477, 1685, 1701, 1677, 1253, 1731, 1251, 1749, 1989, 1732, 1607, 1671, 1734, 717, 1729, 713],
    [1862, 966, 1478, 1686, 1702, 1678, 1220, 1218, 1254, 2007, 2007, 1734, 1671, 1607, 1733, 718, 1730, 714],
    [1863, 967, 1479, 1687, 1703, 1679, 1221, 1219, 1255, 1735, 1735, 1735, 1735, 1735, 1735, 1743, 1739, 719],
    [1864, 968, 1480, 1712, 1712, 1736, 1772, 1770, 1256, 1993, 1753, 1737, 1547, 1547, 1736, 1732, 716, 1740],
    [1865, 969, 1481, 1713, 1713, 1737, 1773, 1771, 1257, 1753, 1993, 1736, 1611, 1675, 1738, 709, 709, 1737],
    [1866, 970, 1482, 1714, 1714, 1738, 1740, 1258, 1260, 2011, 2011, 1738, 1675, 1611, 1737, 710, 710, 1738],
    [1867, 971, 1483, 1715, 1715, 1739, 1741, 1259, 1261, 1739, 1739, 1739, 1739, 1739, 1739, 1735, 719, 1743],
    [1868, 972, 1484, 1716, 1716, 1740, 1260, 1738, 1258, 2013, 2013, 1740, 1551, 1551, 1740, 716, 1732, 1736],
    [1869, 973, 1485, 1717, 1717, 1741, 1261, 1739, 1259, 1741, 1741, 1741, 1615, 1679, 1742, 1741, 1741, 1741],
    [1870, 974, 1486, 1718, 1718, 1742, 1228, 1226, 1262, 1999, 1759, 1743, 1679, 1615, 1741, 1742, 1742, 1742],
    [1871, 975, 1487, 1719, 1719, 1743, 1229, 1227, 1263, 1759, 1999, 1742, 1743, 1743, 1743, 719, 1735, 1739],
    [1872, 976, 1488, 1688, 1760, 1704, 1780, 1778, 1264, 1984, 1745, 1985, 1555, 1555, 1744, 1748, 728, 732],
    [1873, 977, 1489, 1689, 1761, 1705, 1781, 1779, 1265, 1744, 1985, 1984, 1619, 1683, 1746, 725, 721, 729],
    [1874, 978, 1490, 1690, 1762, 1706, 1748, 1266, 1268, 2002, 2003, 1986, 1683, 1619, 1745, 726, 722, 730],
    [1875, 979, 1491, 1691, 1763, 1707, 1749, 1267, 1269, 1730, 1731, 1987, 1747, 1747, 1747, 1751, 731, 735],
    [1876, 980, 1492, 1692, 1764, 1708, 1268, 1746, 1266, 2004, 2005, 1988, 1559, 1559, 1748, 732, 1744, 728],
    [1877, 981, 1493, 1693, 1765, 1709, 1269, 1747, 1267, 1732, 1733, 1989, 1623, 1687, 1750, 1757, 1753, 733],
    [1878, 982, 1494, 1694, 1766, 1710, 1236, 1234, 1270, 1990, 1751, 1991, 1687, 1623, 1749, 1758, 1754, 734],
    [1879, 983, 1495, 1695, 1767, 1711, 1237, 1235, 1271, 1750, 1991, 1990, 1751, 1751, 1751, 735, 1747, 731],
    [1880, 984, 1496, 1720, 1776, 1768, 1788, 1786, 1272, 2008, 2009, 1992, 1563, 1563, 1752, 724, 724, 1752],
    [1881, 985, 1497, 1721, 1777, 1769, 1789, 1787, 1273, 1736, 1737, 1993, 1627, 1691, 1754, 1749, 733, 1757],
    [1882, 986, 1498, 1722, 1778, 1770, 1756, 1274, 1276, 1994, 1755, 1995, 1691, 1627, 1753, 1750, 734, 1758],
    [1883, 987, 1499, 1723, 1779, 1771, 1757, 1275, 1277, 1754, 1995, 1994, 1755, 1755, 1755, 727, 727, 1755],
    [1884, 988, 1500, 1724, 1780, 1772, 1276, 1754, 1274, 1996, 1757, 1997, 1567, 1567, 1756, 1756, 1756, 1756],
    [1885, 989, 1501, 1725, 1781, 1773, 1277, 1755, 1275, 1756, 1997, 1996, 1631, 1695, 1758, 733, 1749, 1753],
    [1886, 990, 1502, 1726, 1782, 1774, 1244, 1242, 1278, 2014, 2015, 1998, 1695, 1631, 1757, 734, 1750, 1754],
    [1887, 991, 1503, 1727, 1783, 1775, 1245, 1243, 1279, 1742, 1743, 1999, 1759, 1759, 1759, 1759, 1759, 1759],
    [1888, 992, 1504, 1744, 1704, 1688, 1760, 1760, 1760, 2017, 1777, 1761, 1571, 1571, 1760, 1764, 744, 748],
    [1889, 993, 1505, 1745, 1705, 1689, 1761, 1761, 1761, 1777, 2017, 1760, 1635, 1699, 1762, 741, 737, 745],
    [1890, 994, 1506, 1746, 1706, 1690, 1728, 1248, 1764, 2035, 2035, 1762, 1699, 1635, 1761, 742, 738, 746],
    [1891, 995, 1507, 1747, 1707, 1691, 1729, 1249, 1765, 1763, 1763, 1763, 1763, 1763, 1763, 1767, 747, 751],
    [1892, 996, 1508, 1748, 1708, 1692, 1248, 1728, 1762, 2037, 2037, 1764, 1575, 1575, 1764, 748, 1760, 744],
    [1893, 997, 1509, 1749, 1709, 1693, 1249, 1729, 1763, 1765, 1765, 1765, 1639, 1703, 1766, 1773, 1769, 749],
    [1894, 998, 1510, 1750, 1710, 1694, 1216, 1216, 1766, 2023, 1783, 1767, 1703, 1639, 1765, 1774, 1770, 750],
    [1895, 999, 1511, 1751, 1711, 1695, 1217, 1217, 1767, 1783, 2023, 1766, 1767, 1767, 1767, 751, 1763, 747],
    [1896, 1000, 1512, 1776, 1720, 1752, 1768, 1768, 1768, 2041, 2041, 1768, 1579, 1579, 1768, 740, 740, 1768],
    [1897, 1001, 1513, 1777, 1721, 1753, 1769, 1769, 1769, 1769, 1769, 1769, 1643, 1707, 1770, 1765, 749, 1773],
    [1898, 1002, 1514, 1778, 1722, 1754, 1736, 1256, 1772, 2027, 1787, 1771, 1707, 1643, 1769, 1766, 750, 1774],
    [1899, 1003, 1515, 1779, 1723, 1755, 1737, 1257, 1773, 1787, 2027, 1770, 1771, 1771, 1771, 743, 743, 1771],
    [1900, 1004, 1516, 1780, 1724, 1756, 1256, 1736, 1770, 2029, 1789, 1773, 1583, 1583, 1772, 1772, 1772, 1772],
    [1901, 1005, 1517, 1781, 1725, 1757, 1257, 1737, 1771, 1789, 2029, 1772, 1647, 1711, 1774, 749, 1765, 1769],
    [1902, 1006, 1518, 1782, 1726, 1758, 1224, 1224, 1774, 2047, 2047, 1774, 1711, 1647, 1773, 750, 1766, 1770],
    [1903, 1007, 1519, 1783, 1727, 1759, 1225, 1225, 1775, 1775, 1775, 1775, 1775, 1775, 1775, 1775, 1775, 1775],
    [1904, 1008, 1520, 1752, 1768, 1720, 1776, 1776, 1776, 2032, 2033, 2016, 1587, 1587, 1776, 756, 752, 760],
    [1905, 1009, 1521, 1753, 1769, 1721, 1777, 1777, 1777, 1760, 1761, 2017, 1651, 1715, 1778, 1781, 761, 765],
    [1906, 1010, 1522, 1754, 1770, 1722, 1744, 1264, 1780, 2018, 1779, 2019, 1715, 1651, 1777, 1782, 762, 766],
    [1907, 1011, 1523, 1755, 1771, 1723, 1745, 1265, 1781, 1778, 2019, 2018, 1779, 1779, 1779, 759, 755, 763],
    [1908, 1012, 1524, 1756, 1772, 1724, 1264, 1744, 1778, 2020, 1781, 2021, 1591, 1591, 1780, 1788, 1784, 764],
    [1909, 1013, 1525, 1757, 1773, 1725, 1265, 1745, 1779, 1780, 2021, 2020, 1655, 1719, 1782, 765, 1777, 761],
    [1910, 1014, 1526, 1758, 1774, 1726, 1232, 1232, 1782, 2038, 2039, 2022, 1719, 1655, 1781, 766, 1778, 762],
    [1911, 1015, 1527, 1759, 1775, 1727, 1233, 1233, 1783, 1766, 1767, 2023, 1783, 1783, 1783, 1791, 1787, 767],
    [1912, 1016, 1528, 1784, 1784, 1784, 1784, 1784, 1784, 2024, 1785, 2025, 1595, 1595, 1784, 1780, 764, 1788],
    [1913, 1017, 1529, 1785, 1785, 1785, 1785, 1785, 1785, 1784, 2025, 2024, 1659, 1723, 1786, 757, 757, 1785],
    [1914, 1018, 1530, 1786, 1786, 1786, 1752, 1272, 1788, 2042, 2043, 2026, 1723, 1659, 1785, 758, 758, 1786],
    [1915, 1019, 1531, 1787, 1787, 1787, 1753, 1273, 1789, 1770, 1771, 2027, 1787, 1787, 1787, 1783, 767, 1791],
    [1916, 1020, 1532, 1788, 1788, 1788, 1272, 1752, 1786, 2044, 2045, 2028, 1599, 1599, 1788, 764, 1780, 1784],
    [1917, 1021, 1533, 1789, 1789, 1789, 1273, 1753, 1787, 1772, 1773, 2029, 1663, 1727, 1790, 1789, 1789, 1789],
    [1918, 1022, 1534, 1790, 1790, 1790, 1240, 1240, 1790, 2030, 1791, 2031, 1727, 1663, 1789, 1790, 1790, 1790],
    [1919, 1023, 1535, 1791, 1791, 1791, 1241, 1241, 1791, 1790, 2031, 2030, 1791, 1791, 1791, 767, 1783, 1787],
    [1408, 1664, 896, 1792, 1792, 1792, 1828, 1826, 1312, 1793, 1552, 1553, 1792, 1792, 1792, 1796, 776, 780],
    [1409, 1665, 897, 1793, 1793, 1793, 1829, 1827, 1313, 1553, 1792, 1552, 1856, 1920, 1794, 773, 769, 777],
    [1410, 1666, 898, 1794, 1794, 1794, 1796, 1314, 1316, 1811, 1810, 1554, 1920, 1856, 1793, 774, 770, 778],
    [1411, 1667, 899, 1795, 1795, 1795, 1797, 1315, 1317, 1539, 1538, 1555, 1984, 1984, 1795, 1799, 779, 783],
    [1412, 1668, 900, 1796, 1796, 1796, 1316, 1794, 1314, 1813, 1812, 1556, 1796, 1796, 1796, 780, 1792, 776],
    [1413, 1669, 901, 1797, 1797, 1797, 1317, 1795, 1315, 1541, 1540, 1557, 1860, 1924, 1798, 1805, 1801, 781],
    [1414, 1670, 902, 1798, 1798, 1798, 1284, 1282, 1318, 1799, 1558, 1559, 1924, 1860, 1797, 1806, 1802, 782],
    [1415, 1671, 903, 1799, 1799, 1799, 1285, 1283, 1319, 1559, 1798, 1558, 1988, 1988, 1799, 783, 1795, 779],
    [1416, 1672, 904, 1824, 1808, 1856, 1836, 1834, 1320, 1817, 1816, 1560, 1800, 1800, 1800, 772, 772, 1800],
    [1417, 1673, 905, 1825, 1809, 1857, 1837, 1835, 1321, 1545, 1544, 1561, 1864, 1928, 1802, 1797, 781, 1805],
    [1418, 1674, 906, 1826, 1810, 1858, 1804, 1322, 1324, 1803, 1562, 1563, 1928, 1864, 1801, 1798, 782, 1806],
    [1419, 1675, 907, 1827, 1811, 1859, 1805, 1323, 1325, 1563, 1802, 1562, 1992, 1992, 1803, 775, 775, 1803],
    [1420, 1676, 908, 1828, 1812, 1860, 1324, 1802, 1322, 1805, 1564, 1565, 1804, 1804, 1804, 1804, 1804, 1804],
    [1421, 1677, 909, 1829, 1813, 1861, 1325, 1803, 1323, 1565, 1804, 1564, 1868, 1932, 1806, 781, 1797, 1801],
    [1422, 1678, 910, 1830, 1814, 1862, 1292, 1290, 1326, 1823, 1822, 1566, 1932, 1868, 1805, 782, 1798, 1802],
    [1423, 1679, 911, 1831, 1815, 1863, 1293, 1291, 1327, 1551, 1550, 1567, 1996, 1996, 1807, 1807, 1807, 1807],
    [1424, 1680, 912, 1800, 1856, 1824, 1844, 1842, 1328, 1808, 1808, 1808, 1808, 1808, 1808, 788, 784, 792],
    [1425, 1681, 913, 1801, 1857, 1825, 1845, 1843, 1329, 1536, 1536, 1809, 1872, 1936, 1810, 1813, 793, 797],
    [1426, 1682, 914, 1802, 1858, 1826, 1812, 1330, 1332, 1794, 1554, 1811, 1936, 1872, 1809, 1814, 794, 798],
    [1427, 1683, 915, 1803, 1859, 1827, 1813, 1331, 1333, 1554, 1794, 1810, 2000, 2000, 1811, 791, 787, 795],
    [1428, 1684, 916, 1804, 1860, 1828, 1332, 1810, 1330, 1796, 1556, 1813, 1812, 1812, 1812, 1820, 1816, 796],
    [1429, 1685, 917, 1805, 1861, 1829, 1333, 1811, 1331, 1556, 1796, 1812, 1876, 1940, 1814, 797, 1809, 793],
    [1430, 1686, 918, 1806, 1862, 1830, 1300, 1298, 1334, 1814, 1814, 1814, 1940, 1876, 1813, 798, 1810, 794],
    [1431, 1687, 919, 1807, 1863, 1831, 1301, 1299, 1335, 1542, 1542, 1815, 2004, 2004, 1815, 1823, 1819, 799],
    [1432, 1688, 920, 1832, 1872, 1888, 1852, 1850, 1336, 1800, 1560, 1817, 1816, 1816, 1816, 1812, 796, 1820],
    [1433, 1689, 921, 1833, 1873, 1889, 1853, 1851, 1337, 1560, 1800, 1816, 1880, 1944, 1818, 789, 789, 1817],
    [1434, 1690, 922, 1834, 1874, 1890, 1820, 1338, 1340, 1818, 1818, 1818, 1944, 1880, 1817, 790, 790, 1818],
    [1435, 1691, 923, 1835, 1875, 1891, 1821, 1339, 1341, 1546, 1546, 1819, 2008, 2008, 1819, 1815, 799, 1823],
    [1436, 1692, 924, 1836, 1876, 1892, 1340, 1818, 1338, 1820, 1820, 1820, 1820, 1820, 1820, 796, 1812, 1816],
    [1437, 1693, 925, 1837, 1877, 1893, 1341, 1819, 1339, 1548, 1548, 1821, 1884, 1948, 1822, 1821, 1821, 1821],
    [1438, 1694, 926, 1838, 1878, 1894, 1308, 1306, 1342, 1806, 1566, 1823, 1948, 1884, 1821, 1822, 1822, 1822],
    [1439, 1695, 927, 1839, 1879, 1895, 1309, 1307, 1343, 1566, 1806, 1822, 2012, 2012, 1823, 799, 1815, 1819],
    [1440, 1696, 928, 1856, 1800, 1808, 1824, 1824, 1824, 1841, 1840, 1584, 1824, 1824, 1824, 804, 800, 808],
    [1441, 1697, 929, 1857, 1801, 1809, 1825, 1825, 1825, 1569, 1568, 1585, 1888, 1952, 1826, 1829, 809, 813],
    [1442, 1698, 930, 1858, 1802, 1810, 1792, 1312, 1828, 1827, 1586, 1587, 1952, 1888, 1825, 1830, 810, 814],
    [1443, 1699, 931, 1859, 1803, 1811, 1793, 1313, 1829, 1587, 1826, 1586, 2016, 2016, 1827, 807, 803, 811],
    [1444, 1700, 932, 1860, 1804, 1812, 1312, 1792, 1826, 1829, 1588, 1589, 1828, 1828, 1828, 1836, 1832, 812],
    [1445, 1701, 933, 1861, 1805, 1813, 1313, 1793, 1827, 1589, 1828, 1588, 1892, 1956, 1830, 813, 1825, 809],
    [1446, 1702, 934, 1862, 1806, 1814, 1280, 1280, 1830, 1847, 1846, 1590, 1956, 1892, 1829, 814, 1826, 810],
    [1447, 1703, 935, 1863, 1807, 1815, 1281, 1281, 1831, 1575, 1574, 1591, 2020, 2020, 1831, 1839, 1835, 815],
    [1448, 1704, 936, 1888, 1816, 1872, 1832, 1832, 1832, 1833, 1592, 1593, 1832, 1832, 1832, 1828, 812, 1836],
    [1449, 1705, 937, 1889, 1817, 1873, 1833, 1833, 1833, 1593, 1832, 1592, 1896, 1960, 1834, 805, 805, 1833],
    [1450, 1706, 938, 1890, 1818, 1874, 1800, 1320, 1836, 1851, 1850, 1594, 1960, 1896, 1833, 806, 806, 1834],
    [1451, 1707, 939, 1891, 1819, 1875, 1801, 1321, 1837, 1579, 1578, 1595, 2024, 2024, 1835, 1831, 815, 1839],
    [1452, 1708, 940, 1892, 1820, 1876, 1320, 1800, 1834, 1853, 1852, 1596, 1836, 1836, 1836, 812, 1828, 1832],
    [1453, 1709, 941, 1893, 1821, 1877, 1321, 1801, 1835, 1581, 1580, 1597, 1900, 1964, 1838, 1837, 1837, 1837],
    [1454, 1710, 942, 1894, 1822, 1878, 1288, 1288, 1838, 1839, 1598, 1599, 1964, 1900, 1837, 1838, 1838, 1838],
    [1455, 1711, 943, 1895, 1823, 1879, 1289, 1289, 1839, 1599, 1838, 1598, 2028, 2028, 1839, 815, 1831, 1835],
    [1456, 1712, 944, 1864, 1864, 1840, 1840, 1840, 1840, 1824, 1584, 1841, 1840, 1840, 1840, 1844, 824, 828],
    [1457, 1713, 945, 1865, 1865, 1841, 1841, 1841, 1841, 1584, 1824, 1840, 1904, 1968, 1842, 821, 817, 825],
    [1458, 1714, 946, 1866, 1866, 1842, 1808, 1328, 1844, 1842, 1842, 1842, 1968, 1904, 1841, 822, 818, 826],
    [1459, 1715, 947, 1867, 1867, 1843, 1809, 1329, 1845, 1570, 1570, 1843, 2032, 2032, 1843, 1847, 827, 831],
    [1460, 1716, 948, 1868, 1868, 1844, 1328, 1808, 1842, 1844, 1844, 1844, 1844, 1844, 1844, 828, 1840, 824],
    [1461, 1717, 949, 1869, 1869, 1845, 1329, 1809, 1843, 1572, 1572, 1845, 1908, 1972, 1846, 1853, 1849, 829],
    [1462, 1718, 950, 1870, 1870, 1846, 1296, 1296, 1846, 1830, 1590, 1847, 1972, 1908, 1845, 1854, 1850, 830],
    [1463, 1719, 951, 1871, 1871, 1847, 1297, 1297, 1847, 1590, 1830, 1846, 2036, 2036, 1847, 831, 1843, 827],
    [1464, 1720, 952, 1896, 1880, 1904, 1848, 1848, 1848, 1848, 1848, 1848, 1848, 1848, 1848, 820, 820, 1848],
    [1465, 1721, 953, 1897, 1881, 1905, 1849, 1849, 1849, 1576, 1576, 1849, 1912, 1976, 1850, 1845, 829, 1853],
    [1466, 1722, 954, 1898, 1882, 1906, 1816, 1336, 1852, 1834, 1594, 1851, 1976, 1912, 1849, 1846, 830, 1854],
    [1467, 1723, 955, 1899, 1883, 1907, 1817, 1337, 1853, 1594, 1834, 1850, 2040, 2040, 1851, 823, 823, 1851],
    [1468, 1724, 956, 1900, 1884, 1908, 1336, 1816, 1850, 1836, 1596, 1853, 1852, 1852, 1852, 1852, 1852, 1852],
    [1469, 1725, 957, 1901, 1885, 1909, 1337, 1817, 1851, 1596, 1836, 1852, 1916, 1980, 1854, 829, 1845, 1849],
    [1470, 1726, 958, 1902, 1886, 1910, 1304, 1304, 1854, 1854, 1854, 1854, 1980, 1916, 1853, 830, 1846, 1850],
    [1471, 1727, 959, 1903, 1887, 1911, 1305, 1305, 1855, 1582, 1582, 1855, 2044, 2044, 1855, 1855, 1855, 1855],
    [1472, 1728, 960, 1808, 1824, 1800, 1892, 1890, 1376, 1873, 1872, 1616, 1794, 1793, 1920, 836, 832, 840],
    [1473, 1729, 961, 1809, 1825, 1801, 1893, 1891, 1377, 1601, 1600, 1617, 1858, 1921, 1922, 1861, 841, 845],
    [1474, 1730, 962, 1810, 1826, 1802, 1860, 1378, 1380, 1859, 1618, 1619, 1922, 1857, 1921, 1862, 842, 846],
    [1475, 1731, 963, 1811, 1827, 1803, 1861, 1379, 1381, 1619, 1858, 1618, 1986, 1985, 1923, 839, 835, 843],
    [1476, 1732, 964, 1812, 1828, 1804, 1380, 1858, 1378, 1861, 1620, 1621, 1798, 1797, 1924, 1868, 1864, 844],
    [1477, 1733, 965, 1813, 1829, 1805, 1381, 1859, 1379, 1621, 1860, 1620, 1862, 1925, 1926, 845, 1857, 841],
    [1478, 1734, 966, 1814, 1830, 1806, 1348, 1346, 1382, 1879, 1878, 1622, 1926, 1861, 1925, 846, 1858, 842],
    [1479, 1735, 967, 1815, 1831, 1807, 1349, 1347, 1383, 1607, 1606, 1623, 1990, 1989, 1927, 1871, 1867, 847],
    [1480, 1736, 968, 1840, 1840, 1864, 1900, 1898, 1384, 1865, 1624, 1625, 1802, 1801, 1928, 1860, 844, 1868],
    [1481, 1737, 969, 1841, 1841, 1865, 1901, 1899, 1385, 1625, 1864, 1624, 1866, 1929, 1930, 837, 837, 1865],
    [1482, 1738, 970, 1842, 1842, 1866, 1868, 1386, 1388, 1883, 1882, 1626, 1930, 1865, 1929, 838, 838, 1866],
    [1483, 1739, 971, 1843, 1843, 1867, 1869, 1387, 1389, 1611, 1610, 1627, 1994, 1993, 1931, 1863, 847, 1871],
    [1484, 1740, 972, 1844, 1844, 1868, 1388, 1866, 1386, 1885, 1884, 1628, 1806, 1805, 1932, 844, 1860, 1864],
    [1485, 1741, 973, 1845, 1845, 1869, 1389, 1867, 1387, 1613, 1612, 1629, 1870, 1933, 1934, 1869, 1869, 1869],
    [1486, 1742, 974, 1846, 1846, 1870, 1356, 1354, 1390, 1871, 1630, 1631, 1934, 1869, 1933, 1870, 1870, 1870],
    [1487, 1743, 975, 1847, 1847, 1871, 1357, 1355, 1391, 1631, 1870, 1630, 1998, 1997, 1935, 847, 1863, 1867],
    [1488, 1744, 976, 1816, 1888, 1832, 1908, 1906, 1392, 1856, 1616, 1873, 1810, 1809, 1936, 1876, 856, 860],
    [1489, 1745, 977, 1817, 1889, 1833, 1909, 1907, 1393, 1616, 1856, 1872, 1874, 1937, 1938, 853, 849, 857],
    [1490, 1746, 978, 1818, 1890, 1834, 1876, 1394, 1396, 1874, 1874, 1874, 1938, 1873, 1937, 854, 850, 858],
    [1491, 1747, 979, 1819, 1891, 1835, 1877, 1395, 1397, 1602, 1602, 1875, 2002, 2001, 1939, 1879, 859, 863],
    [1492, 1748, 980, 1820, 1892, 1836, 1396, 1874, 1394, 1876, 1876, 1876, 1814, 1813, 1940, 860, 1872, 856],
    [1493, 1749, 981, 1821, 1893, 1837, 1397, 1875, 1395, 1604, 1604, 1877, 1878, 1941, 1942, 1885, 1881, 861],
    [1494, 1750, 982, 1822, 1894, 1838, 1364, 1362, 1398, 1862, 1622, 1879, 1942, 1877, 1941, 1886, 1882, 862],
    [1495, 1751, 983, 1823, 1895, 1839, 1365, 1363, 1399, 1622, 1862, 1878, 2006, 2005, 1943, 863, 1875, 859],
    [1496, 1752, 984, 1848, 1904, 1896, 1916, 1914, 1400, 1880, 1880, 1880, 1818, 1817, 1944, 852, 852, 1880],
    [1497, 1753, 985, 1849, 1905, 1897, 1917, 1915, 1401, 1608, 1608, 1881, 1882, 1945, 1946, 1877, 861, 1885],
    [1498, 1754, 986, 1850, 1906, 1898, 1884, 1402, 1404, 1866, 1626, 1883, 1946, 1881, 1945, 1878, 862, 1886],
    [1499, 1755, 987, 1851, 1907, 1899, 1885, 1403, 1405, 1626, 1866, 1882, 2010, 2009, 1947, 855, 855, 1883],
    [1500, 1756, 988, 1852, 1908, 1900, 1404, 1882, 1402, 1868, 1628, 1885, 1822, 1821, 1948, 1884, 1884, 1884],
    [1501, 1757, 989, 1853, 1909, 1901, 1405, 1883, 1403, 1628, 1868, 1884, 1886, 1949, 1950, 861, 1877, 1881],
    [1502, 1758, 990, 1854, 1910, 1902, 1372, 1370, 1406, 1886, 1886, 1886, 1950, 1885, 1949, 862, 1878, 1882],
    [1503, 1759, 991, 1855, 1911, 1903, 1373, 1371, 1407, 1614, 1614, 1887, 2014, 2013, 1951, 1887, 1887, 1887],
    [1504, 1760, 992, 1872, 1832, 1816, 1888, 1888, 1888, 1889, 1648, 1649, 1826, 1825, 1952, 1892, 872, 876],
    [1505, 1761, 993, 1873, 1833, 1817, 1889, 1889, 1889, 1649, 1888, 1648, 1890, 1953, 1954, 869, 865, 873],
    [1506, 1762, 994, 1874, 1834, 1818, 1856, 1376, 1892, 1907, 1906, 1650, 1954, 1889, 1953, 870, 866, 874],
    [1507, 1763, 995, 1875, 1835, 1819, 1857, 1377, 1893, 1635, 1634, 1651, 2018, 2017, 1955, 1895, 875, 879],
    [1508, 1764, 996, 1876, 1836, 1820, 1376, 1856, 1890, 1909, 1908, 1652, 1830, 1829, 1956, 876, 1888, 872],
    [1509, 1765, 997, 1877, 1837, 1821, 1377, 1857, 1891, 1637, 1636, 1653, 1894, 1957, 1958, 1901, 1897, 877],
    [1510, 1766, 998, 1878, 1838, 1822, 1344, 1344, 1894, 1895, 1654, 1655, 1958, 1893, 1957, 1902, 1898, 878],
    [1511, 1767, 999, 1879, 1839, 1823, 1345, 1345, 1895, 1655, 1894, 1654, 2022, 2021, 1959, 879, 1891, 875],
    [1512, 1768, 1000, 1904, 1848, 1880, 1896, 1896, 1896, 1913, 1912, 1656, 1834, 1833, 1960, 868, 868, 1896],
    [1513, 1769, 1001, 1905, 1849, 1881, 1897, 1897, 1897, 1641, 1640, 1657, 1898, 1961, 1962, 1893, 877, 1901],
    [1514, 1770, 1002, 1906, 1850, 1882, 1864, 1384, 1900, 1899, 1658, 1659, 1962, 1897, 1961, 1894, 878, 1902],
    [1515, 1771, 1003, 1907, 1851, 1883, 1865, 1385, 1901, 1659, 1898, 1658, 2026, 2025, 1963, 871, 871, 1899],
    [1516, 1772, 1004, 1908, 1852, 1884, 1384, 1864, 1898, 1901, 1660, 1661, 1838, 1837, 1964, 1900, 1900, 1900],
    [1517, 1773, 1005, 1909, 1853, 1885, 1385, 1865, 1899, 1661, 1900, 1660, 1902, 1965, 1966, 877, 1893, 1897],
    [1518, 1774, 1006, 1910, 1854, 1886, 1352, 1352, 1902, 1919, 1918, 1662, 1966, 1901, 1965, 878, 1894, 1898],
    [1519, 1775, 1007, 1911, 1855, 1887, 1353, 1353, 1903, 1647, 1646, 1663, 2030, 2029, 1967, 1903, 1903, 1903],
    [1520, 1776, 1008, 1880, 1896, 1848, 1904, 1904, 1904, 1904, 1904, 1904, 1842, 1841, 1968, 884, 880, 888],
    [1521, 1777, 1009, 1881, 1897, 1849, 1905, 1905, 1905, 1632, 1632, 1905, 1906, 1969, 1970, 1909, 889, 893],
    [1522, 1778, 1010, 1882, 1898, 1850, 1872, 1392, 1908, 1890, 1650, 1907, 1970, 1905, 1969, 1910, 890, 894],
    [1523, 1779, 1011, 1883, 1899, 1851, 1873, 1393, 1909, 1650, 1890, 1906, 2034, 2033, 1971, 887, 883, 891],
    [1524, 1780, 1012, 1884, 1900, 1852, 1392, 1872, 1906, 1892, 1652, 1909, 1846, 1845, 1972, 1916, 1912, 892],
    [1525, 1781, 1013, 1885, 1901, 1853, 1393, 1873, 1907, 1652, 1892, 1908, 1910, 1973, 1974, 893, 1905, 889],
    [1526, 1782, 1014, 1886, 1902, 1854, 1360, 1360, 1910, 1910, 1910, 1910, 1974, 1909, 1973, 894, 1906, 890],
    [1527, 1783, 1015, 1887, 1903, 1855, 1361, 1361, 1911, 1638, 1638, 1911, 2038, 2037, 1975, 1919, 1915, 895],
    [1528, 1784, 1016, 1912, 1912, 1912, 1912, 1912, 1912, 1896, 1656, 1913, 1850, 1849, 1976, 1908, 892, 1916],
    [1529, 1785, 1017, 1913, 1913, 1913, 1913, 1913, 1913, 1656, 1896, 1912, 1914, 1977, 1978, 885, 885, 1913],
    [1530, 1786, 1018, 1914, 1914, 1914, 1880, 1400, 1916, 1914, 1914, 1914, 1978, 1913, 1977, 886, 886, 1914],
    [1531, 1787, 1019, 1915, 1915, 1915, 1881, 1401, 1917, 1642, 1642, 1915, 2042, 2041, 1979, 1911, 895, 1919],
    [1532, 1788, 1020, 1916, 1916, 1916, 1400, 1880, 1914, 1916, 1916, 1916, 1854, 1853, 1980, 892, 1908, 1912],
    [1533, 1789, 1021, 1917, 1917, 1917, 1401, 1881, 1915, 1644, 1644, 1917, 1918, 1981, 1982, 1917, 1917, 1917],
    [1534, 1790, 1022, 1918, 1918, 1918, 1368, 1368, 1918, 1902, 1662, 1919, 1982, 1917, 1981, 1918, 1918, 1918],
    [1535, 1791, 1023, 1919, 1919, 1919, 1369, 1369, 1919, 1662, 1902, 1918, 2046, 2045, 1983, 895, 1911, 1915],
    [1920, 1920, 1920, 1920, 1920, 1920, 1956, 1954, 1440, 1937, 1936, 1680, 1793, 1794, 1856, 900, 896, 904],
    [1921, 1921, 1921, 1921, 1921, 1921, 1957, 1955, 1441, 1665, 1664, 1681, 1857, 1922, 1858, 1925, 905, 909],
    [1922, 1922, 1922, 1922, 1922, 1922, 1924, 1442, 1444, 1923, 1682, 1683, 1921, 1858, 1857, 1926, 906, 910],
    [1923, 1923, 1923, 1923, 1923, 1923, 1925, 1443, 1445, 1683, 1922, 1682, 1985, 1986, 1859, 903, 899, 907],
    [1924, 1924, 1924, 1924, 1924, 1924, 1444, 1922, 1442, 1925, 1684, 1685, 1797, 1798, 1860, 1932, 1928, 908],
    [1925, 1925, 1925, 1925, 1925, 1925, 1445, 1923, 1443, 1685, 1924, 1684, 1861, 1926, 1862, 909, 1921, 905],
    [1926, 1926, 1926, 1926, 1926, 1926, 1412, 1410, 1446, 1943, 1942, 1686, 1925, 1862, 1861, 910, 1922, 906],
    [1927, 1927, 1927, 1927, 1927, 1927, 1413, 1411, 1447, 1671, 1670, 1687, 1989, 1990, 1863, 1935, 1931, 911],
    [1928, 1928, 1928, 1952, 1936, 1984, 1964, 1962, 1448, 1929, 1688, 1689, 1801, 1802, 1864, 1924, 908, 1932],
    [1929, 1929, 1929, 1953, 1937, 1985, 1965, 1963, 1449, 1689, 1928, 1688, 1865, 1930, 1866, 901, 901, 1929],
    [1930, 1930, 1930, 1954, 1938, 1986, 1932, 1450, 1452, 1947, 1946, 1690, 1929, 1866, 1865, 902, 902, 1930],
    [1931, 1931, 1931, 1955, 1939, 1987, 1933, 1451, 1453, 1675, 1674, 1691, 1993, 1994, 1867, 1927, 911, 1935],
    [1932, 1932, 1932, 1956, 1940, 1988, 1452, 1930, 1450, 1949, 1948, 1692, 1805, 1806, 1868, 908, 1924, 1928],
    [1933, 1933, 1933, 1957, 1941, 1989, 1453, 1931, 1451, 1677, 1676, 1693, 1869, 1934, 1870, 1933, 1933, 1933],
    [1934, 1934, 1934, 1958, 1942, 1990, 1420, 1418, 1454, 1935, 1694, 1695, 1933, 1870, 1869, 1934, 1934, 1934],
    [1935, 1935, 1935, 1959, 1943, 1991, 1421, 1419, 1455, 1695, 1934, 1694, 1997, 1998, 1871, 911, 1927, 1931],
    [1936, 1936, 1936, 1928, 1984, 1952, 1972, 1970, 1456, 1920, 1680, 1937, 1809, 1810, 1872, 1940, 920, 924],
    [1937, 1937, 1937, 1929, 1985, 1953, 1973, 1971, 1457, 1680, 1920, 1936, 1873, 1938, 1874, 917, 913, 921],
    [1938, 1938, 1938, 1930, 1986, 1954, 1940, 1458, 1460, 1938, 1938, 1938, 1937, 1874, 1873, 918, 914, 922],
    [1939, 1939, 1939, 1931, 1987, 1955, 1941, 1459, 1461, 1666, 1666, 1939, 2001, 2002, 1875, 1943, 923, 927],
    [1940, 1940, 1940, 1932, 1988, 1956, 1460, 1938, 1458, 1940, 1940, 1940, 1813, 1814, 1876, 924, 1936, 920],
    [1941, 1941, 1941, 1933, 1989, 1957, 1461, 1939, 1459, 1668, 1668, 1941, 1877, 1942, 1878, 1949, 1945, 925],
    [1942, 1942, 1942, 1934, 1990, 1958, 1428, 1426, 1462, 1926, 1686, 1943, 1941, 1878, 1877, 1950, 1946, 926],
    [1943, 1943, 1943, 1935, 1991, 1959, 1429, 1427, 1463, 1686, 1926, 1942, 2005, 2006, 1879, 927, 1939, 923],
    [1944, 1944, 1944, 1960, 2000, 2016, 1980, 1978, 1464, 1944, 1944, 1944, 1817, 1818, 1880, 916, 916, 1944],
    [1945, 1945, 1945, 1961, 2001, 2017, 1981, 1979, 1465, 1672, 1672, 1945, 1881, 1946, 1882, 1941, 925, 1949],
    [1946, 1946, 1946, 1962, 2002, 2018, 1948, 1466, 1468, 1930, 1690, 1947, 1945, 1882, 1881, 1942, 926, 1950],
    [1947, 1947, 1947, 1963, 2003, 2019, 1949, 1467, 1469, 1690, 1930, 1946, 2009, 2010, 1883, 919, 919, 1947],
    [1948, 1948, 1948, 1964, 2004, 2020, 1468, 1946, 1466, 1932, 1692, 1949, 1821, 1822, 1884, 1948, 1948, 1948],
    [1949, 1949, 1949, 1965, 2005, 2021, 1469, 1947, 1467, 1692, 1932, 1948, 1885, 1950, 1886, 925, 1941, 1945],
    [1950, 1950, 1950, 1966, 2006, 2022, 1436, 1434, 1470, 1950, 1950, 1950, 1949, 1886, 1885, 926, 1942, 1946],
    [1951, 1951, 1951, 1967, 2007, 2023, 1437, 1435, 1471, 1678, 1678, 1951, 2013, 2014, 1887, 1951, 1951, 1951],
    [1952, 1952, 1952, 1984, 1928, 1936, 1952, 1952, 1952, 1953, 1712, 1713, 1825, 1826, 1888, 1956, 936, 940],
    [1953, 1953, 1953, 1985, 1929, 1937, 1953, 1953, 1953, 1713, 1952, 1712, 1889, 1954, 1890, 933, 929, 937],
    [1954, 1954, 1954, 1986, 1930, 1938, 1920, 1440, 1956, 1971, 1970, 1714, 1953, 1890, 1889, 934, 930, 938],
    [1955, 1955, 1955, 1987, 1931, 1939, 1921, 1441, 1957, 1699, 1698, 1715, 2017, 2018, 1891, 1959, 939, 943],
    [1956, 1956, 1956, 1988, 1932, 1940, 1440, 1920, 1954, 1973, 1972, 1716, 1829, 1830, 1892, 940, 1952, 936],
    [1957, 1957, 1957, 1989, 1933, 1941, 1441, 1921, 1955, 1701, 1700, 1717, 1893, 1958, 1894, 1965, 1961, 941],
    [1958, 1958, 1958, 1990, 1934, 1942, 1408, 1408, 1958, 1959, 1718, 1719, 1957, 1894, 1893, 1966, 1962, 942],
    [1959, 1959, 1959, 1991, 1935, 1943, 1409, 1409, 1959, 1719, 1958, 1718, 2021, 2022, 1895, 943, 1955, 939],
    [1960, 1960, 1960, 2016, 1944, 2000, 1960, 1960, 1960, 1977, 1976, 1720, 1833, 1834, 1896, 932, 932, 1960],
    [1961, 1961, 1961, 2017, 1945, 2001, 1961, 1961, 1961, 1705, 1704, 1721, 1897, 1962, 1898, 1957, 941, 1965],
    [1962, 1962, 1962, 2018, 1946, 2002, 1928, 1448, 1964, 1963, 1722, 1723, 1961, 1898, 1897, 1958, 942, 1966],
    [1963, 1963, 1963, 2019, 1947, 2003, 1929, 1449, 1965, 1723, 1962, 1722, 2025, 2026, 1899, 935, 935, 1963],
    [1964, 1964, 1964, 2020, 1948, 2004, 1448, 1928, 1962, 1965, 1724, 1725, 1837, 1838, 1900, 1964, 1964, 1964],
    [1965, 1965, 1965, 2021, 1949, 2005, 1449, 1929, 1963, 1725, 1964, 1724, 1901, 1966, 1902, 941, 1957, 1961],
    [1966, 1966, 1966, 2022, 1950, 2006, 1416, 1416, 1966, 1983, 1982, 1726, 1965, 1902, 1901, 942, 1958, 1962],
    [1967, 1967, 1967, 2023, 1951, 2007, 1417, 1417, 1967, 1711, 1710, 1727, 2029, 2030, 1903, 1967, 1967, 1967],
    [1968, 1968, 1968, 1992, 1992, 1968, 1968, 1968, 1968, 1968, 1968, 1968, 1841, 1842, 1904, 948, 944, 952],
    [1969, 1969, 1969, 1993, 1993, 1969, 1969, 1969, 1969, 1696, 1696, 1969, 1905, 1970, 1906, 1973, 953, 957],
    [1970, 1970, 1970, 1994, 1994, 1970, 1936, 1456, 1972, 1954, 1714, 1971, 1969, 1906, 1905, 1974, 954, 958],
    [1971, 1971, 1971, 1995, 1995, 1971, 1937, 1457, 1973, 1714, 1954, 1970, 2033, 2034, 1907, 951, 947, 955],
    [1972, 1972, 1972, 1996, 1996, 1972, 1456, 1936, 1970, 1956, 1716, 1973, 1845, 1846, 1908, 1980, 1976, 956],
    [1973, 1973, 1973, 1997, 1997, 1973, 1457, 1937, 1971, 1716, 1956, 1972, 1909, 1974, 1910, 957, 1969, 953],
    [1974, 1974, 1974, 1998, 1998, 1974, 1424, 1424, 1974, 1974, 1974, 1974, 1973, 1910, 1909, 958, 1970, 954],
    [1975, 1975, 1975, 1999, 1999, 1975, 1425, 1425, 1975, 1702, 1702, 1975, 2037, 2038, 1911, 1983, 1979, 959],
    [1976, 1976, 1976, 2024, 2008, 2032, 1976, 1976, 1976, 1960, 1720, 1977, 1849, 1850, 1912, 1972, 956, 1980],
    [1977, 1977, 1977, 2025, 2009, 2033, 1977, 1977, 1977, 1720, 1960, 1976, 1913, 1978, 1914, 949, 949, 1977],
    [1978, 1978, 1978, 2026, 2010, 2034, 1944, 1464, 1980, 1978, 1978, 1978, 1977, 1914, 1913, 950, 950, 1978],
    [1979, 1979, 1979, 2027, 2011, 2035, 1945, 1465, 1981, 1706, 1706, 1979, 2041, 2042, 1915, 1975, 959, 1983],
    [1980, 1980, 1980, 2028, 2012, 2036, 1464, 1944, 1978, 1980, 1980, 1980, 1853, 1854, 1916, 956, 1972, 1976],
    [1981, 1981, 1981, 2029, 2013, 2037, 1465, 1945, 1979, 1708, 1708, 1981, 1917, 1982, 1918, 1981, 1981, 1981],
    [1982, 1982, 1982, 2030, 2014, 2038, 1432, 1432, 1982, 1966, 1726, 1983, 1981, 1918, 1917, 1982, 1982, 1982],
    [1983, 1983, 1983, 2031, 2015, 2039, 1433, 1433, 1983, 1726, 1966, 1982, 2045, 2046, 1919, 959, 1975, 1979],
    [1984, 1984, 1984, 1936, 1952, 1928, 2020, 2018, 1504, 1985, 1744, 1745, 1795, 1795, 1984, 1988, 968, 972],
    [1985, 1985, 1985, 1937, 1953, 1929, 2021, 2019, 1505, 1745, 1984, 1744, 1859, 1923, 1986, 965, 961, 969],
    [1986, 1986, 1986, 1938, 1954, 1930, 1988, 1506, 1508, 2003, 2002, 1746, 1923, 1859, 1985, 966, 962, 970],
    [1987, 1987, 1987, 1939, 1955, 1931, 1989, 1507, 1509, 1731, 1730, 1747, 1987, 1987, 1987, 1991, 971, 975],
    [1988, 1988, 1988, 1940, 1956, 1932, 1508, 1986, 1506, 2005, 2004, 1748, 1799, 1799, 1988, 972, 1984, 968],
    [1989, 1989, 1989, 1941, 1957, 1933, 1509, 1987, 1507, 1733, 1732, 1749, 1863, 1927, 1990, 1997, 1993, 973],
    [1990, 1990, 1990, 1942, 1958, 1934, 1476, 1474, 1510, 1991, 1750, 1751, 1927, 1863, 1989, 1998, 1994, 974],
    [1991, 1991, 1991, 1943, 1959, 1935, 1477, 1475, 1511, 1751, 1990, 1750, 1991, 1991, 1991, 975, 1987, 971],
    [1992, 1992, 1992, 1968, 1968, 1992, 2028, 2026, 1512, 2009, 2008, 1752, 1803, 1803, 1992, 964, 964, 1992],
    [1993, 1993, 1993, 1969, 1969, 1993, 2029, 2027, 1513, 1737, 1736, 1753, 1867, 1931, 1994, 1989, 973, 1997],
    [1994, 1994, 1994, 1970, 1970, 1994, 1996, 1514, 1516, 1995, 1754, 1755, 1931, 1867, 1993, 1990, 974, 1998],
    [1995, 1995, 1995, 1971, 1971, 1995, 1997, 1515, 1517, 1755, 1994, 1754, 1995, 1995, 1995, 967, 967, 1995],
    [1996, 1996, 1996, 1972, 1972, 1996, 1516, 1994, 1514, 1997, 1756, 1757, 1807, 1807, 1996, 1996, 1996, 1996],
    [1997, 1997, 1997, 1973, 1973, 1997, 1517, 1995, 1515, 1757, 1996, 1756, 1871, 1935, 1998, 973, 1989, 1993],
    [1998, 1998, 1998, 1974, 1974, 1998, 1484, 1482, 1518, 2015, 2014, 1758, 1935, 1871, 1997, 974, 1990, 1994],
    [1999, 1999, 1999, 1975, 1975, 1999, 1485, 1483, 1519, 1743, 1742, 1759, 1999, 1999, 1999, 1999, 1999, 1999],
    [2000, 2000, 2000, 1944, 2016, 1960, 2036, 2034, 1520, 2000, 2000, 2000, 1811, 1811, 2000, 980, 976, 984],
    [2001, 2001, 2001, 1945, 2017, 1961, 2037, 2035, 1521, 1728, 1728, 2001, 1875, 1939, 2002, 2005, 985, 989],
    [2002, 2002, 2002, 1946, 2018, 1962, 2004, 1522, 1524, 1986, 1746, 2003, 1939, 1875, 2001, 2006, 986, 990],
    [2003, 2003, 2003, 1947, 2019, 1963, 2005, 1523, 1525, 1746, 1986, 2002, 2003, 2003, 2003, 983, 979, 987],
    [2004, 2004, 2004, 1948, 2020, 1964, 1524, 2002, 1522, 1988, 1748, 2005, 1815, 1815, 2004, 2012, 2008, 988],
    [2005, 2005, 2005, 1949, 2021, 1965, 1525, 2003, 1523, 1748, 1988, 2004, 1879, 1943, 2006, 989, 2001, 985],
    [2006, 2006, 2006, 1950, 2022, 1966, 1492, 1490, 1526, 2006, 2006, 2006, 1943, 1879, 2005, 990, 2002, 986],
    [2007, 2007, 2007, 1951, 2023, 1967, 1493, 1491, 1527, 1734, 1734, 2007, 2007, 2007, 2007, 2015, 2011, 991],
    [2008, 2008, 2008, 1976, 2032, 2024, 2044, 2042, 1528, 1992, 1752, 2009, 1819, 1819, 2008, 2004, 988, 2012],
    [2009, 2009, 2009, 1977, 2033, 2025, 2045, 2043, 1529, 1752, 1992, 2008, 1883, 1947, 2010, 981, 981, 2009],
    [2010, 2010, 2010, 1978, 2034, 2026, 2012, 1530, 1532, 2010, 2010, 2010, 1947, 1883, 2009, 982, 982, 2010],
    [2011, 2011, 2011, 1979, 2035, 2027, 2013, 1531, 1533, 1738, 1738, 2011, 2011, 2011, 2011, 2007, 991, 2015],
    [2012, 2012, 2012, 1980, 2036, 2028, 1532, 2010, 1530, 2012, 2012, 2012, 1823, 1823, 2012, 988, 2004, 2008],
    [2013, 2013, 2013, 1981, 2037, 2029, 1533, 2011, 1531, 1740, 1740, 2013, 1887, 1951, 2014, 2013, 2013, 2013],
    [2014, 2014, 2014, 1982, 2038, 2030, 1500, 1498, 1534, 1998, 1758, 2015, 1951, 1887, 2013, 2014, 2014, 2014],
    [2015, 2015, 2015, 1983, 2039, 2031, 1501, 1499, 1535, 1758, 1998, 2014, 2015, 2015, 2015, 991, 2007, 2011],
    [2016, 2016, 2016, 2000, 1960, 1944, 2016, 2016, 2016, 2033, 2032, 1776, 1827, 1827, 2016, 996, 992, 1000],
    [2017, 2017, 2017, 2001, 1961, 1945, 2017, 2017, 2017, 1761, 1760, 1777, 1891, 1955, 2018, 2021, 1001, 1005],
    [2018, 2018, 2018, 2002, 1962, 1946, 1984, 1504, 2020, 2019, 1778, 1779, 1955, 1891, 2017, 2022, 1002, 1006],
    [2019, 2019, 2019, 2003, 1963, 1947, 1985, 1505, 2021, 1779, 2018, 1778, 2019, 2019, 2019, 999, 995, 1003],
    [2020, 2020, 2020, 2004, 1964, 1948, 1504, 1984, 2018, 2021, 1780, 1781, 1831, 1831, 2020, 2028, 2024, 1004],
    [2021, 2021, 2021, 2005, 1965, 1949, 1505, 1985, 2019, 1781, 2020, 1780, 1895, 1959, 2022, 1005, 2017, 1001],
    [2022, 2022, 2022, 2006, 1966, 1950, 1472, 1472, 2022, 2039, 2038, 1782, 1959, 1895, 2021, 1006, 2018, 1002],
    [2023, 2023, 2023, 2007, 1967, 1951, 1473, 1473, 2023, 1767, 1766, 1783, 2023, 2023, 2023, 2031, 2027, 1007],
    [2024, 2024, 2024, 2032, 1976, 2008, 2024, 2024, 2024, 2025, 1784, 1785, 1835, 1835, 2024, 2020, 1004, 2028],
    [2025, 2025, 2025, 2033, 1977, 2009, 2025, 2025, 2025, 1785, 2024, 1784, 1899, 1963, 2026, 997, 997, 2025],
    [2026, 2026, 2026, 2034, 1978, 2010, 1992, 1512, 2028, 2043, 2042, 1786, 1963, 1899, 2025, 998, 998, 2026],
    [2027, 2027, 2027, 2035, 1979, 2011, 1993, 1513, 2029, 1771, 1770, 1787, 2027, 2027, 2027, 2023, 1007, 2031],
    [2028, 2028, 2028, 2036, 1980, 2012, 1512, 1992, 2026, 2045, 2044, 1788, 1839, 1839, 2028, 1004, 2020, 2024],
    [2029, 2029, 2029, 2037, 1981, 2013, 1513, 1993, 2027, 1773, 1772, 1789, 1903, 1967, 2030, 2029, 2029, 2029],
    [2030, 2030, 2030, 2038, 1982, 2014, 1480, 1480, 2030, 2031, 1790, 1791, 1967, 1903, 2029, 2030, 2030, 2030],
    [2031, 2031, 2031, 2039, 1983, 2015, 1481, 1481, 2031, 1791, 2030, 1790, 2031, 2031, 2031, 1007, 2023, 2027],
    [2032, 2032, 2032, 2008, 2024, 1976, 2032, 2032, 2032, 2016, 1776, 2033, 1843, 1843, 2032, 2036, 1016, 1020],
    [2033, 2033, 2033, 2009, 2025, 1977, 2033, 2033, 2033, 1776, 2016, 2032, 1907, 1971, 2034, 1013, 1009, 1017],
    [2034, 2034, 2034, 2010, 2026, 1978, 2000, 1520, 2036, 2034, 2034, 2034, 1971, 1907, 2033, 1014, 1010, 1018],
    [2035, 2035, 2035, 2011, 2027, 1979, 2001, 1521, 2037, 1762, 1762, 2035, 2035, 2035, 2035, 2039, 1019, 1023],
    [2036, 2036, 2036, 2012, 2028, 1980, 1520, 2000, 2034, 2036, 2036, 2036, 1847, 1847, 2036, 1020, 2032, 1016],
    [2037, 2037, 2037, 2013, 2029, 1981, 1521, 2001, 2035, 1764, 1764, 2037, 1911, 1975, 2038, 2045, 2041, 1021],
    [2038, 2038, 2038, 2014, 2030, 1982, 1488, 1488, 2038, 2022, 1782, 2039, 1975, 1911, 2037, 2046, 2042, 1022],
    [2039, 2039, 2039, 2015, 2031, 1983, 1489, 1489, 2039, 1782, 2022, 2038, 2039, 2039, 2039, 1023, 2035, 1019],
    [2040, 2040, 2040, 2040, 2040, 2040, 2040, 2040, 2040, 2040, 2040, 2040, 1851, 1851, 2040, 1012, 1012, 2040],
    [2041, 2041, 2041, 2041, 2041, 2041, 2041, 2041, 2041, 1768, 1768, 2041, 1915, 1979, 2042, 2037, 1021, 2045],
    [2042, 2042, 2042, 2042, 2042, 2042, 2008, 1528, 2044, 2026, 1786, 2043, 1979, 1915, 2041, 2038, 1022, 2046],
    [2043, 2043, 2043, 2043, 2043, 2043, 2009, 1529, 2045, 1786, 2026, 2042, 2043, 2043, 2043, 1015, 1015, 2043],
    [2044, 2044, 2044, 2044, 2044, 2044, 1528, 2008, 2042, 2028, 1788, 2045, 1855, 1855, 2044, 2044, 2044, 2044],
    [2045, 2045, 2045, 2045, 2045, 2045, 1529, 2009, 2043, 1788, 2028, 2044, 1919, 1983, 2046, 1021, 2037, 2041],
    [2046, 2046, 2046, 2046, 2046, 2046, 1496, 1496, 2046, 2046, 2046, 2046, 1983, 1919, 2045, 1022, 2038, 2042],
    [2047, 2047, 2047, 2047, 2047, 2047, 1497, 1497, 2047, 1774, 1774, 2047, 2047, 2047, 2047, 2047, 2047, 2047],
];
pub const UD_MOVE_TABLE: [[u16; 18]; 495] = [
    [0, 0, 0, 0, 0, 0, 33, 33, 0, 295, 295, 0, 99, 99, 0, 179, 179, 0],
    [1, 1, 1, 3, 2, 4, 18, 22, 9, 316, 316, 1, 120, 120, 1, 8, 165, 172],
    [2, 2, 2, 1, 4, 3, 24, 28, 10, 183, 63, 6, 135, 135, 2, 185, 173, 166],
    [3, 3, 3, 4, 1, 2, 11, 7, 15, 336, 336, 3, 145, 145, 3, 190, 174, 167],
    [4, 4, 4, 2, 3, 1, 30, 37, 12, 340, 340, 4, 71, 35, 5, 194, 175, 168],
    [7, 6, 8, 5, 5, 5, 31, 40, 13, 343, 343, 5, 35, 71, 4, 197, 176, 169],
    [5, 8, 7, 6, 6, 6, 32, 42, 14, 63, 183, 2, 155, 155, 6, 199, 177, 170],
    [8, 5, 6, 7, 7, 7, 3, 15, 11, 346, 346, 7, 156, 156, 7, 200, 178, 171],
    [6, 7, 5, 8, 8, 8, 34, 44, 16, 347, 347, 8, 157, 157, 8, 172, 1, 165],
    [9, 9, 9, 11, 10, 12, 22, 18, 1, 372, 372, 9, 83, 84, 45, 23, 207, 16],
    [10, 10, 10, 9, 12, 11, 28, 24, 2, 211, 91, 14, 89, 90, 46, 234, 234, 10],
    [11, 11, 11, 12, 9, 10, 15, 3, 7, 392, 392, 11, 94, 95, 47, 239, 239, 11],
    [12, 12, 12, 10, 11, 9, 37, 30, 4, 396, 396, 12, 48, 13, 49, 243, 243, 12],
    [15, 14, 16, 13, 13, 13, 40, 31, 5, 399, 399, 13, 12, 49, 48, 246, 246, 13],
    [13, 16, 15, 14, 14, 14, 42, 32, 6, 91, 211, 10, 100, 103, 50, 248, 248, 14],
    [16, 13, 14, 15, 15, 15, 7, 11, 3, 402, 402, 15, 101, 104, 51, 249, 249, 15],
    [14, 15, 13, 16, 16, 16, 44, 34, 8, 403, 403, 16, 102, 105, 52, 207, 23, 9],
    [17, 17, 17, 18, 25, 30, 17, 17, 17, 232, 112, 21, 110, 111, 53, 29, 201, 213],
    [18, 18, 18, 30, 17, 25, 9, 1, 22, 427, 427, 18, 115, 116, 54, 34, 202, 218],
    [19, 19, 19, 24, 24, 19, 19, 19, 19, 431, 431, 19, 55, 20, 56, 38, 203, 222],
    [22, 21, 23, 31, 26, 35, 20, 20, 20, 434, 434, 20, 19, 56, 55, 41, 204, 225],
    [20, 23, 22, 32, 27, 36, 21, 21, 21, 112, 232, 17, 121, 124, 57, 43, 205, 227],
    [23, 20, 21, 33, 28, 37, 1, 9, 18, 437, 437, 22, 122, 125, 58, 44, 206, 228],
    [21, 22, 20, 34, 29, 38, 23, 23, 23, 438, 438, 23, 123, 126, 59, 16, 9, 207],
    [24, 24, 24, 19, 19, 24, 10, 2, 28, 252, 132, 32, 130, 131, 60, 254, 229, 208],
    [25, 25, 25, 17, 30, 18, 25, 25, 25, 256, 136, 36, 61, 26, 62, 258, 230, 209],
    [28, 27, 29, 20, 35, 31, 26, 26, 26, 259, 139, 39, 25, 62, 61, 261, 231, 210],
    [26, 29, 28, 21, 36, 32, 27, 27, 27, 27, 27, 27, 136, 139, 63, 263, 232, 211],
    [29, 26, 27, 22, 37, 33, 2, 10, 24, 262, 142, 42, 137, 140, 64, 264, 233, 212],
    [27, 28, 26, 23, 38, 34, 29, 29, 29, 263, 143, 43, 138, 141, 65, 213, 17, 201],
    [30, 30, 30, 25, 18, 17, 12, 4, 37, 461, 461, 30, 66, 31, 67, 268, 235, 214],
    [33, 32, 34, 35, 20, 26, 13, 5, 40, 464, 464, 31, 30, 67, 66, 271, 236, 215],
    [31, 34, 33, 36, 21, 27, 14, 6, 42, 132, 252, 24, 146, 149, 68, 273, 237, 216],
    [34, 31, 32, 37, 22, 28, 0, 0, 33, 467, 467, 33, 147, 150, 69, 274, 238, 217],
    [32, 33, 31, 38, 23, 29, 16, 8, 44, 468, 468, 34, 148, 151, 70, 218, 18, 202],
    [37, 36, 38, 26, 31, 20, 35, 35, 35, 470, 470, 35, 4, 5, 71, 277, 240, 219],
    [35, 38, 37, 27, 32, 21, 36, 36, 36, 136, 256, 25, 72, 39, 75, 279, 241, 220],
    [38, 35, 36, 28, 33, 22, 4, 12, 30, 473, 473, 37, 73, 40, 76, 280, 242, 221],
    [36, 37, 35, 29, 34, 23, 38, 38, 38, 474, 474, 38, 74, 41, 77, 222, 19, 203],
    [40, 43, 44, 39, 39, 39, 39, 39, 39, 139, 259, 26, 36, 75, 72, 282, 244, 223],
    [44, 39, 43, 40, 40, 40, 5, 13, 31, 476, 476, 40, 37, 76, 73, 283, 245, 224],
    [42, 42, 41, 41, 41, 41, 41, 41, 41, 477, 477, 41, 38, 77, 74, 225, 20, 204],
    [41, 41, 42, 42, 42, 42, 6, 14, 32, 142, 262, 28, 158, 161, 78, 284, 247, 226],
    [39, 44, 40, 43, 43, 43, 43, 43, 43, 143, 263, 29, 159, 162, 79, 227, 21, 205],
    [43, 40, 39, 44, 44, 44, 8, 16, 34, 479, 479, 44, 160, 163, 80, 228, 22, 206],
    [45, 45, 45, 47, 46, 48, 118, 118, 45, 285, 289, 165, 84, 83, 9, 59, 291, 52],
    [46, 46, 46, 45, 48, 47, 133, 133, 46, 166, 50, 170, 90, 89, 10, 318, 318, 46],
    [47, 47, 47, 48, 45, 46, 97, 69, 51, 292, 300, 167, 95, 94, 11, 323, 323, 47],
    [48, 48, 48, 46, 47, 45, 147, 147, 48, 293, 304, 168, 49, 12, 13, 327, 327, 48],
    [51, 50, 52, 49, 49, 49, 150, 150, 49, 294, 307, 169, 13, 48, 12, 330, 330, 49],
    [49, 52, 51, 50, 50, 50, 152, 152, 50, 46, 170, 166, 103, 100, 14, 332, 332, 50],
    [52, 49, 50, 51, 51, 51, 69, 97, 47, 296, 310, 171, 104, 101, 15, 333, 333, 51],
    [50, 51, 49, 52, 52, 52, 154, 154, 52, 297, 311, 172, 105, 102, 16, 291, 59, 45],
    [53, 53, 53, 54, 61, 66, 109, 113, 81, 173, 57, 177, 111, 110, 17, 65, 285, 297],
    [54, 54, 54, 66, 53, 61, 82, 58, 86, 313, 321, 174, 116, 115, 18, 70, 286, 302],
    [55, 55, 55, 60, 60, 55, 115, 122, 83, 314, 325, 175, 56, 19, 20, 74, 287, 306],
    [58, 57, 59, 67, 62, 71, 116, 125, 84, 315, 328, 176, 20, 55, 19, 77, 288, 309],
    [56, 59, 58, 68, 63, 72, 117, 127, 85, 53, 177, 173, 124, 121, 21, 79, 289, 311],
    [59, 56, 57, 69, 64, 73, 54, 86, 82, 317, 331, 178, 125, 122, 22, 80, 290, 312],
    [57, 58, 56, 70, 65, 74, 119, 129, 87, 318, 332, 179, 126, 123, 23, 52, 45, 291],
    [60, 60, 60, 55, 55, 60, 88, 64, 92, 180, 68, 188, 131, 130, 24, 338, 313, 292],
    [61, 61, 61, 53, 66, 54, 130, 137, 89, 181, 72, 192, 62, 25, 26, 342, 314, 293],
    [64, 63, 65, 56, 71, 67, 131, 140, 90, 182, 75, 195, 26, 61, 25, 345, 315, 294],
    [62, 65, 64, 57, 72, 68, 132, 142, 91, 2, 6, 183, 139, 136, 27, 347, 316, 295],
    [65, 62, 63, 58, 73, 69, 60, 92, 88, 184, 78, 198, 140, 137, 28, 348, 317, 296],
    [63, 64, 62, 59, 74, 70, 134, 144, 93, 185, 79, 199, 141, 138, 29, 297, 53, 285],
    [66, 66, 66, 61, 54, 53, 94, 73, 101, 334, 350, 186, 67, 30, 31, 352, 319, 298],
    [69, 68, 70, 71, 56, 62, 95, 76, 104, 335, 353, 187, 31, 66, 30, 355, 320, 299],
    [67, 70, 69, 72, 57, 63, 96, 78, 106, 60, 188, 180, 149, 146, 32, 357, 321, 300],
    [70, 67, 68, 73, 58, 64, 47, 51, 97, 337, 356, 189, 150, 147, 33, 358, 322, 301],
    [68, 69, 67, 74, 59, 65, 98, 80, 108, 338, 357, 190, 151, 148, 34, 302, 54, 286],
    [73, 72, 74, 62, 67, 56, 145, 156, 99, 339, 359, 191, 5, 4, 35, 361, 324, 303],
    [71, 74, 73, 63, 68, 57, 146, 158, 100, 61, 192, 181, 75, 36, 39, 363, 325, 304],
    [74, 71, 72, 64, 69, 58, 66, 101, 94, 341, 362, 193, 76, 37, 40, 364, 326, 305],
    [72, 73, 71, 65, 70, 59, 148, 160, 102, 342, 363, 194, 77, 38, 41, 306, 55, 287],
    [76, 79, 80, 75, 75, 75, 149, 161, 103, 62, 195, 182, 39, 72, 36, 366, 328, 307],
    [80, 75, 79, 76, 76, 76, 67, 104, 95, 344, 365, 196, 40, 73, 37, 367, 329, 308],
    [78, 78, 77, 77, 77, 77, 151, 163, 105, 345, 366, 197, 41, 74, 38, 309, 56, 288],
    [77, 77, 78, 78, 78, 78, 68, 106, 96, 64, 198, 184, 161, 158, 42, 368, 331, 310],
    [75, 80, 76, 79, 79, 79, 153, 164, 107, 65, 199, 185, 162, 159, 43, 311, 57, 289],
    [79, 76, 75, 80, 80, 80, 70, 108, 98, 348, 368, 200, 163, 160, 44, 312, 58, 290],
    [81, 81, 81, 82, 89, 94, 113, 109, 53, 201, 85, 205, 81, 81, 81, 114, 374, 93],
    [82, 82, 82, 94, 81, 89, 86, 54, 58, 369, 377, 202, 82, 82, 82, 119, 379, 98],
    [83, 83, 83, 88, 88, 83, 122, 115, 55, 370, 381, 203, 45, 9, 84, 123, 383, 102],
    [86, 85, 87, 95, 90, 99, 125, 116, 56, 371, 384, 204, 9, 45, 83, 126, 386, 105],
    [84, 87, 86, 96, 91, 100, 127, 117, 57, 81, 205, 201, 85, 85, 85, 128, 388, 107],
    [87, 84, 85, 97, 92, 101, 58, 82, 54, 373, 387, 206, 86, 86, 86, 129, 389, 108],
    [85, 86, 84, 98, 93, 102, 129, 119, 59, 374, 388, 207, 87, 87, 87, 87, 87, 87],
    [88, 88, 88, 83, 83, 88, 92, 60, 64, 208, 96, 216, 88, 88, 88, 429, 429, 88],
    [89, 89, 89, 81, 94, 82, 137, 130, 61, 209, 100, 220, 46, 10, 90, 433, 433, 89],
    [92, 91, 93, 84, 99, 95, 140, 131, 62, 210, 103, 223, 10, 46, 89, 436, 436, 90],
    [90, 93, 92, 85, 100, 96, 142, 132, 63, 10, 14, 211, 91, 91, 91, 438, 438, 91],
    [93, 90, 91, 86, 101, 97, 64, 88, 60, 212, 106, 226, 92, 92, 92, 439, 439, 92],
    [91, 92, 90, 87, 102, 98, 144, 134, 65, 213, 107, 227, 93, 93, 93, 374, 114, 81],
    [94, 94, 94, 89, 82, 81, 101, 66, 73, 390, 406, 214, 47, 11, 95, 443, 443, 94],
    [97, 96, 98, 99, 84, 90, 104, 67, 76, 391, 409, 215, 11, 47, 94, 446, 446, 95],
    [95, 98, 97, 100, 85, 91, 106, 68, 78, 88, 216, 208, 96, 96, 96, 448, 448, 96],
    [98, 95, 96, 101, 86, 92, 51, 47, 69, 393, 412, 217, 97, 97, 97, 449, 449, 97],
    [96, 97, 95, 102, 87, 93, 108, 70, 80, 394, 413, 218, 98, 98, 98, 379, 119, 82],
    [101, 100, 102, 90, 95, 84, 156, 145, 71, 395, 415, 219, 0, 0, 99, 452, 452, 99],
    [99, 102, 101, 91, 96, 85, 158, 146, 72, 89, 220, 209, 50, 14, 103, 454, 454, 100],
    [102, 99, 100, 92, 97, 86, 73, 94, 66, 397, 418, 221, 51, 15, 104, 455, 455, 101],
    [100, 101, 99, 93, 98, 87, 160, 148, 74, 398, 419, 222, 52, 16, 105, 383, 123, 83],
    [104, 107, 108, 103, 103, 103, 161, 149, 75, 90, 223, 210, 14, 50, 100, 457, 457, 103],
    [108, 103, 107, 104, 104, 104, 76, 95, 67, 400, 421, 224, 15, 51, 101, 458, 458, 104],
    [106, 106, 105, 105, 105, 105, 163, 151, 77, 401, 422, 225, 16, 52, 102, 386, 126, 84],
    [105, 105, 106, 106, 106, 106, 78, 96, 68, 92, 226, 212, 106, 106, 106, 459, 459, 106],
    [103, 108, 104, 107, 107, 107, 164, 153, 79, 93, 227, 213, 107, 107, 107, 388, 128, 85],
    [107, 104, 103, 108, 108, 108, 80, 98, 70, 404, 424, 228, 108, 108, 108, 389, 129, 86],
    [109, 109, 109, 115, 110, 130, 81, 53, 113, 229, 117, 237, 109, 109, 109, 134, 369, 394],
    [110, 110, 110, 109, 130, 115, 110, 110, 110, 230, 121, 241, 53, 17, 111, 138, 370, 398],
    [113, 112, 114, 116, 135, 145, 111, 111, 111, 231, 124, 244, 17, 53, 110, 141, 371, 401],
    [111, 114, 113, 117, 136, 146, 112, 112, 112, 17, 21, 232, 112, 112, 112, 143, 372, 403],
    [114, 111, 112, 118, 137, 147, 53, 81, 109, 233, 127, 247, 113, 113, 113, 144, 373, 404],
    [112, 113, 111, 119, 138, 148, 114, 114, 114, 234, 128, 248, 114, 114, 114, 93, 81, 374],
    [115, 115, 115, 130, 109, 110, 83, 55, 122, 425, 441, 235, 54, 18, 116, 148, 375, 408],
    [118, 117, 119, 145, 111, 135, 84, 56, 125, 426, 444, 236, 18, 54, 115, 151, 376, 411],
    [116, 119, 118, 146, 112, 136, 85, 57, 127, 109, 237, 229, 117, 117, 117, 153, 377, 413],
    [119, 116, 117, 147, 113, 137, 45, 45, 118, 428, 447, 238, 118, 118, 118, 154, 378, 414],
    [117, 118, 116, 148, 114, 138, 87, 59, 129, 429, 448, 239, 119, 119, 119, 98, 82, 379],
    [122, 121, 123, 131, 131, 120, 120, 120, 120, 430, 450, 240, 1, 1, 120, 157, 380, 417],
    [120, 123, 122, 132, 132, 121, 121, 121, 121, 110, 241, 230, 57, 21, 124, 159, 381, 419],
    [123, 120, 121, 133, 133, 122, 55, 83, 115, 432, 453, 242, 58, 22, 125, 160, 382, 420],
    [121, 122, 120, 134, 134, 123, 123, 123, 123, 433, 454, 243, 59, 23, 126, 102, 83, 383],
    [125, 128, 129, 149, 139, 155, 124, 124, 124, 111, 244, 231, 21, 57, 121, 162, 384, 422],
    [129, 124, 128, 150, 140, 156, 56, 84, 116, 435, 456, 245, 22, 58, 122, 163, 385, 423],
    [127, 127, 126, 151, 141, 157, 126, 126, 126, 436, 457, 246, 23, 59, 123, 105, 84, 386],
    [126, 126, 127, 152, 142, 158, 57, 85, 117, 113, 247, 233, 127, 127, 127, 164, 387, 424],
    [124, 129, 125, 153, 143, 159, 128, 128, 128, 114, 248, 234, 128, 128, 128, 107, 85, 388],
    [128, 125, 124, 154, 144, 160, 59, 87, 119, 439, 459, 249, 129, 129, 129, 108, 86, 389],
    [130, 130, 130, 110, 115, 109, 89, 61, 137, 250, 146, 266, 60, 24, 131, 463, 425, 390],
    [133, 132, 134, 120, 120, 131, 90, 62, 140, 251, 149, 269, 24, 60, 130, 466, 426, 391],
    [131, 134, 133, 121, 121, 132, 91, 63, 142, 24, 32, 252, 132, 132, 132, 468, 427, 392],
    [134, 131, 132, 122, 122, 133, 46, 46, 133, 253, 152, 272, 133, 133, 133, 469, 428, 393],
    [132, 133, 131, 123, 123, 134, 93, 65, 144, 254, 153, 273, 134, 134, 134, 394, 109, 369],
    [137, 136, 138, 111, 145, 116, 135, 135, 135, 255, 155, 275, 2, 2, 135, 472, 430, 395],
    [135, 138, 137, 112, 146, 117, 136, 136, 136, 25, 36, 256, 63, 27, 139, 474, 431, 396],
    [138, 135, 136, 113, 147, 118, 61, 89, 130, 257, 158, 278, 64, 28, 140, 475, 432, 397],
    [136, 137, 135, 114, 148, 119, 138, 138, 138, 258, 159, 279, 65, 29, 141, 398, 110, 370],
    [140, 143, 144, 124, 155, 149, 139, 139, 139, 26, 39, 259, 27, 63, 136, 477, 434, 399],
    [144, 139, 143, 125, 156, 150, 62, 90, 131, 260, 161, 281, 28, 64, 137, 478, 435, 400],
    [142, 142, 141, 126, 157, 151, 141, 141, 141, 261, 162, 282, 29, 65, 138, 401, 111, 371],
    [141, 141, 142, 127, 158, 152, 63, 91, 132, 28, 42, 262, 142, 142, 142, 479, 437, 402],
    [139, 144, 140, 128, 159, 153, 143, 143, 143, 29, 43, 263, 143, 143, 143, 403, 112, 372],
    [143, 140, 139, 129, 160, 154, 65, 93, 134, 264, 164, 284, 144, 144, 144, 404, 113, 373],
    [147, 146, 148, 135, 116, 111, 99, 71, 156, 460, 480, 265, 3, 3, 145, 482, 440, 405],
    [145, 148, 147, 136, 117, 112, 100, 72, 158, 130, 266, 250, 68, 32, 149, 484, 441, 406],
    [148, 145, 146, 137, 118, 113, 48, 48, 147, 462, 483, 267, 69, 33, 150, 485, 442, 407],
    [146, 147, 145, 138, 119, 114, 102, 74, 160, 463, 484, 268, 70, 34, 151, 408, 115, 375],
    [150, 153, 154, 155, 124, 139, 103, 75, 161, 131, 269, 251, 32, 68, 146, 487, 444, 409],
    [154, 149, 153, 156, 125, 140, 49, 49, 150, 465, 486, 270, 33, 69, 147, 488, 445, 410],
    [152, 152, 151, 157, 126, 141, 105, 77, 163, 466, 487, 271, 34, 70, 148, 411, 116, 376],
    [151, 151, 152, 158, 127, 142, 50, 50, 152, 133, 272, 253, 152, 152, 152, 489, 447, 412],
    [149, 154, 150, 159, 128, 143, 107, 79, 164, 134, 273, 254, 153, 153, 153, 413, 117, 377],
    [153, 150, 149, 160, 129, 144, 52, 52, 154, 469, 489, 274, 154, 154, 154, 414, 118, 378],
    [156, 159, 160, 139, 149, 124, 155, 155, 155, 135, 275, 255, 6, 6, 155, 491, 450, 415],
    [160, 155, 159, 140, 150, 125, 71, 99, 145, 471, 490, 276, 7, 7, 156, 492, 451, 416],
    [158, 158, 157, 141, 151, 126, 157, 157, 157, 472, 491, 277, 8, 8, 157, 417, 120, 380],
    [157, 157, 158, 142, 152, 127, 72, 100, 146, 137, 278, 257, 78, 42, 161, 493, 453, 418],
    [155, 160, 156, 143, 153, 128, 159, 159, 159, 138, 279, 258, 79, 43, 162, 419, 121, 381],
    [159, 156, 155, 144, 154, 129, 74, 102, 148, 475, 493, 280, 80, 44, 163, 420, 122, 382],
    [163, 162, 164, 161, 161, 161, 75, 103, 149, 140, 281, 260, 42, 78, 158, 494, 456, 421],
    [161, 164, 163, 162, 162, 162, 162, 162, 162, 141, 282, 261, 43, 79, 159, 422, 124, 384],
    [164, 161, 162, 163, 163, 163, 77, 105, 151, 478, 494, 283, 44, 80, 160, 423, 125, 385],
    [162, 163, 161, 164, 164, 164, 79, 107, 153, 144, 284, 264, 164, 164, 164, 424, 127, 387],
    [165, 165, 165, 167, 166, 168, 238, 238, 165, 289, 285, 45, 380, 380, 165, 1, 172, 8],
    [166, 166, 166, 165, 168, 167, 253, 253, 166, 170, 46, 50, 395, 395, 166, 173, 185, 2],
    [167, 167, 167, 168, 165, 166, 217, 189, 171, 300, 292, 47, 405, 405, 167, 174, 190, 3],
    [168, 168, 168, 166, 167, 165, 267, 267, 168, 304, 293, 48, 303, 219, 169, 175, 194, 4],
    [171, 170, 172, 169, 169, 169, 270, 270, 169, 307, 294, 49, 219, 303, 168, 176, 197, 5],
    [169, 172, 171, 170, 170, 170, 272, 272, 170, 50, 166, 46, 415, 415, 170, 177, 199, 6],
    [172, 169, 170, 171, 171, 171, 189, 217, 167, 310, 296, 51, 416, 416, 171, 178, 200, 7],
    [170, 171, 169, 172, 172, 172, 274, 274, 172, 311, 297, 52, 417, 417, 172, 165, 8, 1],
    [173, 173, 173, 174, 181, 186, 229, 233, 201, 177, 53, 57, 430, 430, 173, 2, 166, 185],
    [174, 174, 174, 186, 173, 181, 202, 178, 206, 321, 313, 54, 440, 440, 174, 3, 167, 190],
    [175, 175, 175, 180, 180, 175, 235, 242, 203, 325, 314, 55, 324, 240, 176, 4, 168, 194],
    [178, 177, 179, 187, 182, 191, 236, 245, 204, 328, 315, 56, 240, 324, 175, 5, 169, 197],
    [176, 179, 178, 188, 183, 192, 237, 247, 205, 57, 173, 53, 450, 450, 177, 6, 170, 199],
    [179, 176, 177, 189, 184, 193, 174, 206, 202, 331, 317, 58, 451, 451, 178, 7, 171, 200],
    [177, 178, 176, 190, 185, 194, 239, 249, 207, 332, 318, 59, 452, 452, 179, 0, 0, 179],
    [180, 180, 180, 175, 175, 180, 208, 184, 212, 188, 60, 68, 460, 460, 180, 180, 180, 180],
    [181, 181, 181, 173, 186, 174, 250, 257, 209, 192, 61, 72, 339, 255, 182, 181, 181, 181],
    [184, 183, 185, 176, 191, 187, 251, 260, 210, 195, 62, 75, 255, 339, 181, 182, 182, 182],
    [182, 185, 184, 177, 192, 188, 252, 262, 211, 6, 2, 63, 470, 470, 183, 183, 183, 183],
    [185, 182, 183, 178, 193, 189, 180, 212, 208, 198, 64, 78, 471, 471, 184, 184, 184, 184],
    [183, 184, 182, 179, 194, 190, 254, 264, 213, 199, 65, 79, 472, 472, 185, 166, 2, 173],
    [186, 186, 186, 181, 174, 173, 214, 193, 221, 350, 334, 66, 349, 265, 187, 186, 186, 186],
    [189, 188, 190, 191, 176, 182, 215, 196, 224, 353, 335, 67, 265, 349, 186, 187, 187, 187],
    [187, 190, 189, 192, 177, 183, 216, 198, 226, 68, 180, 60, 480, 480, 188, 188, 188, 188],
    [190, 187, 188, 193, 178, 184, 167, 171, 217, 356, 337, 69, 481, 481, 189, 189, 189, 189],
    [188, 189, 187, 194, 179, 185, 218, 200, 228, 357, 338, 70, 482, 482, 190, 167, 3, 174],
    [193, 192, 194, 182, 187, 176, 265, 276, 219, 359, 339, 71, 191, 191, 191, 191, 191, 191],
    [191, 194, 193, 183, 188, 177, 266, 278, 220, 72, 181, 61, 359, 275, 195, 192, 192, 192],
    [194, 191, 192, 184, 189, 178, 186, 221, 214, 362, 341, 73, 360, 276, 196, 193, 193, 193],
    [192, 193, 191, 185, 190, 179, 268, 280, 222, 363, 342, 74, 361, 277, 197, 168, 4, 175],
    [196, 199, 200, 195, 195, 195, 269, 281, 223, 75, 182, 62, 275, 359, 192, 195, 195, 195],
    [200, 195, 199, 196, 196, 196, 187, 224, 215, 365, 344, 76, 276, 360, 193, 196, 196, 196],
    [198, 198, 197, 197, 197, 197, 271, 283, 225, 366, 345, 77, 277, 361, 194, 169, 5, 176],
    [197, 197, 198, 198, 198, 198, 188, 226, 216, 78, 184, 64, 490, 490, 198, 198, 198, 198],
    [195, 200, 196, 199, 199, 199, 273, 284, 227, 79, 185, 65, 491, 491, 199, 170, 6, 177],
    [199, 196, 195, 200, 200, 200, 190, 228, 218, 368, 348, 80, 492, 492, 200, 171, 7, 178],
    [201, 201, 201, 202, 209, 214, 233, 229, 173, 205, 81, 85, 370, 371, 285, 17, 213, 29],
    [202, 202, 202, 214, 201, 209, 206, 174, 178, 377, 369, 82, 375, 376, 286, 18, 218, 34],
    [203, 203, 203, 208, 208, 203, 242, 235, 175, 381, 370, 83, 287, 204, 288, 19, 222, 38],
    [206, 205, 207, 215, 210, 219, 245, 236, 176, 384, 371, 84, 203, 288, 287, 20, 225, 41],
    [204, 207, 206, 216, 211, 220, 247, 237, 177, 85, 201, 81, 381, 384, 289, 21, 227, 43],
    [207, 204, 205, 217, 212, 221, 178, 202, 174, 387, 373, 86, 382, 385, 290, 22, 228, 44],
    [205, 206, 204, 218, 213, 222, 249, 239, 179, 388, 374, 87, 383, 386, 291, 9, 16, 23],
    [208, 208, 208, 203, 203, 208, 212, 180, 184, 216, 88, 96, 390, 391, 292, 229, 254, 24],
    [209, 209, 209, 201, 214, 202, 257, 250, 181, 220, 89, 100, 293, 210, 294, 230, 258, 25],
    [212, 211, 213, 204, 219, 215, 260, 251, 182, 223, 90, 103, 209, 294, 293, 231, 261, 26],
    [210, 213, 212, 205, 220, 216, 262, 252, 183, 14, 10, 91, 396, 399, 295, 232, 263, 27],
    [213, 210, 211, 206, 221, 217, 184, 208, 180, 226, 92, 106, 397, 400, 296, 233, 264, 28],
    [211, 212, 210, 207, 222, 218, 264, 254, 185, 227, 93, 107, 398, 401, 297, 201, 29, 17],
    [214, 214, 214, 209, 202, 201, 221, 186, 193, 406, 390, 94, 298, 215, 299, 235, 268, 30],
    [217, 216, 218, 219, 204, 210, 224, 187, 196, 409, 391, 95, 214, 299, 298, 236, 271, 31],
    [215, 218, 217, 220, 205, 211, 226, 188, 198, 96, 208, 88, 406, 409, 300, 237, 273, 32],
    [218, 215, 216, 221, 206, 212, 171, 167, 189, 412, 393, 97, 407, 410, 301, 238, 274, 33],
    [216, 217, 215, 222, 207, 213, 228, 190, 200, 413, 394, 98, 408, 411, 302, 202, 34, 18],
    [221, 220, 222, 210, 215, 204, 276, 265, 191, 415, 395, 99, 168, 169, 303, 240, 277, 35],
    [219, 222, 221, 211, 216, 205, 278, 266, 192, 100, 209, 89, 304, 223, 307, 241, 279, 36],
    [222, 219, 220, 212, 217, 206, 193, 214, 186, 418, 397, 101, 305, 224, 308, 242, 280, 37],
    [220, 221, 219, 213, 218, 207, 280, 268, 194, 419, 398, 102, 306, 225, 309, 203, 38, 19],
    [224, 227, 228, 223, 223, 223, 281, 269, 195, 103, 210, 90, 220, 307, 304, 244, 282, 39],
    [228, 223, 227, 224, 224, 224, 196, 215, 187, 421, 400, 104, 221, 308, 305, 245, 283, 40],
    [226, 226, 225, 225, 225, 225, 283, 271, 197, 422, 401, 105, 222, 309, 306, 204, 41, 20],
    [225, 225, 226, 226, 226, 226, 198, 216, 188, 106, 212, 92, 418, 421, 310, 247, 284, 42],
    [223, 228, 224, 227, 227, 227, 284, 273, 199, 107, 213, 93, 419, 422, 311, 205, 43, 21],
    [227, 224, 223, 228, 228, 228, 200, 218, 190, 424, 404, 108, 420, 423, 312, 206, 44, 22],
    [229, 229, 229, 235, 230, 250, 201, 173, 233, 237, 109, 117, 425, 426, 313, 24, 208, 254],
    [230, 230, 230, 229, 250, 235, 230, 230, 230, 241, 110, 121, 314, 231, 315, 25, 209, 258],
    [233, 232, 234, 236, 255, 265, 231, 231, 231, 244, 111, 124, 230, 315, 314, 26, 210, 261],
    [231, 234, 233, 237, 256, 266, 232, 232, 232, 21, 17, 112, 431, 434, 316, 27, 211, 263],
    [234, 231, 232, 238, 257, 267, 173, 201, 229, 247, 113, 127, 432, 435, 317, 28, 212, 264],
    [232, 233, 231, 239, 258, 268, 234, 234, 234, 248, 114, 128, 433, 436, 318, 10, 10, 234],
    [235, 235, 235, 250, 229, 230, 203, 175, 242, 441, 425, 115, 319, 236, 320, 30, 214, 268],
    [238, 237, 239, 265, 231, 255, 204, 176, 245, 444, 426, 116, 235, 320, 319, 31, 215, 271],
    [236, 239, 238, 266, 232, 256, 205, 177, 247, 117, 229, 109, 441, 444, 321, 32, 216, 273],
    [239, 236, 237, 267, 233, 257, 165, 165, 238, 447, 428, 118, 442, 445, 322, 33, 217, 274],
    [237, 238, 236, 268, 234, 258, 207, 179, 249, 448, 429, 119, 443, 446, 323, 11, 11, 239],
    [242, 241, 243, 251, 251, 240, 240, 240, 240, 450, 430, 120, 175, 176, 324, 35, 219, 277],
    [240, 243, 242, 252, 252, 241, 241, 241, 241, 121, 230, 110, 325, 244, 328, 36, 220, 279],
    [243, 240, 241, 253, 253, 242, 175, 203, 235, 453, 432, 122, 326, 245, 329, 37, 221, 280],
    [241, 242, 240, 254, 254, 243, 243, 243, 243, 454, 433, 123, 327, 246, 330, 12, 12, 243],
    [245, 248, 249, 269, 259, 275, 244, 244, 244, 124, 231, 111, 241, 328, 325, 39, 223, 282],
    [249, 244, 248, 270, 260, 276, 176, 204, 236, 456, 435, 125, 242, 329, 326, 40, 224, 283],
    [247, 247, 246, 271, 261, 277, 246, 246, 246, 457, 436, 126, 243, 330, 327, 13, 13, 246],
    [246, 246, 247, 272, 262, 278, 177, 205, 237, 127, 233, 113, 453, 456, 331, 42, 226, 284],
    [244, 249, 245, 273, 263, 279, 248, 248, 248, 128, 234, 114, 454, 457, 332, 14, 14, 248],
    [248, 245, 244, 274, 264, 280, 179, 207, 239, 459, 439, 129, 455, 458, 333, 15, 15, 249],
    [250, 250, 250, 230, 235, 229, 209, 181, 257, 266, 130, 146, 334, 251, 335, 250, 250, 250],
    [253, 252, 254, 240, 240, 251, 210, 182, 260, 269, 131, 149, 250, 335, 334, 251, 251, 251],
    [251, 254, 253, 241, 241, 252, 211, 183, 262, 32, 24, 132, 461, 464, 336, 252, 252, 252],
    [254, 251, 252, 242, 242, 253, 166, 166, 253, 272, 133, 152, 462, 465, 337, 253, 253, 253],
    [252, 253, 251, 243, 243, 254, 213, 185, 264, 273, 134, 153, 463, 466, 338, 208, 24, 229],
    [257, 256, 258, 231, 265, 236, 255, 255, 255, 275, 135, 155, 181, 182, 339, 255, 255, 255],
    [255, 258, 257, 232, 266, 237, 256, 256, 256, 36, 25, 136, 340, 259, 343, 256, 256, 256],
    [258, 255, 256, 233, 267, 238, 181, 209, 250, 278, 137, 158, 341, 260, 344, 257, 257, 257],
    [256, 257, 255, 234, 268, 239, 258, 258, 258, 279, 138, 159, 342, 261, 345, 209, 25, 230],
    [260, 263, 264, 244, 275, 269, 259, 259, 259, 39, 26, 139, 256, 343, 340, 259, 259, 259],
    [264, 259, 263, 245, 276, 270, 182, 210, 251, 281, 140, 161, 257, 344, 341, 260, 260, 260],
    [262, 262, 261, 246, 277, 271, 261, 261, 261, 282, 141, 162, 258, 345, 342, 210, 26, 231],
    [261, 261, 262, 247, 278, 272, 183, 211, 252, 42, 28, 142, 473, 476, 346, 262, 262, 262],
    [259, 264, 260, 248, 279, 273, 263, 263, 263, 43, 29, 143, 474, 477, 347, 211, 27, 232],
    [263, 260, 259, 249, 280, 274, 185, 213, 254, 284, 144, 164, 475, 478, 348, 212, 28, 233],
    [267, 266, 268, 255, 236, 231, 219, 191, 276, 480, 460, 145, 186, 187, 349, 265, 265, 265],
    [265, 268, 267, 256, 237, 232, 220, 192, 278, 146, 250, 130, 350, 269, 353, 266, 266, 266],
    [268, 265, 266, 257, 238, 233, 168, 168, 267, 483, 462, 147, 351, 270, 354, 267, 267, 267],
    [266, 267, 265, 258, 239, 234, 222, 194, 280, 484, 463, 148, 352, 271, 355, 214, 30, 235],
    [270, 273, 274, 275, 244, 259, 223, 195, 281, 149, 251, 131, 266, 353, 350, 269, 269, 269],
    [274, 269, 273, 276, 245, 260, 169, 169, 270, 486, 465, 150, 267, 354, 351, 270, 270, 270],
    [272, 272, 271, 277, 246, 261, 225, 197, 283, 487, 466, 151, 268, 355, 352, 215, 31, 236],
    [271, 271, 272, 278, 247, 262, 170, 170, 272, 152, 253, 133, 483, 486, 356, 272, 272, 272],
    [269, 274, 270, 279, 248, 263, 227, 199, 284, 153, 254, 134, 484, 487, 357, 216, 32, 237],
    [273, 270, 269, 280, 249, 264, 172, 172, 274, 489, 469, 154, 485, 488, 358, 217, 33, 238],
    [276, 279, 280, 259, 269, 244, 275, 275, 275, 155, 255, 135, 192, 195, 359, 275, 275, 275],
    [280, 275, 279, 260, 270, 245, 191, 219, 265, 490, 471, 156, 193, 196, 360, 276, 276, 276],
    [278, 278, 277, 261, 271, 246, 277, 277, 277, 491, 472, 157, 194, 197, 361, 219, 35, 240],
    [277, 277, 278, 262, 272, 247, 192, 220, 266, 158, 257, 137, 362, 281, 365, 278, 278, 278],
    [275, 280, 276, 263, 273, 248, 279, 279, 279, 159, 258, 138, 363, 282, 366, 220, 36, 241],
    [279, 276, 275, 264, 274, 249, 194, 222, 268, 493, 475, 160, 364, 283, 367, 221, 37, 242],
    [283, 282, 284, 281, 281, 281, 195, 223, 269, 161, 260, 140, 278, 365, 362, 281, 281, 281],
    [281, 284, 283, 282, 282, 282, 282, 282, 282, 162, 261, 141, 279, 366, 363, 223, 39, 244],
    [284, 281, 282, 283, 283, 283, 197, 225, 271, 494, 478, 163, 280, 367, 364, 224, 40, 245],
    [282, 283, 281, 284, 284, 284, 199, 227, 273, 164, 264, 144, 493, 494, 368, 226, 42, 247],
    [285, 285, 285, 286, 293, 298, 428, 428, 285, 165, 45, 289, 371, 370, 201, 53, 297, 65],
    [286, 286, 286, 298, 285, 293, 378, 322, 290, 286, 286, 286, 376, 375, 202, 54, 302, 70],
    [287, 287, 287, 292, 292, 287, 442, 442, 287, 287, 287, 287, 288, 203, 204, 55, 306, 74],
    [290, 289, 291, 299, 294, 303, 445, 445, 288, 288, 288, 288, 204, 287, 203, 56, 309, 77],
    [288, 291, 290, 300, 295, 304, 447, 447, 289, 45, 165, 285, 384, 381, 205, 57, 311, 79],
    [291, 288, 289, 301, 296, 305, 322, 378, 286, 290, 290, 290, 385, 382, 206, 58, 312, 80],
    [289, 290, 288, 302, 297, 306, 449, 449, 291, 291, 291, 291, 386, 383, 207, 45, 52, 59],
    [292, 292, 292, 287, 287, 292, 393, 337, 296, 167, 47, 300, 391, 390, 208, 313, 338, 60],
    [293, 293, 293, 285, 298, 286, 462, 462, 293, 168, 48, 304, 294, 209, 210, 314, 342, 61],
    [296, 295, 297, 288, 303, 299, 465, 465, 294, 169, 49, 307, 210, 293, 209, 315, 345, 62],
    [294, 297, 296, 289, 304, 300, 467, 467, 295, 0, 0, 295, 399, 396, 211, 316, 347, 63],
    [297, 294, 295, 290, 305, 301, 337, 393, 292, 171, 51, 310, 400, 397, 212, 317, 348, 64],
    [295, 296, 294, 291, 306, 302, 469, 469, 297, 172, 52, 311, 401, 398, 213, 285, 65, 53],
    [298, 298, 298, 293, 286, 285, 407, 351, 305, 298, 298, 298, 299, 214, 215, 319, 352, 66],
    [301, 300, 302, 303, 288, 294, 410, 354, 308, 299, 299, 299, 215, 298, 214, 320, 355, 67],
    [299, 302, 301, 304, 289, 295, 412, 356, 310, 47, 167, 292, 409, 406, 216, 321, 357, 68],
    [302, 299, 300, 305, 290, 296, 301, 301, 301, 301, 301, 301, 410, 407, 217, 322, 358, 69],
    [300, 301, 299, 306, 291, 297, 414, 358, 312, 302, 302, 302, 411, 408, 218, 286, 70, 54],
    [305, 304, 306, 294, 299, 288, 481, 481, 303, 303, 303, 303, 169, 168, 219, 324, 361, 71],
    [303, 306, 305, 295, 300, 289, 483, 483, 304, 48, 168, 293, 307, 220, 223, 325, 363, 72],
    [306, 303, 304, 296, 301, 290, 351, 407, 298, 305, 305, 305, 308, 221, 224, 326, 364, 73],
    [304, 305, 303, 297, 302, 291, 485, 485, 306, 306, 306, 306, 309, 222, 225, 287, 74, 55],
    [308, 311, 312, 307, 307, 307, 486, 486, 307, 49, 169, 294, 223, 304, 220, 328, 366, 75],
    [312, 307, 311, 308, 308, 308, 354, 410, 299, 308, 308, 308, 224, 305, 221, 329, 367, 76],
    [310, 310, 309, 309, 309, 309, 488, 488, 309, 309, 309, 309, 225, 306, 222, 288, 77, 56],
    [309, 309, 310, 310, 310, 310, 356, 412, 300, 51, 171, 296, 421, 418, 226, 331, 368, 78],
    [307, 312, 308, 311, 311, 311, 489, 489, 311, 52, 172, 297, 422, 419, 227, 289, 79, 57],
    [311, 308, 307, 312, 312, 312, 358, 414, 302, 312, 312, 312, 423, 420, 228, 290, 80, 58],
    [313, 313, 313, 319, 314, 334, 369, 317, 373, 174, 54, 321, 426, 425, 229, 60, 292, 338],
    [314, 314, 314, 313, 334, 319, 425, 432, 370, 175, 55, 325, 315, 230, 231, 61, 293, 342],
    [317, 316, 318, 320, 339, 349, 426, 435, 371, 176, 56, 328, 231, 314, 230, 62, 294, 345],
    [315, 318, 317, 321, 340, 350, 427, 437, 372, 1, 1, 316, 434, 431, 232, 63, 295, 347],
    [318, 315, 316, 322, 341, 351, 313, 373, 369, 178, 58, 331, 435, 432, 233, 64, 296, 348],
    [316, 317, 315, 323, 342, 352, 429, 439, 374, 179, 59, 332, 436, 433, 234, 46, 46, 318],
    [319, 319, 319, 334, 313, 314, 375, 326, 382, 319, 319, 319, 320, 235, 236, 66, 298, 352],
    [322, 321, 323, 349, 315, 339, 376, 329, 385, 320, 320, 320, 236, 319, 235, 67, 299, 355],
    [320, 323, 322, 350, 316, 340, 377, 331, 387, 54, 174, 313, 444, 441, 237, 68, 300, 357],
    [323, 320, 321, 351, 317, 341, 286, 290, 378, 322, 322, 322, 445, 442, 238, 69, 301, 358],
    [321, 322, 320, 352, 318, 342, 379, 333, 389, 323, 323, 323, 446, 443, 239, 47, 47, 323],
    [326, 325, 327, 335, 335, 324, 440, 451, 380, 324, 324, 324, 176, 175, 240, 71, 303, 361],
    [324, 327, 326, 336, 336, 325, 441, 453, 381, 55, 175, 314, 328, 241, 244, 72, 304, 363],
    [327, 324, 325, 337, 337, 326, 319, 382, 375, 326, 326, 326, 329, 242, 245, 73, 305, 364],
    [325, 326, 324, 338, 338, 327, 443, 455, 383, 327, 327, 327, 330, 243, 246, 48, 48, 327],
    [329, 332, 333, 353, 343, 359, 444, 456, 384, 56, 176, 315, 244, 325, 241, 75, 307, 366],
    [333, 328, 332, 354, 344, 360, 320, 385, 376, 329, 329, 329, 245, 326, 242, 76, 308, 367],
    [331, 331, 330, 355, 345, 361, 446, 458, 386, 330, 330, 330, 246, 327, 243, 49, 49, 330],
    [330, 330, 331, 356, 346, 362, 321, 387, 377, 58, 178, 317, 456, 453, 247, 78, 310, 368],
    [328, 333, 329, 357, 347, 363, 448, 459, 388, 59, 179, 318, 457, 454, 248, 50, 50, 332],
    [332, 329, 328, 358, 348, 364, 323, 389, 379, 333, 333, 333, 458, 455, 249, 51, 51, 333],
    [334, 334, 334, 314, 319, 313, 390, 341, 397, 186, 66, 350, 335, 250, 251, 334, 334, 334],
    [337, 336, 338, 324, 324, 335, 391, 344, 400, 187, 67, 353, 251, 334, 250, 335, 335, 335],
    [335, 338, 337, 325, 325, 336, 392, 346, 402, 3, 3, 336, 464, 461, 252, 336, 336, 336],
    [338, 335, 336, 326, 326, 337, 292, 296, 393, 189, 69, 356, 465, 462, 253, 337, 337, 337],
    [336, 337, 335, 327, 327, 338, 394, 348, 404, 190, 70, 357, 466, 463, 254, 292, 60, 313],
    [341, 340, 342, 315, 349, 320, 460, 471, 395, 191, 71, 359, 182, 181, 255, 339, 339, 339],
    [339, 342, 341, 316, 350, 321, 461, 473, 396, 4, 4, 340, 343, 256, 259, 340, 340, 340],
    [342, 339, 340, 317, 351, 322, 334, 397, 390, 193, 73, 362, 344, 257, 260, 341, 341, 341],
    [340, 341, 339, 318, 352, 323, 463, 475, 398, 194, 74, 363, 345, 258, 261, 293, 61, 314],
    [344, 347, 348, 328, 359, 353, 464, 476, 399, 5, 5, 343, 259, 340, 256, 343, 343, 343],
    [348, 343, 347, 329, 360, 354, 335, 400, 391, 196, 76, 365, 260, 341, 257, 344, 344, 344],
    [346, 346, 345, 330, 361, 355, 466, 478, 401, 197, 77, 366, 261, 342, 258, 294, 62, 315],
    [345, 345, 346, 331, 362, 356, 336, 402, 392, 7, 7, 346, 476, 473, 262, 346, 346, 346],
    [343, 348, 344, 332, 363, 357, 468, 479, 403, 8, 8, 347, 477, 474, 263, 295, 63, 316],
    [347, 344, 343, 333, 364, 358, 338, 404, 394, 200, 80, 368, 478, 475, 264, 296, 64, 317],
    [351, 350, 352, 339, 320, 315, 405, 360, 416, 349, 349, 349, 187, 186, 265, 349, 349, 349],
    [349, 352, 351, 340, 321, 316, 406, 362, 418, 66, 186, 334, 353, 266, 269, 350, 350, 350],
    [352, 349, 350, 341, 322, 317, 298, 305, 407, 351, 351, 351, 354, 267, 270, 351, 351, 351],
    [350, 351, 349, 342, 323, 318, 408, 364, 420, 352, 352, 352, 355, 268, 271, 298, 66, 319],
    [354, 357, 358, 359, 328, 343, 409, 365, 421, 67, 187, 335, 269, 350, 266, 353, 353, 353],
    [358, 353, 357, 360, 329, 344, 299, 308, 410, 354, 354, 354, 270, 351, 267, 354, 354, 354],
    [356, 356, 355, 361, 330, 345, 411, 367, 423, 355, 355, 355, 271, 352, 268, 299, 67, 320],
    [355, 355, 356, 362, 331, 346, 300, 310, 412, 69, 189, 337, 486, 483, 272, 356, 356, 356],
    [353, 358, 354, 363, 332, 347, 413, 368, 424, 70, 190, 338, 487, 484, 273, 300, 68, 321],
    [357, 354, 353, 364, 333, 348, 302, 312, 414, 358, 358, 358, 488, 485, 274, 301, 69, 322],
    [360, 363, 364, 343, 353, 328, 480, 490, 415, 71, 191, 339, 195, 192, 275, 359, 359, 359],
    [364, 359, 363, 344, 354, 329, 349, 416, 405, 360, 360, 360, 196, 193, 276, 360, 360, 360],
    [362, 362, 361, 345, 355, 330, 482, 492, 417, 361, 361, 361, 197, 194, 277, 303, 71, 324],
    [361, 361, 362, 346, 356, 331, 350, 418, 406, 73, 193, 341, 365, 278, 281, 362, 362, 362],
    [359, 364, 360, 347, 357, 332, 484, 493, 419, 74, 194, 342, 366, 279, 282, 304, 72, 325],
    [363, 360, 359, 348, 358, 333, 352, 420, 408, 364, 364, 364, 367, 280, 283, 305, 73, 326],
    [367, 366, 368, 365, 365, 365, 353, 421, 409, 76, 196, 344, 281, 362, 278, 365, 365, 365],
    [365, 368, 367, 366, 366, 366, 487, 494, 422, 77, 197, 345, 282, 363, 279, 307, 75, 328],
    [368, 365, 366, 367, 367, 367, 355, 423, 411, 367, 367, 367, 283, 364, 280, 308, 76, 329],
    [366, 367, 365, 368, 368, 368, 357, 424, 413, 80, 200, 348, 494, 493, 284, 310, 78, 331],
    [369, 369, 369, 375, 370, 390, 373, 313, 317, 202, 82, 377, 369, 369, 369, 109, 394, 134],
    [370, 370, 370, 369, 390, 375, 432, 425, 314, 203, 83, 381, 285, 201, 371, 110, 398, 138],
    [373, 372, 374, 376, 395, 405, 435, 426, 315, 204, 84, 384, 201, 285, 370, 111, 401, 141],
    [371, 374, 373, 377, 396, 406, 437, 427, 316, 9, 9, 372, 372, 372, 372, 112, 403, 143],
    [374, 371, 372, 378, 397, 407, 317, 369, 313, 206, 86, 387, 373, 373, 373, 113, 404, 144],
    [372, 373, 371, 379, 398, 408, 439, 429, 318, 207, 87, 388, 374, 374, 374, 81, 93, 114],
    [375, 375, 375, 390, 369, 370, 382, 319, 326, 375, 375, 375, 286, 202, 376, 115, 408, 148],
    [378, 377, 379, 405, 371, 395, 385, 320, 329, 376, 376, 376, 202, 286, 375, 116, 411, 151],
    [376, 379, 378, 406, 372, 396, 387, 321, 331, 82, 202, 369, 377, 377, 377, 117, 413, 153],
    [379, 376, 377, 407, 373, 397, 290, 286, 322, 378, 378, 378, 378, 378, 378, 118, 414, 154],
    [377, 378, 376, 408, 374, 398, 389, 323, 333, 379, 379, 379, 379, 379, 379, 82, 98, 119],
    [382, 381, 383, 391, 391, 380, 451, 440, 324, 380, 380, 380, 165, 165, 380, 120, 417, 157],
    [380, 383, 382, 392, 392, 381, 453, 441, 325, 83, 203, 370, 289, 205, 384, 121, 419, 159],
    [383, 380, 381, 393, 393, 382, 326, 375, 319, 382, 382, 382, 290, 206, 385, 122, 420, 160],
    [381, 382, 380, 394, 394, 383, 455, 443, 327, 383, 383, 383, 291, 207, 386, 83, 102, 123],
    [385, 388, 389, 409, 399, 415, 456, 444, 328, 84, 204, 371, 205, 289, 381, 124, 422, 162],
    [389, 384, 388, 410, 400, 416, 329, 376, 320, 385, 385, 385, 206, 290, 382, 125, 423, 163],
    [387, 387, 386, 411, 401, 417, 458, 446, 330, 386, 386, 386, 207, 291, 383, 84, 105, 126],
    [386, 386, 387, 412, 402, 418, 331, 377, 321, 86, 206, 373, 387, 387, 387, 127, 424, 164],
    [384, 389, 385, 413, 403, 419, 459, 448, 332, 87, 207, 374, 388, 388, 388, 85, 107, 128],
    [388, 385, 384, 414, 404, 420, 333, 379, 323, 389, 389, 389, 389, 389, 389, 86, 108, 129],
    [390, 390, 390, 370, 375, 369, 397, 334, 341, 214, 94, 406, 292, 208, 391, 425, 463, 130],
    [393, 392, 394, 380, 380, 391, 400, 335, 344, 215, 95, 409, 208, 292, 390, 426, 466, 131],
    [391, 394, 393, 381, 381, 392, 402, 336, 346, 11, 11, 392, 392, 392, 392, 427, 468, 132],
    [394, 391, 392, 382, 382, 393, 296, 292, 337, 217, 97, 412, 393, 393, 393, 428, 469, 133],
    [392, 393, 391, 383, 383, 394, 404, 338, 348, 218, 98, 413, 394, 394, 394, 369, 134, 109],
    [397, 396, 398, 371, 405, 376, 471, 460, 339, 219, 99, 415, 166, 166, 395, 430, 472, 135],
    [395, 398, 397, 372, 406, 377, 473, 461, 340, 12, 12, 396, 295, 211, 399, 431, 474, 136],
    [398, 395, 396, 373, 407, 378, 341, 390, 334, 221, 101, 418, 296, 212, 400, 432, 475, 137],
    [396, 397, 395, 374, 408, 379, 475, 463, 342, 222, 102, 419, 297, 213, 401, 370, 138, 110],
    [400, 403, 404, 384, 415, 409, 476, 464, 343, 13, 13, 399, 211, 295, 396, 434, 477, 139],
    [404, 399, 403, 385, 416, 410, 344, 391, 335, 224, 104, 421, 212, 296, 397, 435, 478, 140],
    [402, 402, 401, 386, 417, 411, 478, 466, 345, 225, 105, 422, 213, 297, 398, 371, 141, 111],
    [401, 401, 402, 387, 418, 412, 346, 392, 336, 15, 15, 402, 402, 402, 402, 437, 479, 142],
    [399, 404, 400, 388, 419, 413, 479, 468, 347, 16, 16, 403, 403, 403, 403, 372, 143, 112],
    [403, 400, 399, 389, 420, 414, 348, 394, 338, 228, 108, 424, 404, 404, 404, 373, 144, 113],
    [407, 406, 408, 395, 376, 371, 416, 349, 360, 405, 405, 405, 167, 167, 405, 440, 482, 145],
    [405, 408, 407, 396, 377, 372, 418, 350, 362, 94, 214, 390, 300, 216, 409, 441, 484, 146],
    [408, 405, 406, 397, 378, 373, 305, 298, 351, 407, 407, 407, 301, 217, 410, 442, 485, 147],
    [406, 407, 405, 398, 379, 374, 420, 352, 364, 408, 408, 408, 302, 218, 411, 375, 148, 115],
    [410, 413, 414, 415, 384, 399, 421, 353, 365, 95, 215, 391, 216, 300, 406, 444, 487, 149],
    [414, 409, 413, 416, 385, 400, 308, 299, 354, 410, 410, 410, 217, 301, 407, 445, 488, 150],
    [412, 412, 411, 417, 386, 401, 423, 355, 367, 411, 411, 411, 218, 302, 408, 376, 151, 116],
    [411, 411, 412, 418, 387, 402, 310, 300, 356, 97, 217, 393, 412, 412, 412, 447, 489, 152],
    [409, 414, 410, 419, 388, 403, 424, 357, 368, 98, 218, 394, 413, 413, 413, 377, 153, 117],
    [413, 410, 409, 420, 389, 404, 312, 302, 358, 414, 414, 414, 414, 414, 414, 378, 154, 118],
    [416, 419, 420, 399, 409, 384, 490, 480, 359, 99, 219, 395, 170, 170, 415, 450, 491, 155],
    [420, 415, 419, 400, 410, 385, 360, 405, 349, 416, 416, 416, 171, 171, 416, 451, 492, 156],
    [418, 418, 417, 401, 411, 386, 492, 482, 361, 417, 417, 417, 172, 172, 417, 380, 157, 120],
    [417, 417, 418, 402, 412, 387, 362, 406, 350, 101, 221, 397, 310, 226, 421, 453, 493, 158],
    [415, 420, 416, 403, 413, 388, 493, 484, 363, 102, 222, 398, 311, 227, 422, 381, 159, 121],
    [419, 416, 415, 404, 414, 389, 364, 408, 352, 420, 420, 420, 312, 228, 423, 382, 160, 122],
    [423, 422, 424, 421, 421, 421, 365, 409, 353, 104, 224, 400, 226, 310, 418, 456, 494, 161],
    [421, 424, 423, 422, 422, 422, 494, 487, 366, 105, 225, 401, 227, 311, 419, 384, 162, 124],
    [424, 421, 422, 423, 423, 423, 367, 411, 355, 423, 423, 423, 228, 312, 420, 385, 163, 125],
    [422, 423, 421, 424, 424, 424, 368, 413, 357, 108, 228, 404, 424, 424, 424, 387, 164, 127],
    [425, 425, 425, 425, 425, 425, 370, 314, 432, 235, 115, 441, 313, 229, 426, 130, 390, 463],
    [428, 427, 429, 440, 430, 460, 371, 315, 435, 236, 116, 444, 229, 313, 425, 131, 391, 466],
    [426, 429, 428, 441, 431, 461, 372, 316, 437, 18, 18, 427, 427, 427, 427, 132, 392, 468],
    [429, 426, 427, 442, 432, 462, 285, 285, 428, 238, 118, 447, 428, 428, 428, 133, 393, 469],
    [427, 428, 426, 443, 433, 463, 374, 318, 439, 239, 119, 448, 429, 429, 429, 88, 88, 429],
    [432, 431, 433, 426, 460, 440, 430, 430, 430, 240, 120, 450, 173, 173, 430, 135, 395, 472],
    [430, 433, 432, 427, 461, 441, 431, 431, 431, 19, 19, 431, 316, 232, 434, 136, 396, 474],
    [433, 430, 431, 428, 462, 442, 314, 370, 425, 242, 122, 453, 317, 233, 435, 137, 397, 475],
    [431, 432, 430, 429, 463, 443, 433, 433, 433, 243, 123, 454, 318, 234, 436, 89, 89, 433],
    [435, 438, 439, 444, 470, 480, 434, 434, 434, 20, 20, 434, 232, 316, 431, 139, 399, 477],
    [439, 434, 438, 445, 471, 481, 315, 371, 426, 245, 125, 456, 233, 317, 432, 140, 400, 478],
    [437, 437, 436, 446, 472, 482, 436, 436, 436, 246, 126, 457, 234, 318, 433, 90, 90, 436],
    [436, 436, 437, 447, 473, 483, 316, 372, 427, 22, 22, 437, 437, 437, 437, 142, 402, 479],
    [434, 439, 435, 448, 474, 484, 438, 438, 438, 23, 23, 438, 438, 438, 438, 91, 91, 438],
    [438, 435, 434, 449, 475, 485, 318, 374, 429, 249, 129, 459, 439, 439, 439, 92, 92, 439],
    [442, 441, 443, 460, 426, 430, 380, 324, 451, 440, 440, 440, 174, 174, 440, 145, 405, 482],
    [440, 443, 442, 461, 427, 431, 381, 325, 453, 115, 235, 425, 321, 237, 444, 146, 406, 484],
    [443, 440, 441, 462, 428, 432, 287, 287, 442, 442, 442, 442, 322, 238, 445, 147, 407, 485],
    [441, 442, 440, 463, 429, 433, 383, 327, 455, 443, 443, 443, 323, 239, 446, 94, 94, 443],
    [445, 448, 449, 480, 434, 470, 384, 328, 456, 116, 236, 426, 237, 321, 441, 149, 409, 487],
    [449, 444, 448, 481, 435, 471, 288, 288, 445, 445, 445, 445, 238, 322, 442, 150, 410, 488],
    [447, 447, 446, 482, 436, 472, 386, 330, 458, 446, 446, 446, 239, 323, 443, 95, 95, 446],
    [446, 446, 447, 483, 437, 473, 289, 289, 447, 118, 238, 428, 447, 447, 447, 152, 412, 489],
    [444, 449, 445, 484, 438, 474, 388, 332, 459, 119, 239, 429, 448, 448, 448, 96, 96, 448],
    [448, 445, 444, 485, 439, 475, 291, 291, 449, 449, 449, 449, 449, 449, 449, 97, 97, 449],
    [451, 454, 455, 464, 464, 450, 450, 450, 450, 120, 240, 430, 177, 177, 450, 155, 415, 491],
    [455, 450, 454, 465, 465, 451, 324, 380, 440, 451, 451, 451, 178, 178, 451, 156, 416, 492],
    [453, 453, 452, 466, 466, 452, 452, 452, 452, 452, 452, 452, 179, 179, 452, 99, 99, 452],
    [452, 452, 453, 467, 467, 453, 325, 381, 441, 122, 242, 432, 331, 247, 456, 158, 418, 493],
    [450, 455, 451, 468, 468, 454, 454, 454, 454, 123, 243, 433, 332, 248, 457, 100, 100, 454],
    [454, 451, 450, 469, 469, 455, 327, 383, 443, 455, 455, 455, 333, 249, 458, 101, 101, 455],
    [458, 457, 459, 486, 476, 490, 328, 384, 444, 125, 245, 435, 247, 331, 453, 161, 421, 494],
    [456, 459, 458, 487, 477, 491, 457, 457, 457, 126, 246, 436, 248, 332, 454, 103, 103, 457],
    [459, 456, 457, 488, 478, 492, 330, 386, 446, 458, 458, 458, 249, 333, 455, 104, 104, 458],
    [457, 458, 456, 489, 479, 493, 332, 388, 448, 129, 249, 439, 459, 459, 459, 106, 106, 459],
    [462, 461, 463, 430, 440, 426, 395, 339, 471, 265, 145, 480, 180, 180, 460, 460, 460, 460],
    [460, 463, 462, 431, 441, 427, 396, 340, 473, 30, 30, 461, 336, 252, 464, 461, 461, 461],
    [463, 460, 461, 432, 442, 428, 293, 293, 462, 267, 147, 483, 337, 253, 465, 462, 462, 462],
    [461, 462, 460, 433, 443, 429, 398, 342, 475, 268, 148, 484, 338, 254, 466, 390, 130, 425],
    [465, 468, 469, 450, 450, 464, 399, 343, 476, 31, 31, 464, 252, 336, 461, 464, 464, 464],
    [469, 464, 468, 451, 451, 465, 294, 294, 465, 270, 150, 486, 253, 337, 462, 465, 465, 465],
    [467, 467, 466, 452, 452, 466, 401, 345, 478, 271, 151, 487, 254, 338, 463, 391, 131, 426],
    [466, 466, 467, 453, 453, 467, 295, 295, 467, 33, 33, 467, 467, 467, 467, 467, 467, 467],
    [464, 469, 465, 454, 454, 468, 403, 347, 479, 34, 34, 468, 468, 468, 468, 392, 132, 427],
    [468, 465, 464, 455, 455, 469, 297, 297, 469, 274, 154, 489, 469, 469, 469, 393, 133, 428],
    [471, 474, 475, 434, 480, 444, 470, 470, 470, 35, 35, 470, 183, 183, 470, 470, 470, 470],
    [475, 470, 474, 435, 481, 445, 339, 395, 460, 276, 156, 490, 184, 184, 471, 471, 471, 471],
    [473, 473, 472, 436, 482, 446, 472, 472, 472, 277, 157, 491, 185, 185, 472, 395, 135, 430],
    [472, 472, 473, 437, 483, 447, 340, 396, 461, 37, 37, 473, 346, 262, 476, 473, 473, 473],
    [470, 475, 471, 438, 484, 448, 474, 474, 474, 38, 38, 474, 347, 263, 477, 396, 136, 431],
    [474, 471, 470, 439, 485, 449, 342, 398, 463, 280, 160, 493, 348, 264, 478, 397, 137, 432],
    [478, 477, 479, 456, 490, 486, 343, 399, 464, 40, 40, 476, 262, 346, 473, 476, 476, 476],
    [476, 479, 478, 457, 491, 487, 477, 477, 477, 41, 41, 477, 263, 347, 474, 399, 139, 434],
    [479, 476, 477, 458, 492, 488, 345, 401, 466, 283, 163, 494, 264, 348, 475, 400, 140, 435],
    [477, 478, 476, 459, 493, 489, 347, 403, 468, 44, 44, 479, 479, 479, 479, 402, 142, 437],
    [481, 484, 485, 470, 444, 434, 415, 359, 490, 145, 265, 460, 188, 188, 480, 480, 480, 480],
    [485, 480, 484, 471, 445, 435, 303, 303, 481, 481, 481, 481, 189, 189, 481, 481, 481, 481],
    [483, 483, 482, 472, 446, 436, 417, 361, 492, 482, 482, 482, 190, 190, 482, 405, 145, 440],
    [482, 482, 483, 473, 447, 437, 304, 304, 483, 147, 267, 462, 356, 272, 486, 483, 483, 483],
    [480, 485, 481, 474, 448, 438, 419, 363, 493, 148, 268, 463, 357, 273, 487, 406, 146, 441],
    [484, 481, 480, 475, 449, 439, 306, 306, 485, 485, 485, 485, 358, 274, 488, 407, 147, 442],
    [488, 487, 489, 490, 456, 476, 307, 307, 486, 150, 270, 465, 272, 356, 483, 486, 486, 486],
    [486, 489, 488, 491, 457, 477, 422, 366, 494, 151, 271, 466, 273, 357, 484, 409, 149, 444],
    [489, 486, 487, 492, 458, 478, 309, 309, 488, 488, 488, 488, 274, 358, 485, 410, 150, 445],
    [487, 488, 486, 493, 459, 479, 311, 311, 489, 154, 274, 469, 489, 489, 489, 412, 152, 447],
    [492, 491, 493, 476, 486, 456, 359, 415, 480, 156, 276, 471, 198, 198, 490, 490, 490, 490],
    [490, 493, 492, 477, 487, 457, 491, 491, 491, 157, 277, 472, 199, 199, 491, 415, 155, 450],
    [493, 490, 491, 478, 488, 458, 361, 417, 482, 492, 492, 492, 200, 200, 492, 416, 156, 451],
    [491, 492, 490, 479, 489, 459, 363, 419, 484, 160, 280, 475, 368, 284, 494, 418, 158, 453],
    [494, 494, 494, 494, 494, 494, 366, 422, 487, 163, 283, 478, 284, 368, 493, 421, 161, 456],
];
